token,similar_1,cosine_1,similar_2,cosine_2,similar_3,cosine_3,similar_4,cosine_4,similar_5,cosine_5
widely,broad,0.827389,wide,0.810924,extensively,0.794259,broadened,0.778786,greatly,0.765834
workshop,workshops,0.930025,session,0.734083,training,0.725738,sessions,0.708004,making,0.700141
incident,incidents,0.873454,occurred,0.830437,accident,0.824336,occurs,0.769407,accidental,0.749906
dns,dnsjava,0.808577,domains,0.805313,domain,0.769510,jdnssec,0.705565,addresses,0.691999
periodicity,periodic,0.905999,seasonality,0.794583,frequency,0.786426,occurrence,0.768598,repeats,0.745553
rate,rates,0.897187,fee,0.810877,cost,0.727505,value,0.723328,interest,0.715076
nonetheless,regardless,0.869929,though,0.847179,despite,0.828901,although,0.813105,however,0.806821
rothermel,hummel,0.603217,beller,0.568505,dahlander,0.549808,baker,0.549068,wermelinger,0.548315
submitted,submission,0.900926,submitting,0.897481,applied,0.804844,entered,0.803631,accepted,0.791237
generalize,generalizability,0.834216,generalized,0.804577,improve,0.769957,expand,0.748758,normalize,0.748531
plugin,plugins,0.921946,plugi,0.821453,plug,0.773466,eclipseplugin,0.749094,software,0.711779
abstraction,conceptual,0.756093,abstracting,0.743103,abstract,0.732287,concepts,0.703651,visualiza,0.701808
fakesocketfactory,connectsocket,0.664588,easysslsocketfactory,0.639089,httpieredditdjango,0.590340,bot,0.582037,bots,0.579816
ers,er,0.891635,erties,0.737095,rqs,0.728992,eds,0.686983,regres,0.655121
ranking,rank,0.853624,list,0.731084,lists,0.730299,best,0.719016,comparing,0.715580
firstly,first,0.923268,second,0.801386,secondly,0.771082,beginning,0.716909,once,0.712916
california,ca,0.842552,cal,0.816475,usa,0.737296,australia,0.725958,state,0.707637
exploit,bug,0.689667,manipulation,0.668000,attempt,0.664725,fix,0.658562,moddamage,0.658152
lucene,retrieval,0.691085,databases,0.686186,nosql,0.682528,searching,0.669639,xml,0.655742
serebrenik,cok,0.609050,ser,0.606046,sdk,0.596772,detec,0.563824,sdks,0.563689
accident,incident,0.824336,accidental,0.787942,accidentally,0.739613,occurred,0.716359,incidents,0.706383
locations,stores,0.816126,destinations,0.798576,location,0.790593,areas,0.778902,where,0.775379
clonesubid,clone,0.846463,clones,0.843466,cloneid,0.830210,cloned,0.810571,clonescape,0.773642
latent,raw,0.684818,maturation,0.682123,mature,0.678772,empirical,0.677853,semantic,0.677051
scenario,scenarios,0.941552,situations,0.822440,hypothetical,0.813736,situation,0.808106,happen,0.761240
sajnani,lakhani,0.610197,asundi,0.567354,ethno,0.551511,di,0.549275,parnin,0.545514
practitioner,practitioners,0.920056,practices,0.774993,practition,0.735123,professional,0.730498,provider,0.728797
ideas,idea,0.902530,concepts,0.803075,thought,0.775067,suggests,0.772235,concept,0.755316
static,stationary,0.732431,noise,0.717243,sporadic,0.701296,blank,0.693118,steady,0.690046
uniformly,uniformity,0.859660,consistent,0.761443,equally,0.738199,reasonable,0.719785,let,0.711798
cong,congruence,0.732218,conf,0.709860,cc,0.708625,etc,0.700627,gcc,0.699445
fractional,fraction,0.831951,sublinear,0.725713,parametric,0.719738,numerator,0.709234,superlinearly,0.704345
joining,membership,0.793704,participating,0.784906,invited,0.784618,formed,0.767726,invite,0.766057
trance,dj,0.686608,convolve,0.664291,dt,0.662988,smooth,0.662245,subliminal,0.657575
particularly,specially,0.892658,especially,0.888761,specifically,0.847714,particular,0.823602,notably,0.757582
used,spent,0.790009,utilized,0.786823,borrowed,0.784777,owned,0.773442,reused,0.772936
belarus,russia,0.664023,germany,0.627072,countries,0.617763,br,0.613472,brazil,0.611244
conceptual,conceptually,0.913913,concept,0.845033,concepts,0.840251,notion,0.779325,abstraction,0.756093
baron,von,0.684734,gr,0.670456,mentary,0.659063,vladimir,0.654844,ro,0.652945
biography,person,0.721544,profiles,0.706997,author,0.667860,name,0.662031,persons,0.650466
indication,indicating,0.824942,indicate,0.797129,indicative,0.755801,specifies,0.748687,indicates,0.735508
automatic,automated,0.888880,automatically,0.870821,auto,0.834624,manually,0.801797,manual,0.779868
significantly,considerably,0.912390,notably,0.870778,greatly,0.859331,considerable,0.850683,extensively,0.799050
providing,provide,0.890014,provides,0.876374,provided,0.853948,contributing,0.796045,supporting,0.794215
sunday,weekend,0.805420,saturday,0.778471,friday,0.770293,monday,0.758273,weekly,0.753971
writing,write,0.888367,written,0.819973,words,0.756644,editing,0.747206,authored,0.740906
baxter,natalie,0.632256,oracle,0.623830,morgan,0.620773,chase,0.614830,barr,0.614641
anbalagan,ba,0.628031,gall,0.623113,xalan,0.602881,madgag,0.596493,anlys,0.592845
locs,loc,0.863860,los,0.718274,sloc,0.714871,lo,0.706897,mloc,0.700715
solitary,isolation,0.783909,confined,0.747855,standalone,0.721459,single,0.677922,survival,0.654114
explore,discover,0.904822,exploring,0.886681,explored,0.857710,exploration,0.816430,exploratory,0.805061
libreoffice,libresoft,0.781987,libre,0.735027,office,0.688419,clipboard,0.681580,foss,0.677542
se,es,0.782436,ser,0.747475,suse,0.738994,sive,0.734220,ase,0.732977
antlr,syntactic,0.706153,parsing,0.700155,syntax,0.693765,parser,0.688579,language,0.688107
lists,list,0.921329,categories,0.733411,ranking,0.730299,finds,0.726305,items,0.723130
bergman,mann,0.674070,kaufmann,0.670874,vladimir,0.665357,schwarz,0.644235,sweden,0.627163
elements,element,0.901039,components,0.751843,earth,0.727138,ele,0.726548,objects,0.722936
side,left,0.750355,siderations,0.734435,half,0.723738,horizontal,0.717662,way,0.714511
likelihood,likely,0.831639,plausible,0.815558,chance,0.806277,possible,0.806261,probability,0.789495
regarding,furthermore,0.740160,aforementioned,0.733977,involving,0.732664,whether,0.730029,related,0.728764
wise,intelligent,0.788718,meaningful,0.746465,learned,0.741826,aware,0.740795,determined,0.734516
discrete,binary,0.724474,distinct,0.702044,ditional,0.690695,fractional,0.686068,bi,0.685718
semester,semesters,0.926481,college,0.721348,university,0.719727,academic,0.709460,month,0.705702
stl,st,0.779708,sthl,0.739316,chicago,0.723394,vl,0.701541,cl,0.684548
tween,younger,0.722236,young,0.720047,age,0.707574,little,0.676471,minor,0.673467
enable,enables,0.918260,enabled,0.881320,enabling,0.835184,activate,0.796100,activating,0.774338
execution,executed,0.915712,execute,0.885359,operation,0.716528,performed,0.693908,perform,0.692322
mb,ma,0.774369,db,0.757639,mu,0.737005,binary,0.722555,micro,0.722331
summarized,summarizes,0.896065,summary,0.860245,overviews,0.751883,outlined,0.748362,describes,0.746843
routine,routines,0.953130,habits,0.770637,practices,0.757618,practice,0.735420,pattern,0.714313
pre,prior,0.774754,before,0.769644,compre,0.757939,previ,0.740213,per,0.714217
credibility,confidence,0.735993,plausible,0.722883,validity,0.718076,verify,0.715486,confident,0.712904
measure,measuring,0.898537,measures,0.898416,measurement,0.894036,measured,0.875047,measurements,0.829597
pm,im,0.751115,pms,0.738706,talk,0.732401,mail,0.732231,correspond,0.731421
quality,reliable,0.749809,precision,0.725914,goodness,0.723444,good,0.719963,essential,0.714058
adapt,adapted,0.859046,adaptive,0.822819,apply,0.759311,evolve,0.759210,implement,0.753487
firms,companies,0.869719,firm,0.857535,teams,0.704666,organizations,0.699498,company,0.690344
renaming,rename,0.932143,nomenclature,0.762887,names,0.752150,named,0.740129,changes,0.709481
xn,fn,0.775910,mon,0.733213,ng,0.711328,nu,0.706218,nm,0.705178
dagenais,france,0.646810,switzerland,0.644069,de,0.607447,dx,0.600652,groupe,0.593237
proposes,propose,0.923962,proposing,0.909398,proposed,0.901315,suggesting,0.828583,suggests,0.769799
coordinates,map,0.769221,locations,0.764783,locating,0.756657,place,0.752312,address,0.751911
estimating,estimation,0.945481,estimations,0.898917,estimates,0.877681,estimate,0.858386,estimated,0.845840
mutants,mutant,0.919001,genetics,0.688741,genetic,0.686698,evolving,0.682871,mutantkcommit,0.682169
ger,gr,0.758053,giger,0.757137,ber,0.754275,ner,0.729924,gener,0.718548
comprehension,comprehend,0.896622,comprehen,0.864550,understanding,0.826275,interpretation,0.774438,understand,0.770197
previ,pre,0.740213,var,0.713272,vi,0.687776,vue,0.660490,val,0.645510
copyrights,copyright,0.917395,copies,0.720117,authorship,0.715110,content,0.701633,documents,0.695512
application,applying,0.883873,applications,0.878927,apply,0.855828,applied,0.853886,app,0.789257
le,lo,0.797462,lez,0.773902,li,0.743070,ly,0.738657,el,0.736426
copyright,copyrights,0.917395,authorship,0.715107,copy,0.704619,content,0.697854,terms,0.689313
regardless,nonetheless,0.869929,despite,0.816401,necessarily,0.790101,accordingly,0.782123,though,0.770923
moreover,furthermore,0.903750,additionally,0.885714,also,0.810683,hence,0.810049,accordingly,0.793370
interesting,curious,0.806299,notable,0.763965,different,0.761457,interested,0.761368,unique,0.753065
constant,continuous,0.799376,consistent,0.786415,steadily,0.761593,steady,0.751761,always,0.725289
lam,lim,0.771593,ma,0.728289,lo,0.717769,lu,0.705788,pl,0.704589
krogh,krieger,0.633774,players,0.599029,gh,0.592173,attoh,0.589685,none,0.587265
fashioned,made,0.762073,formal,0.745522,constructed,0.738954,traditional,0.738023,traditionally,0.719210
sigchi,si,0.727559,sigsoft,0.717679,ic,0.685534,sigplan,0.685002,pii,0.679495
artifacts,artifact,0.908254,objects,0.772685,remains,0.727741,items,0.713915,curating,0.712845
percentage,percentages,0.941960,percentile,0.785608,half,0.755285,portion,0.739523,majority,0.721149
ties,tied,0.848371,couplings,0.726989,bound,0.726807,matching,0.722173,suited,0.719612
seeking,seek,0.908531,sought,0.906447,searching,0.875073,looking,0.825947,finding,0.812100
ramil,roy,0.671301,eral,0.635792,el,0.627969,devel,0.623020,ray,0.621861
incorporate,incorporated,0.865297,inc,0.735656,become,0.711641,established,0.702201,participate,0.695306
read,learn,0.820103,reader,0.775709,inform,0.759056,understand,0.758501,literature,0.755246
capabilities,capable,0.840898,ability,0.830803,skills,0.788256,functionalities,0.775229,functionality,0.769088
number,numbers,0.918908,num,0.787055,count,0.762790,outnumber,0.760986,numerator,0.744752
efficiency,efficient,0.936507,productivity,0.747769,effectively,0.747597,effective,0.740831,optimize,0.722682
able,capable,0.868718,ability,0.832955,enabled,0.824967,enabling,0.803553,assistive,0.787810
subtracting,subtract,0.957300,calculation,0.724701,calculate,0.721510,calculates,0.715198,addition,0.711939
broadening,broadened,0.869530,broad,0.778650,expand,0.722663,increasing,0.722485,converging,0.719626
ecosystems,ecosystem,0.929580,environments,0.810272,ecological,0.788639,nature,0.720522,environment,0.700655
behind,backward,0.732217,before,0.729813,back,0.728933,below,0.726179,under,0.716372
failure,failures,0.908336,attempt,0.784068,rejected,0.756400,tried,0.748845,error,0.745765
ways,way,0.887741,how,0.809211,methods,0.805426,approaches,0.765162,method,0.749800
format,formats,0.942142,form,0.774316,file,0.739713,content,0.735646,edition,0.728120
sobresale,used,0.671935,vendor,0.664731,re,0.658432,buy,0.657032,fse,0.647540
jesu,jesus,0.776604,je,0.729448,john,0.710628,st,0.668301,advent,0.665449
continuous,constant,0.799376,consistent,0.759632,steadily,0.757245,continues,0.742776,continuousintegration,0.735728
relies,rely,0.910239,depend,0.874819,dependency,0.831420,dependent,0.817534,depends,0.798903
despite,nonetheless,0.828901,although,0.826430,regardless,0.816401,though,0.801370,however,0.746469
intelligent,intelligence,0.828590,wise,0.788718,expert,0.767448,sophisticated,0.756019,ai,0.740041
program,programs,0.874321,course,0.780624,project,0.776863,programming,0.765358,presentation,0.749588
people,humans,0.920457,persons,0.902355,individuals,0.828645,human,0.792951,participants,0.773932
localization,localized,0.845414,locating,0.749388,language,0.702598,geocoding,0.699990,translation,0.699886
database,databases,0.848787,data,0.801638,db,0.766503,mysql,0.756084,library,0.741516
experimental,experiment,0.866142,experiments,0.847138,lab,0.728251,empirical,0.725166,demonstrated,0.717671
boxplot,plotted,0.704368,hexbinplot,0.700050,plots,0.673829,graphs,0.667712,graph,0.667468
ct,tt,0.698089,bc,0.696269,ch,0.686308,ne,0.682523,usa,0.680218
forage,foraging,0.809808,feed,0.760298,grow,0.737941,leaves,0.717033,produce,0.712303
st,stl,0.779708,sant,0.733438,san,0.705227,jesus,0.671299,jesu,0.668301
xdoc,xphere,0.683134,dx,0.673271,xml,0.671990,doi,0.668402,udc,0.663048
introducing,introduces,0.912362,introduce,0.869978,introduced,0.867393,introduction,0.804581,appearing,0.773431
duration,lifespan,0.784858,length,0.768256,time,0.747937,longer,0.727494,until,0.719989
organized,organizational,0.894873,grouped,0.723971,manage,0.719400,gathered,0.715051,gather,0.712166
opment,oper,0.771371,opers,0.753323,option,0.739188,implemen,0.728970,agement,0.725797
increases,increase,0.938394,increasing,0.898218,increased,0.882714,growth,0.764836,gain,0.728559
network,networks,0.926844,networking,0.865486,networked,0.816455,net,0.782995,connected,0.757574
find,finding,0.917883,searching,0.844101,seek,0.836019,found,0.825265,finds,0.825051
professionally,professional,0.926564,pro,0.752215,profes,0.733421,employed,0.728119,expert,0.716735
pacted,committed,0.825634,deal,0.788558,commitment,0.785795,accepted,0.767299,offered,0.744298
ser,se,0.747475,ture,0.705568,rs,0.696021,per,0.688409,sant,0.688180
functionality,functionalities,0.913486,functional,0.868512,functions,0.837095,function,0.830555,capabilities,0.769088
business,commercial,0.744674,companies,0.744233,finance,0.739399,work,0.729339,profitable,0.729121
robustness,stability,0.745087,maintainability,0.704615,accuracy,0.683466,credibility,0.683232,repeatability,0.680622
guided,guiding,0.867337,directed,0.764907,facilitated,0.760582,guide,0.739882,instruct,0.736475
resemblance,resemble,0.901815,similarity,0.885106,resembles,0.878010,similarities,0.855285,similar,0.811762
github,git,0.788359,repos,0.738069,reposi,0.720992,repository,0.717111,foss,0.713471
ultimately,inevitably,0.819547,arguably,0.786637,generally,0.784770,necessarily,0.783656,otherwise,0.779149
nier,nies,0.686678,game,0.662257,novel,0.660814,nities,0.656846,ning,0.643195
support,supported,0.827834,supporting,0.791310,help,0.785509,supportive,0.783781,service,0.748675
produce,prunes,0.731633,produces,0.727190,forage,0.712303,grow,0.697997,grown,0.696003
surprisingly,surprising,0.918743,unexpected,0.854936,unusually,0.812269,strikingly,0.757138,actually,0.741410
picking,taking,0.780741,selecting,0.777756,foraging,0.757936,selection,0.711821,take,0.708995
deviation,variation,0.751718,irregularities,0.723724,variability,0.723172,variance,0.711473,varying,0.709994
vacations,destinations,0.754338,travels,0.730713,activities,0.660286,holiday,0.652383,explore,0.641585
lozano,lopes,0.725150,gonzalez,0.678060,pagano,0.637893,players,0.626594,loc,0.626268
school,university,0.801572,classes,0.752441,programs,0.745545,college,0.744384,class,0.741397
spearman,mann,0.664104,journeyman,0.634262,zaidman,0.620275,person,0.616250,man,0.608993
referred,refer,0.870013,referring,0.863554,referenced,0.814456,applied,0.773159,addressed,0.762207
tive,sive,0.818944,ture,0.775276,vide,0.751443,itive,0.714336,tional,0.711853
invest,investments,0.836913,invested,0.831442,buy,0.777341,spend,0.774031,save,0.769640
differences,difference,0.927184,differs,0.904129,differ,0.855119,different,0.811726,comparison,0.802187
managers,manager,0.900728,management,0.871953,managing,0.805905,administrators,0.758173,managed,0.736087
conditions,situations,0.758449,problems,0.730488,situation,0.728562,status,0.720103,fixes,0.719640
knowing,know,0.841852,understanding,0.831005,knowledge,0.814106,aware,0.798665,learning,0.776409
tures,ture,0.891206,tues,0.724328,regres,0.710462,teers,0.698789,tive,0.692732
false,wrong,0.839405,true,0.794425,wrongly,0.778798,contrary,0.772880,negative,0.772667
vide,tive,0.751443,sive,0.714000,vi,0.713404,viding,0.695872,vif,0.694994
membership,joining,0.793704,members,0.756774,association,0.715990,participating,0.712838,account,0.709163
devotes,devote,0.907475,devoted,0.858883,dedicate,0.740682,committers,0.737802,committed,0.707309
weight,weights,0.914474,heavier,0.837679,weighted,0.820632,heavy,0.788683,size,0.743213
highlights,highlighting,0.762126,overviews,0.750580,positives,0.748056,summary,0.743368,features,0.739217
june,july,0.804572,jul,0.765445,may,0.761874,wed,0.758873,august,0.756887
aims,aim,0.801077,purposes,0.776875,goals,0.762764,purpose,0.750246,goal,0.750028
question,questions,0.897255,asked,0.853817,answer,0.826456,asking,0.819148,questionnaire,0.790570
normality,normal,0.873242,normalization,0.787017,normalized,0.784730,normalize,0.738256,regular,0.724822
plateau,tier,0.681532,scale,0.680483,edge,0.663788,level,0.661487,linear,0.659447
art,culture,0.745040,education,0.729696,architecture,0.720853,literature,0.717076,images,0.702736
involved,involvement,0.899323,involving,0.879928,involves,0.826584,participating,0.815897,participated,0.806209
parent,parents,0.885750,family,0.728790,own,0.696067,dominant,0.694580,him,0.694318
sections,section,0.906612,subsections,0.880386,subsection,0.828083,segments,0.759376,contents,0.751438
computed,calculated,0.799350,compute,0.791695,computes,0.773503,computationally,0.751710,calculates,0.727137
community,communities,0.834801,social,0.730285,giving,0.729099,organizations,0.722156,society,0.702078
genprog,gen,0.825036,prog,0.729393,generating,0.724183,generates,0.696750,generator,0.689629
overfitting,overfit,0.925356,overestimate,0.725353,overestimation,0.724134,regression,0.718967,svm,0.711095
iteratively,iteration,0.866292,iterate,0.862483,iterating,0.838506,incremental,0.781600,repeatedly,0.779423
construction,constructing,0.885624,building,0.837607,constructed,0.792451,build,0.782401,construct,0.777317
fits,fit,0.916582,fitting,0.880727,fitted,0.822969,suited,0.795181,size,0.787074
method,methods,0.935885,methodology,0.889313,technique,0.797547,how,0.788003,process,0.773003
preventing,prevent,0.922951,avoiding,0.794110,ensuring,0.778201,mitigate,0.756112,protection,0.739082
post,pm,0.723890,posts,0.716699,entry,0.710137,submitted,0.708581,item,0.702456
projectname,project,0.831904,projects,0.755115,name,0.729631,filename,0.714468,names,0.706537
test,tests,0.867522,testing,0.858862,tested,0.827933,check,0.762904,exam,0.743876
vein,flow,0.676504,plexus,0.663637,curve,0.659956,line,0.656559,hand,0.653891
devel,begel,0.690218,vl,0.659633,le,0.646431,develop,0.636580,de,0.627994
further,furthermore,0.818868,beyond,0.815508,more,0.801695,lastly,0.784485,additionally,0.782501
relative,relation,0.814972,relatives,0.813664,relatively,0.810335,near,0.778103,comparatively,0.750578
drivers,driving,0.776116,drove,0.736836,users,0.728960,driven,0.711221,tech,0.702244
comprehen,comprehension,0.864550,comprehend,0.852655,understanding,0.834234,understand,0.804245,interpret,0.778864
storey,level,0.712435,layered,0.698340,agement,0.685302,dimension,0.678784,levels,0.673696
works,worked,0.842679,work,0.796979,fits,0.771895,functional,0.762517,fixes,0.750190
juergens,je,0.688914,ger,0.667299,gener,0.656363,treude,0.656024,erties,0.648473
speculate,hypothesize,0.872348,guess,0.786195,think,0.776649,predict,0.767661,discuss,0.754149
predic,predicted,0.749949,anticipate,0.743462,ypredicted,0.741917,predict,0.741631,guess,0.736551
author,authors,0.870050,authored,0.791567,user,0.780998,contributors,0.760459,authorship,0.747734
corresponding,corresponds,0.896214,referring,0.848554,relating,0.833109,correspond,0.828234,matching,0.794321
working,work,0.899757,employed,0.827664,employs,0.790800,operating,0.771967,productivity,0.766876
adding,adds,0.862438,added,0.859630,add,0.721012,additions,0.717775,invited,0.711749
saves,save,0.853784,account,0.698322,choices,0.694265,accounted,0.693813,fixes,0.689189
khandakar,raja,0.561549,lakhani,0.558931,rajan,0.558489,baishakhi,0.557287,india,0.554774
precisely,exactly,0.942693,exact,0.884948,accurately,0.871853,indeed,0.839860,correct,0.828131
outer,outermost,0.839857,external,0.771854,inner,0.747973,apart,0.724430,boundary,0.700207
semantics,semantic,0.920689,notion,0.764153,lexical,0.757403,indicative,0.746479,literal,0.742579
propagated,propagation,0.761082,grown,0.757406,emerged,0.731015,cloned,0.721618,facilitated,0.716978
researchers,research,0.797196,studies,0.736669,experiments,0.732863,findings,0.723195,experts,0.714763
lastly,furthermore,0.855451,thirdly,0.847461,also,0.828612,additionally,0.825323,third,0.798290
insightful,insight,0.818603,insights,0.800680,interesting,0.736357,valuable,0.709137,understanding,0.704189
grex,dx,0.719461,ex,0.696660,gr,0.678606,plexus,0.640720,axis,0.640474
trend,trends,0.914505,pattern,0.707356,movement,0.701038,chart,0.697147,progression,0.695729
kluwer,annals,0.679350,lib,0.675082,journal,0.673814,publishers,0.671126,republish,0.660521
tracker,tracked,0.912462,tracking,0.898797,track,0.802411,tracing,0.759519,tracks,0.741285
begin,beginning,0.855992,starting,0.820005,starts,0.809299,beginnings,0.799884,proceed,0.797179
package,packages,0.936872,bundle,0.754105,product,0.747789,software,0.745086,wrapper,0.717345
inaccuracies,erroneous,0.795855,irregularities,0.784005,accuracy,0.780150,inconsistent,0.749167,incorrectly,0.745865
intercept,proxy,0.716410,interpret,0.698221,capture,0.697786,execute,0.697236,interference,0.685116
series,shows,0.758585,programs,0.733546,categories,0.724890,program,0.722347,sequence,0.720046
parseweb,parser,0.689417,parsed,0.686263,parsing,0.666203,web,0.635471,http,0.631416
refactoring,refactorings,0.978897,refactor,0.896711,programming,0.687657,coding,0.683912,java,0.654071
liwerski,sliwerski,0.799039,jablonski,0.612716,kluwer,0.591585,lincke,0.586385,lib,0.573658
due,late,0.742492,according,0.740065,spent,0.738638,been,0.737517,accounted,0.731285
proposed,proposes,0.901315,propose,0.853348,considered,0.806835,suggesting,0.805505,proposing,0.791625
identifying,identification,0.966258,identify,0.924752,distinguishing,0.915985,identified,0.876706,characterizing,0.813667
any,either,0.841599,ever,0.744617,else,0.730979,all,0.730813,available,0.722294
lead,leads,0.840438,led,0.711645,mines,0.684862,meth,0.679434,mine,0.676346
smoothens,smooths,0.940377,smoothing,0.879123,smooth,0.838967,clean,0.694752,helps,0.693773
clustered,cluster,0.883796,clusters,0.868589,clustering,0.773614,grouped,0.765534,gathered,0.730298
managed,managing,0.840618,manage,0.836279,management,0.820182,controlled,0.785569,manager,0.779538
kernel,nexus,0.711118,linux,0.707811,vector,0.688156,canonical,0.680415,core,0.675988
portion,remainder,0.803327,amount,0.802824,quantities,0.787055,amounts,0.783415,proportion,0.778779
vladimir,bogdan,0.712141,nicolas,0.705578,adrian,0.681183,von,0.678746,erik,0.678429
recognized,recognition,0.910554,recognizes,0.882882,honored,0.874711,recognize,0.804860,approved,0.797094
proxies,proxy,0.857776,mirrored,0.661678,interfaces,0.645440,clones,0.642228,intercept,0.641736
contradictory,contradicting,0.920885,conflicting,0.857014,contrary,0.818424,misunderstood,0.777520,misleading,0.774161
experiments,experiment,0.934168,experimental,0.847138,science,0.745921,testing,0.735688,studies,0.733878
decisions,decision,0.915235,deciding,0.887012,decide,0.847268,choices,0.835358,decided,0.817314
review,recommended,0.755615,critique,0.748526,evaluating,0.723567,evaluated,0.719335,recommendations,0.713335
module,modules,0.940091,mod,0.756772,package,0.706833,component,0.687890,workshop,0.680550
production,produced,0.858088,produces,0.846076,making,0.771405,industry,0.752033,makes,0.745704
topics,topic,0.884629,discussions,0.777149,issues,0.772630,content,0.749853,sections,0.741872
stages,levels,0.782378,phases,0.773135,level,0.732919,steps,0.728322,sections,0.707692
insight,insights,0.848901,insightful,0.818603,intuition,0.761067,perspective,0.742913,clarity,0.742356
significance,significant,0.870101,importance,0.826165,important,0.790410,meaningful,0.786505,implication,0.771524
body,human,0.759219,face,0.736726,fit,0.731688,matter,0.727970,whole,0.722801
successfully,successful,0.949974,success,0.885046,achieved,0.827640,correctly,0.798916,worked,0.796459
provided,provide,0.856512,provides,0.856107,providing,0.853948,given,0.837917,presented,0.808060
removal,removing,0.918666,removes,0.868522,remove,0.841012,eliminating,0.826479,removed,0.823562
weiss,schwarz,0.692387,wagner,0.666056,xii,0.653542,bi,0.648800,reiss,0.645277
collector,collected,0.782069,collection,0.774790,customer,0.681814,artifacts,0.680481,curating,0.669003
spread,share,0.738274,expand,0.730695,distributed,0.727870,distribution,0.723900,given,0.722593
zurich,switzerland,0.798896,toronto,0.677202,vienna,0.673690,seattle,0.655032,berlin,0.648848
random,randomly,0.930770,stochastic,0.773336,chance,0.761317,randomized,0.758709,arbitrary,0.755917
environments,environment,0.830036,ecosystems,0.810272,ecosystem,0.766995,nature,0.760303,areas,0.754925
magnusson,eyolfson,0.686694,jorgensen,0.652605,sweden,0.649474,erik,0.643280,dahlander,0.624316
across,wide,0.771356,through,0.760838,between,0.746800,throughout,0.736576,reaches,0.732671
operations,operation,0.915325,operating,0.889310,operate,0.835629,deployment,0.762111,organizational,0.744219
years,yrs,0.922479,year,0.846687,age,0.748627,lifespan,0.738146,milestones,0.733555
window,windows,0.876797,hinge,0.738821,office,0.693502,portal,0.692126,session,0.685256
keyboard,keys,0.809199,input,0.744475,computer,0.738098,tabbing,0.731567,backspace,0.731441
young,younger,0.876778,age,0.775786,swy,0.721033,tween,0.720047,ly,0.716461
broadened,broadening,0.869530,broad,0.806346,widely,0.778786,increased,0.759199,wide,0.753818
notion,concept,0.791264,conceptual,0.779325,concepts,0.778752,idea,0.770142,semantic,0.768226
verify,confirm,0.821949,validate,0.800672,check,0.773888,validation,0.768116,validated,0.755791
area,areas,0.904510,region,0.778673,geographically,0.736789,place,0.734978,around,0.734389
challenge,challenging,0.891551,challenges,0.887788,difficult,0.760843,attempt,0.755942,threat,0.747692
jspsource,jsp,0.793563,sourcerer,0.642805,asp,0.616534,jbosstools,0.614113,jss,0.610678
expense,costly,0.787854,costs,0.775618,spent,0.774996,spend,0.771257,fee,0.767392
twenty,june,0.706944,hundred,0.703079,jul,0.702371,ten,0.698234,age,0.693028
reinsel,redo,0.795914,fix,0.729096,repair,0.706609,repre,0.702588,undo,0.701525
name,names,0.861606,named,0.825501,projectname,0.729631,brand,0.716781,person,0.708395
tells,tell,0.882998,informing,0.757066,explains,0.751134,describes,0.742133,showed,0.733779
allows,allow,0.913855,enables,0.801182,permission,0.784019,granted,0.753362,facilitates,0.750275
wsdl,ssl,0.707926,soapmessageutil,0.660963,soap,0.658538,https,0.652288,http,0.641362
puter,put,0.732059,putting,0.703396,ber,0.690528,committer,0.689189,pinzger,0.678909
menu,categories,0.733354,category,0.716515,items,0.694737,categorized,0.694308,presentation,0.679806
tailored,fitted,0.856201,tailor,0.855651,suited,0.833431,fitting,0.813621,adapted,0.769879
urjc,udc,0.730443,ual,0.644145,icpc,0.627187,ultimate,0.620624,ucdavis,0.620153
protocols,protocol,0.936061,methods,0.732254,rfc,0.725427,documentation,0.714017,methodology,0.713810
sparse,minimal,0.769990,minimize,0.752429,seldom,0.731614,narrow,0.726940,fewer,0.711653
count,counts,0.931983,number,0.762790,numbers,0.749863,outnumber,0.745205,counter,0.721545
committed,commitment,0.909707,commit,0.854869,committer,0.826287,pacted,0.825634,devoted,0.817967
algorithms,algorithm,0.933006,computationally,0.745947,computing,0.744910,methods,0.735935,programming,0.732181
cloneid,clonesubid,0.830210,clone,0.771953,cloned,0.752629,clonetracker,0.741842,clones,0.737911
strict,strictly,0.805640,determined,0.753672,precise,0.752525,hard,0.740635,required,0.735164
coded,code,0.857972,coding,0.822560,coder,0.801698,labeled,0.748912,labelled,0.737078
conse,se,0.729356,compre,0.727967,contri,0.723224,con,0.713535,cong,0.697707
coloring,colors,0.812296,coloured,0.778839,highlighting,0.748540,illustrates,0.719052,diagrams,0.708645
ip,ie,0.715755,net,0.701176,rfc,0.696681,pp,0.695835,ic,0.691067
ba,bu,0.801808,br,0.746614,bc,0.738086,ma,0.706023,db,0.703916
predicts,prediction,0.925448,predict,0.922619,predictions,0.920931,predicting,0.916461,predicted,0.898132
wesley,travis,0.720041,marshall,0.719380,daniel,0.694590,eric,0.687529,elizabeth,0.674805
rs,rd,0.729246,br,0.719666,smr,0.704547,ro,0.700876,msr,0.696336
operating,operations,0.889310,operate,0.884704,operation,0.837514,working,0.771967,managing,0.764906
instead,alternative,0.781665,otherwise,0.772368,accordingly,0.753567,conversely,0.749801,therefore,0.748806
dashboards,dashboard,0.928559,tracker,0.701883,chart,0.684489,analytics,0.682781,metrics,0.678282
move,moving,0.895086,moved,0.885364,movement,0.871953,migrate,0.834440,push,0.779102
demo,prototype,0.768259,demonstrate,0.764277,presentation,0.749510,demonstrated,0.743261,demonstrates,0.734372
bier,bar,0.697136,bi,0.681616,ber,0.650618,koch,0.640016,bu,0.638368
centralized,centrally,0.837991,central,0.829767,decentralized,0.760584,center,0.756236,distributed,0.737325
participated,participating,0.855413,participation,0.846028,participants,0.831197,involved,0.806209,performed,0.805954
margin,margins,0.928815,boundary,0.709875,portion,0.702776,leverage,0.696835,proportion,0.690660
francalanci,li,0.612627,frank,0.597445,francisco,0.588056,lim,0.583255,linear,0.582557
fraction,fractional,0.831951,proportion,0.776053,numerator,0.762171,portion,0.746140,ratio,0.740825
collaboration,collaborating,0.967909,collaborations,0.919890,collaborative,0.919517,collaborate,0.906711,collaboratively,0.896001
foraging,forage,0.809808,exploring,0.770176,picking,0.757936,exploration,0.738231,seeking,0.728029
toke,hash,0.706002,high,0.676570,root,0.669155,meth,0.659892,leaves,0.653119
activated,activating,0.911975,activates,0.908869,activate,0.898873,activation,0.898832,initiated,0.819045
ides,ide,0.885573,ids,0.744714,di,0.680931,id,0.675641,programmers,0.660207
subtle,minimal,0.758552,subliminal,0.756366,unseen,0.746148,noticeable,0.733721,seem,0.731642
beller,galler,0.658935,ber,0.656396,zar,0.650011,ger,0.645399,gener,0.642114
parameter,parameters,0.927515,parametric,0.754187,criteria,0.692884,variable,0.691381,pro,0.686066
retrieved,retrieval,0.800315,obtained,0.799341,accessed,0.782444,extracted,0.756772,released,0.749671
filtered,filter,0.854904,filtration,0.807563,curated,0.697011,categorized,0.693873,clean,0.685797
kontogiannis,gousios,0.569034,ko,0.548162,kouters,0.540204,gittesthelper,0.536384,cok,0.535413
wermelinger,we,0.697559,sourcerer,0.678499,krieger,0.677935,pinzger,0.672315,ger,0.668359
based,basis,0.763250,base,0.748766,derived,0.729815,relies,0.725770,determined,0.723100
fitted,fitting,0.878639,suited,0.861599,tailored,0.856201,fits,0.822969,fit,0.819014
benefits,benefit,0.915621,advantages,0.861960,positives,0.790672,beneficial,0.770093,advantage,0.750987
design,designed,0.821438,architecture,0.784199,engineering,0.782085,projects,0.743311,work,0.724583
denote,indicate,0.865178,denotes,0.848112,specify,0.834391,imply,0.824169,assume,0.783859
professional,professionally,0.926564,pro,0.836414,expert,0.763190,profes,0.759351,practitioner,0.730498
defect,defects,0.941362,defective,0.796512,bug,0.786323,problem,0.756581,repair,0.744134
mann,barkmann,0.715249,mon,0.694686,ma,0.693808,human,0.684688,bergman,0.674070
ta,tt,0.798555,tant,0.795863,tation,0.774426,tr,0.740436,tal,0.737551
nal,eral,0.752425,mul,0.735175,wl,0.720639,nels,0.717943,tial,0.717700
reliable,consistent,0.814948,accurate,0.809543,valid,0.777789,good,0.761546,steady,0.760940
learned,learn,0.853219,learning,0.817683,studied,0.785557,learner,0.769051,knowledge,0.767039
needed,need,0.925627,needs,0.888212,required,0.842730,must,0.797499,provide,0.797124
cher,cheri,0.747622,queen,0.629836,her,0.629333,amor,0.621336,val,0.619008
your,you,0.919308,yourself,0.836076,theirs,0.754453,whose,0.727751,their,0.715500
ar,al,0.739187,br,0.716533,mar,0.716396,ag,0.711610,tr,0.702847
players,teams,0.784525,tackles,0.729738,stats,0.717581,people,0.715499,humans,0.714974
practices,practice,0.849849,practition,0.817133,practitioners,0.803511,practitioner,0.774993,routines,0.770271
validates,validate,0.924726,validation,0.849193,validated,0.773223,verify,0.733437,confirm,0.678716
geographically,geographic,0.895630,region,0.764698,regions,0.753399,area,0.736789,latitude,0.735902
off,out,0.813292,removed,0.772485,removal,0.765565,removing,0.760027,remove,0.752208
networks,network,0.926844,networking,0.827538,networked,0.750435,net,0.746829,communications,0.731942
generator,generating,0.852699,generates,0.807392,gen,0.729457,engine,0.698555,machine,0.691032
jiang,han,0.697501,lin,0.673440,zhang,0.653390,china,0.649928,ming,0.648503
internal,inner,0.832810,within,0.830118,external,0.742601,innermost,0.718802,contained,0.689015
auto,automatic,0.834624,autogenrated,0.786236,automated,0.730665,engine,0.711141,manual,0.702868
yahin,yactual,0.662008,tin,0.660651,young,0.645830,yu,0.643273,parnin,0.639355
copying,copy,0.932533,copied,0.906477,copies,0.888657,duplication,0.792842,clone,0.775716
corpus,lexical,0.704708,canonical,0.689709,comprehension,0.681451,semantic,0.675515,diction,0.674262
priority,prioritize,0.866200,importance,0.767937,preference,0.746825,important,0.745547,task,0.716035
elizabeth,abigail,0.773186,anne,0.720046,victoria,0.717674,queen,0.697657,christina,0.690316
reported,report,0.839832,reporting,0.813086,noted,0.756568,reports,0.745207,done,0.743458
oracle,microsoft,0.711049,database,0.706219,nexus,0.705721,db,0.703564,software,0.697400
once,one,0.801402,ones,0.744731,first,0.740675,single,0.729796,again,0.714515
scam,lies,0.707801,solicited,0.690042,erroneous,0.686673,lie,0.677875,misleading,0.674057
forums,forum,0.821283,discussions,0.775843,topics,0.726971,discussion,0.718848,blogs,0.707799
elish,ossher,0.672437,hash,0.667572,cess,0.649131,ith,0.631636,hashes,0.629828
jul,july,0.832912,june,0.765445,wed,0.710200,twenty,0.702371,mar,0.692292
induce,induced,0.896046,imply,0.744408,introduce,0.743807,facilitated,0.732712,denote,0.730955
exploratory,exploration,0.860939,exploring,0.857332,explored,0.852531,explore,0.805061,discover,0.766163
pi,pii,0.756702,infinity,0.711768,chi,0.705924,number,0.700836,numbers,0.699347
conclusions,conclusion,0.926625,concludes,0.840229,findings,0.832884,concluded,0.804593,conclude,0.803305
nov,november,0.908466,thurs,0.707045,feb,0.698651,october,0.685396,saturday,0.683655
stays,stay,0.911980,staying,0.903364,keep,0.781599,remained,0.763004,keeping,0.759598
cordy,rectly,0.659769,ly,0.659469,nity,0.644392,ually,0.642197,plugi,0.633408
fair,equal,0.719907,reasonable,0.699574,exhibit,0.689369,free,0.686829,standard,0.674138
manner,seem,0.739843,appearance,0.739451,formal,0.731307,pragmatic,0.728954,conduct,0.726704
offered,offer,0.887076,offers,0.855650,accepted,0.847543,available,0.811201,accepting,0.796992
introduction,introduces,0.821636,introducing,0.804581,beginning,0.777523,introduce,0.759834,excerpt,0.746762
ty,accepted,0.731494,sent,0.723638,cy,0.718382,done,0.709571,great,0.708702
point,points,0.861882,pinpoint,0.806422,spot,0.765547,goal,0.753290,datapoints,0.747801
success,successful,0.938390,successfully,0.885046,achieved,0.815949,outcome,0.811295,outcomes,0.784120
choose,chose,0.906336,select,0.881410,choice,0.879238,decide,0.868759,choices,0.856715
slow,slowly,0.871885,weak,0.755237,faster,0.738776,steadily,0.735257,smooth,0.726713
leaves,trees,0.769795,fall,0.729316,forage,0.717033,spring,0.703718,tree,0.698881
utils,util,0.898838,tools,0.784009,tool,0.758802,implements,0.728510,utility,0.725962
mon,mu,0.761215,fn,0.759609,ten,0.749406,regular,0.738194,binary,0.738085
extracted,extract,0.900395,extracting,0.883678,extraction,0.881770,obtained,0.768846,retrieved,0.756772
apparently,evidently,0.932775,seems,0.862537,obviously,0.788878,actually,0.770672,clearly,0.739968
noticeable,noticed,0.820660,perceived,0.791321,significantly,0.790909,significant,0.782004,detectable,0.772711
dependency,relies,0.831420,depend,0.821471,dependent,0.819883,rely,0.778063,require,0.739294
nawaiseh,alwis,0.622662,mensah,0.616599,elish,0.615293,shah,0.594809,hassan,0.579517
syst,symp,0.737024,gist,0.720448,ists,0.685109,ast,0.679669,su,0.667431
source,sources,0.899056,none,0.769808,contributed,0.763772,result,0.754229,key,0.747660
gregorio,francisco,0.718766,nicolas,0.661260,filho,0.657266,bogdan,0.656516,tio,0.656282
learn,learning,0.864212,learned,0.853219,read,0.820103,understand,0.806221,discover,0.801986
spikes,peaks,0.711606,edges,0.663140,peak,0.661939,tackle,0.653416,hash,0.642392
proneness,prone,0.842444,prevalent,0.698943,prevalence,0.683133,concentration,0.651804,risk,0.651594
han,rey,0.731155,jiang,0.697501,yu,0.695295,li,0.690176,mon,0.682604
raja,rajan,0.862342,shah,0.666839,kaiser,0.657559,crown,0.646233,baron,0.644638
shindig,party,0.732032,gathering,0.699968,weekend,0.678790,holiday,0.675883,occasion,0.675293
represent,represents,0.901333,representing,0.886210,belong,0.834456,representation,0.805485,participate,0.779918
ei,esti,0.709015,et,0.681584,fe,0.680685,ie,0.673352,pii,0.669135
caused,cause,0.897345,occurred,0.792671,causal,0.749023,blame,0.746204,occurs,0.741710
faster,quickly,0.844618,run,0.764205,slow,0.738776,milliseconds,0.733978,easier,0.731347
absence,absent,0.922643,missing,0.799185,inactive,0.788021,omission,0.758238,missed,0.741817
his,him,0.833552,he,0.824021,theirs,0.815156,her,0.779174,their,0.770411
oh,um,0.724126,upon,0.693808,there,0.692923,yes,0.676344,aforementioned,0.672839
execute,execution,0.885359,perform,0.818546,executed,0.810789,operate,0.783673,proceed,0.756069
bundle,package,0.754105,packages,0.753314,share,0.739957,sharing,0.737930,provide,0.711818
why,because,0.892673,reasons,0.858364,reason,0.806422,cause,0.779134,explanation,0.725077
task,tasks,0.925668,job,0.735664,require,0.732726,goal,0.732555,challenge,0.732353
rd,ro,0.829576,rt,0.784768,rq,0.748276,tr,0.746625,br,0.730120
contributor,contributed,0.868999,contributes,0.845989,contributing,0.816658,contribution,0.811389,contributors,0.794562
vl,cl,0.781185,wl,0.756047,ld,0.751765,lo,0.748804,pl,0.746384
cations,elements,0.721071,cisions,0.679301,element,0.660928,lead,0.654774,matter,0.649623
require,requires,0.916004,required,0.887041,requirement,0.875279,need,0.862634,must,0.849248
ning,ing,0.721017,taining,0.716952,isting,0.703932,nity,0.702186,nities,0.670420
companies,firms,0.869719,company,0.806614,business,0.744233,organizations,0.738772,stores,0.729454
directed,guided,0.764907,controlled,0.743959,driven,0.731959,direct,0.729214,direction,0.727996
drawingentry,entering,0.750010,entry,0.717263,entered,0.665699,inktank,0.658684,outlines,0.651343
layered,stratified,0.776649,nested,0.746040,stratification,0.725673,below,0.719464,stack,0.718264
vouk,cok,0.711376,votta,0.707377,ko,0.691626,kim,0.682564,socket,0.653479
attempts,attempt,0.932716,trying,0.845038,tried,0.821877,efforts,0.797809,try,0.772879
too,than,0.758244,already,0.754959,there,0.747513,again,0.743481,also,0.743322
manage,managing,0.901656,managed,0.836279,management,0.809733,maintain,0.806969,manager,0.782618
entities,objects,0.756228,instances,0.727746,identities,0.713199,persons,0.711231,individuals,0.703501
tribution,tributions,0.949663,citation,0.722400,authorship,0.689853,tributors,0.688217,referring,0.687091
criterion,criteria,0.854212,selection,0.722370,specifi,0.693761,category,0.692717,selecting,0.686607
mcis,mis,0.723947,ids,0.692359,ins,0.683724,medi,0.674205,ums,0.657587
accept,accepting,0.926984,accepted,0.892505,gladly,0.812849,confirm,0.809283,prefer,0.804846
feature,features,0.903704,concept,0.728425,topic,0.697251,review,0.693289,highlights,0.685583
isolution,transformations,0.679856,transformation,0.679133,mation,0.674856,continuousintegration,0.672487,derives,0.670475
curate,curated,0.723188,facilitate,0.679450,handle,0.675901,canonical,0.675780,documen,0.672642
loop,loops,0.926813,cyclic,0.751866,iteration,0.738390,repeat,0.725457,circle,0.721154
stats,statistics,0.897629,data,0.788085,statistical,0.787424,statistically,0.754056,metrics,0.747916
ile,ie,0.713172,le,0.701698,et,0.680186,ne,0.679585,elementary,0.667873
among,between,0.781865,throughout,0.755056,there,0.745114,encountered,0.744604,below,0.738812
course,program,0.780624,classes,0.743259,school,0.731091,university,0.727996,presentation,0.723971
ng,nm,0.754242,nu,0.715569,xn,0.711328,lang,0.703111,gen,0.699407
treude,juergens,0.656024,de,0.638170,ture,0.636082,kouters,0.623602,je,0.622544
pavement,outside,0.713194,ground,0.685712,stride,0.681949,layered,0.648883,avenues,0.646368
force,push,0.766109,strong,0.742423,leverage,0.713318,rigor,0.711619,power,0.711164
coefficient,factor,0.705989,contribution,0.678938,points,0.676974,rate,0.676747,numerator,0.675236
ontario,canada,0.764736,toronto,0.740241,kingston,0.695607,ny,0.661065,cleveland,0.635209
zooming,zoom,0.902101,focusing,0.739740,looking,0.733212,exploring,0.726273,visualization,0.704402
deployment,operations,0.762111,operation,0.757753,setup,0.730706,implementation,0.718395,distributed,0.714778
built,constructed,0.864283,made,0.836722,build,0.836699,builds,0.791717,constructing,0.780913
repository,reposi,0.891297,repositories,0.862208,repos,0.814723,git,0.727183,github,0.717111
equally,equal,0.924771,alike,0.828582,equals,0.827872,identically,0.819431,identical,0.796602
precision,precise,0.879881,accuracy,0.829909,repeatability,0.789206,quality,0.725914,rigor,0.708922
inconsistent,consistent,0.791770,uneven,0.759986,contradictory,0.756110,conflicting,0.754572,varying,0.752802
residual,remainder,0.712435,reinsel,0.678843,remaining,0.676864,repre,0.674552,borrowed,0.673220
managing,manage,0.901656,management,0.896819,managed,0.840618,manager,0.814331,managers,0.805905
fidelity,credibility,0.699228,quality,0.690860,commitment,0.685831,rely,0.683827,accuracy,0.683270
fielding,tackle,0.694915,players,0.665377,fields,0.657001,ball,0.653271,stubs,0.648707
performances,performing,0.887926,performance,0.857730,performs,0.821590,performed,0.782527,perform,0.765131
ecl,vl,0.733468,intl,0.717565,eral,0.711555,oopl,0.709822,pl,0.686849
makes,make,0.880916,made,0.856599,making,0.844153,produces,0.803038,produced,0.758832
ngo,organizations,0.733570,org,0.716664,un,0.694236,aid,0.692797,cooperation,0.681766
sailhome,sail,0.824434,house,0.633253,homesnap,0.628713,sea,0.616859,hosting,0.595450
mitters,handles,0.677576,mitigated,0.658212,implements,0.645402,mitigate,0.643262,fitting,0.638484
dam,block,0.653130,construction,0.651458,upstream,0.649626,filter,0.648479,flow,0.646710
plugins,plugin,0.921946,plugi,0.782084,tools,0.756178,software,0.747397,plug,0.724809
epidemiology,disease,0.757858,statistics,0.712407,research,0.695052,science,0.694141,econometrics,0.685335
revolutionary,revolutionized,0.828522,drastic,0.737787,innovation,0.708987,different,0.707608,unique,0.699019
step,steps,0.922808,stride,0.754473,movement,0.728944,move,0.727699,proceed,0.715578
traditionally,traditional,0.915345,typically,0.777986,generally,0.739604,usually,0.735410,commonly,0.723692
okine,okano,0.726088,sive,0.659026,line,0.644118,mine,0.636527,tive,0.636097
evolve,evolves,0.904912,evolving,0.902243,evolution,0.812684,become,0.781011,adapt,0.759210
implementing,implementation,0.937713,implement,0.915745,implemented,0.904956,implements,0.798027,effective,0.745735
effort,efforts,0.860380,attempt,0.800234,attempts,0.758260,gain,0.738937,expense,0.736268
india,australia,0.742612,brazil,0.725975,countries,0.720510,china,0.720113,usa,0.715863
forks,fork,0.915124,forking,0.853673,forked,0.850416,branches,0.664445,chunks,0.662939
influenced,influence,0.849644,influences,0.841617,contributed,0.739063,affects,0.717521,gained,0.714160
borrowed,borrow,0.891715,borrowing,0.839924,used,0.784777,adopted,0.759313,spent,0.758994
show,showing,0.884348,showed,0.848064,shown,0.847392,see,0.820236,demonstrates,0.791277
eral,nal,0.752425,ecl,0.711555,eralization,0.684562,pl,0.676750,el,0.674975
additions,adds,0.846800,addition,0.841864,add,0.821968,additional,0.800332,enhancements,0.790583
naive,simple,0.713078,soft,0.695913,trivial,0.692264,simplified,0.689304,poor,0.687566
diagrams,graphs,0.828983,visualizations,0.778628,illustrates,0.766885,graph,0.759056,visualization,0.743442
dif,dit,0.821812,di,0.775939,dis,0.762790,ditional,0.719136,vif,0.706172
versioning,versions,0.814200,version,0.806310,revisions,0.695929,evolving,0.692322,subversion,0.692173
calling,calls,0.886156,call,0.858784,called,0.827590,bell,0.770858,asking,0.726154
scattered,disjoint,0.742309,uneven,0.737172,fragments,0.722445,spread,0.711951,sporadic,0.710459
acknowledgments,recognized,0.764051,recognition,0.756877,honored,0.727942,recognizes,0.721610,references,0.709858
nicolas,vladimir,0.705578,fernandez,0.692621,damian,0.687796,carlos,0.677919,stevens,0.669518
seen,see,0.842042,appeared,0.821544,unseen,0.816401,shown,0.814804,encountered,0.810401
teresting,esting,0.793759,faulring,0.751996,having,0.749871,using,0.746941,providing,0.745534
stars,star,0.872751,starred,0.850741,sky,0.701350,sun,0.693419,models,0.685291
advent,jesus,0.706576,presents,0.681782,holiday,0.671437,santa,0.668165,fall,0.666439
respondents,questionnaire,0.805686,survey,0.802757,surveys,0.781117,respondent,0.777015,surveyed,0.744054
translates,translating,0.916262,translator,0.893149,translation,0.892383,interpret,0.776267,interpretation,0.755995
request,requests,0.922493,want,0.813882,wanted,0.788514,ask,0.785812,suggest,0.767009
likely,potentially,0.866482,possible,0.864949,plausible,0.851167,perhaps,0.842218,likelihood,0.831639
socket,plug,0.781602,tool,0.745578,connectsocket,0.715086,port,0.692074,ring,0.691764
ponent,posnett,0.727538,pro,0.657219,prog,0.644240,plete,0.643231,tional,0.638357
fewer,less,0.897346,few,0.821780,smaller,0.815531,reduced,0.808000,shorter,0.771230
proportion,ratio,0.816292,portion,0.778779,fraction,0.776053,ratios,0.766992,measure,0.718679
evolving,evolves,0.908324,evolve,0.902243,evolution,0.840138,emerging,0.771742,becoming,0.745096
bit,part,0.725271,tool,0.713872,binary,0.707908,mb,0.702516,cut,0.701177
koschke,ko,0.643788,latke,0.631037,lincke,0.630301,koch,0.627923,riehle,0.623132
said,stated,0.834566,did,0.768439,believed,0.766128,given,0.750010,implied,0.737753
threatened,threat,0.857338,threats,0.846301,concerned,0.738482,worrying,0.721342,challenge,0.699099
examples,example,0.930725,samples,0.820924,sample,0.757612,instances,0.741037,images,0.740668
empty,nothing,0.831287,blank,0.801899,lack,0.727843,null,0.724993,broken,0.721576
location,locations,0.790593,directions,0.753923,place,0.752899,map,0.746414,where,0.739065
developing,development,0.912047,develop,0.898005,developed,0.831329,developer,0.802237,developers,0.788797
idegawe,idega,0.779187,je,0.648363,ide,0.624989,stolee,0.609973,okine,0.606334
subject,topic,0.815835,topics,0.732429,person,0.723855,respondent,0.723064,object,0.716529
hard,harder,0.897179,difficult,0.835656,challenging,0.785192,heavy,0.770213,strict,0.740635
subsequently,previously,0.824764,later,0.817788,afterwards,0.813237,furthermore,0.810121,thus,0.809576
minimal,less,0.823390,minimum,0.816164,minimize,0.795992,small,0.778871,tiny,0.776248
decreases,decrease,0.884595,reduced,0.786227,reduction,0.757406,decline,0.754356,fewer,0.753790
try,tried,0.867662,attempt,0.836278,trying,0.805414,play,0.792076,seek,0.789374
already,existing,0.769356,ready,0.759228,too,0.754959,now,0.752648,easily,0.745250
fe,fea,0.838423,ele,0.745931,es,0.715932,fu,0.715408,element,0.713350
depicts,depicted,0.879933,illustrates,0.853358,illustrated,0.811469,graphic,0.807479,shown,0.806559
tiny,small,0.920143,smaller,0.836452,little,0.835650,micro,0.789691,minimal,0.776248
sinha,ghosh,0.624778,ha,0.615995,singh,0.591754,key,0.584676,hyderabad,0.581278
norwell,nor,0.651981,hirtle,0.590852,nal,0.581049,hp,0.579802,shepperd,0.568059
custom,personalized,0.769934,tailored,0.752783,designed,0.744977,modifications,0.730343,special,0.723763
dress,suit,0.779851,suited,0.776172,tailor,0.746088,formal,0.743167,fits,0.739065
forecasting,forecast,0.850687,predicting,0.848129,forecasted,0.842767,prediction,0.832815,predicts,0.782384
collection,collected,0.779830,collector,0.774790,items,0.763688,sets,0.752027,objects,0.748901
posnett,ponent,0.727538,ponzanelli,0.609132,ring,0.587547,lo,0.586203,los,0.584723
brazil,australia,0.754321,india,0.725975,usa,0.707191,countries,0.699960,germany,0.692292
galler,gall,0.762941,giger,0.762373,ger,0.714037,pinzger,0.668199,beller,0.658935
committers,committer,0.905911,commits,0.823779,committed,0.796677,commit,0.785602,commitment,0.756728
defaults,exceptions,0.689366,users,0.685296,null,0.682943,assumed,0.682936,errors,0.681182
relay,train,0.668215,match,0.667197,chase,0.664510,remote,0.647597,aid,0.647585
extended,extend,0.844162,longer,0.820684,extension,0.807537,extensions,0.802065,continued,0.784871
independent,independently,0.876182,standalone,0.773029,individ,0.736607,dependent,0.706231,individual,0.703219
germany,berlin,0.733855,france,0.733430,austria,0.726624,australia,0.719353,countries,0.717678
defective,defect,0.796512,defects,0.775340,broken,0.753613,returned,0.690810,inconsistent,0.689138
effects,affects,0.931236,effect,0.904641,impacts,0.871304,affect,0.845898,consequences,0.819278
remainder,portion,0.803327,remaining,0.760381,consisting,0.739186,less,0.730860,fraction,0.724095
given,provided,0.837917,chose,0.797875,assigned,0.793666,take,0.785987,presented,0.782362
gathered,gather,0.910509,gathering,0.882634,collected,0.813666,grouped,0.808749,combine,0.796204
observe,observation,0.887014,observed,0.842964,investigate,0.809292,observations,0.789061,examine,0.786787
spatial,geographic,0.796419,geographically,0.735735,dimension,0.730675,dimensional,0.726162,mapping,0.721787
using,usage,0.923937,use,0.906825,utilized,0.860440,uses,0.859595,utilize,0.846072
less,fewer,0.897346,least,0.827923,minimal,0.823390,reduced,0.818422,shorter,0.803020
lin,li,0.822452,lim,0.790865,yoon,0.728769,lu,0.725558,chan,0.720596
am,im,0.771392,hour,0.734009,daily,0.726479,pm,0.726401,time,0.711609
util,utils,0.898838,implemen,0.745642,utility,0.741652,derives,0.722534,tool,0.716143
fisher,players,0.629879,stevens,0.625018,marshall,0.624796,murphy,0.623477,hunt,0.618031
leverage,leveraged,0.839274,leveraging,0.745983,force,0.713318,gain,0.700008,margin,0.696835
allocated,allocation,0.917290,assigned,0.837562,assigns,0.792478,placed,0.776396,assign,0.769618
consider,considers,0.932257,considering,0.882903,considered,0.867445,consideration,0.852387,considerations,0.816664
django,python,0.694257,apache,0.661061,httpieredditdjango,0.656013,model,0.638088,html,0.628733
provider,providers,0.914812,host,0.737460,vendor,0.730294,practitioner,0.728797,provides,0.711488
posts,blogs,0.790698,post,0.716699,blog,0.708339,tags,0.680074,forums,0.673374
buggy,bug,0.800873,bugginess,0.776275,bugs,0.772171,auto,0.674381,veloper,0.670019
timestamp,time,0.758538,timespan,0.742753,timespans,0.718107,data,0.709547,date,0.701576
dit,dif,0.821812,di,0.797085,ditional,0.787537,dis,0.783106,ment,0.744817
tier,par,0.751211,level,0.738853,categorized,0.713565,rank,0.706899,layered,0.697837
hence,therefore,0.933874,thus,0.876298,accordingly,0.842038,moreover,0.810049,subsequently,0.783305
labelled,labeled,0.972869,labels,0.865416,marked,0.809755,tagged,0.758459,indicating,0.757225
size,sizes,0.899474,measurements,0.805957,dimensions,0.791381,length,0.790878,fits,0.787074
produced,production,0.858088,made,0.857105,produces,0.842729,making,0.782665,developed,0.765468
rately,ually,0.716711,ditionally,0.703345,rate,0.701604,ly,0.699024,like,0.697458
demonstrated,demonstrates,0.889580,demonstrate,0.871908,presented,0.830279,shown,0.817097,showed,0.814901
globally,global,0.947267,international,0.784142,world,0.736582,worlds,0.735757,widely,0.721830
system,systems,0.936306,setup,0.726195,computer,0.715547,components,0.713541,works,0.710216
vibha,vif,0.720072,vi,0.697871,br,0.615648,ba,0.604187,viding,0.599939
scientific,science,0.847796,sciences,0.793398,sciencedirect,0.754847,academic,0.751551,technical,0.743547
real,actual,0.846063,realistic,0.830084,natural,0.757997,valid,0.740968,el,0.735817
vmware,saas,0.689488,virtual,0.641734,servers,0.632583,microsoft,0.632582,technology,0.630238
weekend,saturday,0.878696,sunday,0.805420,friday,0.799118,weekly,0.774379,fridays,0.773074
infer,inferring,0.928283,inference,0.842232,assume,0.812401,imply,0.770867,deduce,0.768886
collinearity,clustering,0.719809,disparity,0.695787,multivariate,0.693012,correlation,0.686232,asymmetry,0.677401
relation,relationship,0.831047,relative,0.814972,relating,0.795182,relatives,0.750531,connection,0.750356
commit,commits,0.868611,committed,0.854869,commitment,0.844824,committer,0.834608,corekcommit,0.803780
maffulli,baldi,0.623016,ponzanelli,0.617322,capiluppi,0.603280,asundi,0.588255,scacchi,0.586203
refactorings,refactoring,0.978897,refactor,0.885470,programming,0.675804,coding,0.668120,plugins,0.652321
than,too,0.758244,longer,0.739558,more,0.738815,ment,0.736181,larger,0.734709
prior,pre,0.774754,previous,0.763578,before,0.755827,previously,0.743885,earlier,0.713043
xie,xi,0.800255,se,0.702064,xphere,0.695617,ele,0.694630,xuan,0.686009
concluded,concludes,0.936628,conclude,0.888321,conclusion,0.872114,completed,0.853856,conclusions,0.804593
examined,examines,0.930087,examining,0.902858,examine,0.896342,investigated,0.880652,inspected,0.852058
accordingly,thus,0.863766,therefore,0.857536,hence,0.842038,according,0.811498,sufficiently,0.806767
plots,plotted,0.862094,plot,0.859302,graphs,0.736452,figures,0.736213,patterns,0.734135
applying,apply,0.914083,applied,0.897168,application,0.883873,submitting,0.779834,applications,0.776141
actionbassharlock,actionbarsherlock,0.795303,action,0.750210,actionbarsherloc,0.748545,actions,0.702454,activating,0.682663
march,spring,0.721773,month,0.715393,august,0.705414,october,0.701198,feb,0.700519
carried,carry,0.886072,carrying,0.864648,driven,0.746799,provided,0.744562,given,0.740274
latitude,longitude,0.769387,coordinates,0.748124,geographic,0.738308,geographically,0.735902,destination,0.688509
travistorrent,ghtorrent,0.762292,travis,0.722168,uploading,0.652137,sasloutputstream,0.647929,reposi,0.640254
four,three,0.806505,five,0.798510,six,0.765568,multiple,0.753758,several,0.743714
suited,suit,0.869142,fitted,0.861599,tailored,0.833431,fitting,0.829827,tailor,0.820404
presents,presented,0.768319,gives,0.756986,occasion,0.744423,giving,0.734557,present,0.733485
ethno,ethnographic,0.804140,traditional,0.679557,human,0.675730,natural,0.673651,et,0.668972
society,social,0.784467,socially,0.781405,sociological,0.718828,law,0.716422,culture,0.705371
recognition,recognized,0.910554,honored,0.847506,recognizes,0.842336,recognize,0.808376,acknowledgments,0.756877
excerpt,introduction,0.746762,summary,0.711249,beginning,0.675005,conclusion,0.672862,text,0.669453
css,html,0.766723,web,0.724127,javascript,0.721545,webkit,0.720780,design,0.718574
interview,questionnaire,0.751289,questions,0.738808,asked,0.718560,talking,0.716016,asking,0.713196
worst,bad,0.815422,ugly,0.759665,gross,0.751531,least,0.748167,best,0.745453
assistive,able,0.787810,enabling,0.777448,inclusion,0.745786,facilitates,0.734749,assistant,0.732500
nec,nu,0.749053,ne,0.709238,ner,0.682456,npdu,0.678670,lan,0.671240
bitergia,spikes,0.576721,andrea,0.572918,click,0.568343,zingrone,0.567546,scratch,0.560057
included,includes,0.924755,include,0.888734,including,0.882824,provided,0.785348,comprises,0.771273
puts,put,0.761942,investments,0.738454,shares,0.735116,putting,0.730090,invested,0.714643
forking,forked,0.902878,fork,0.878875,forks,0.853673,forkedkrepository,0.735895,branching,0.722558
hcc,src,0.636573,human,0.627177,ch,0.624194,ha,0.621625,ob,0.613892
depend,rely,0.906853,relies,0.874819,depends,0.854481,dependent,0.827915,dependency,0.821471
economic,economics,0.851700,economical,0.823737,business,0.700077,econometrics,0.691298,profitable,0.673889
examining,examines,0.936188,examine,0.910891,examined,0.902858,investigating,0.856104,assessing,0.824757
queries,query,0.837730,questions,0.829127,searches,0.774968,question,0.756985,asking,0.723228
baishakhi,lakhani,0.597397,vibha,0.564445,khandakar,0.557287,shah,0.551553,gharehyazie,0.544640
clusters,cluster,0.952526,clustered,0.868589,clustering,0.846733,communities,0.749352,modelclusterer,0.730723
research,researchers,0.797196,studies,0.762181,findings,0.755660,study,0.742545,sciences,0.733255
quevedo,quently,0.661428,dizquierdo,0.655370,izquierdo,0.654025,ceived,0.641958,gonza,0.625270
want,wanted,0.918288,wish,0.829722,need,0.823227,get,0.821471,sought,0.818325
mani,sentmani,0.707553,sage,0.642793,mats,0.641762,shang,0.640417,ma,0.639892
ideology,statist,0.686320,conservative,0.681105,society,0.680462,values,0.673676,principles,0.663318
plot,plots,0.859302,plotted,0.823765,novel,0.712440,scenario,0.697590,pattern,0.695898
history,story,0.719925,historical,0.709731,past,0.700123,introduction,0.676707,overview,0.676470
pattern,patterns,0.943575,routine,0.714313,dress,0.714151,routines,0.709031,trend,0.707356
applications,application,0.878927,uses,0.782822,applying,0.776141,applied,0.755707,software,0.754532
mirrored,symmetric,0.722013,reflect,0.720048,reverse,0.709967,asymmetry,0.706140,contrast,0.705890
three,third,0.863847,four,0.806505,iii,0.791867,multiple,0.766419,two,0.760715
curve,curves,0.942152,shape,0.806164,splines,0.746902,circle,0.732991,graph,0.711114
noticed,noticeable,0.820660,noted,0.812352,appeared,0.800503,mentioned,0.799050,detected,0.794062
skew,skewed,0.886808,asymmetry,0.725362,offset,0.689697,uneven,0.687485,curve,0.682034
reconstructing,constructing,0.788865,redo,0.766763,construct,0.747872,reusing,0.716730,fixing,0.716470
menzies,australia,0.682541,mensah,0.649718,mands,0.637316,mance,0.625737,mentation,0.623798
guide,guiding,0.782311,recommended,0.772379,explore,0.758468,guided,0.739882,useful,0.734371
interaction,interacting,0.940454,interactions,0.925229,interact,0.889646,encounter,0.781204,involving,0.749629
esting,isting,0.838750,teresting,0.793759,ing,0.786524,viding,0.762873,faulring,0.740580
practition,practices,0.817133,practice,0.756747,practical,0.753895,strategies,0.748073,strategy,0.738979
activation,activating,0.932254,activates,0.902655,activated,0.898832,activate,0.884129,initiated,0.770103
initial,original,0.727242,id,0.725823,signature,0.713746,initiation,0.713011,first,0.703536
mines,mine,0.937052,mining,0.857926,mined,0.820535,lead,0.684862,dumps,0.672572
drove,driven,0.922168,driving,0.820061,traced,0.746656,drivers,0.736836,conducted,0.733198
experts,expert,0.895791,expertise,0.845499,profes,0.791747,practitioners,0.779548,authors,0.735392
actionbarsherloc,actionbarsherlock,0.854365,actionbassharlock,0.748545,libcyrussasl,0.600797,localkbranch,0.600092,jbosstools,0.580328
bear,bull,0.744003,cal,0.670533,fox,0.663877,big,0.663637,ball,0.659488
patches,fixes,0.751645,fix,0.714410,bugs,0.713965,fixing,0.705073,fixed,0.692883
mod,moddamage,0.818764,module,0.756772,modification,0.740477,modify,0.734715,modified,0.731284
ual,ually,0.781007,united,0.747496,mul,0.742687,nal,0.689906,ultimate,0.689565
late,missed,0.792732,later,0.775555,earlier,0.759446,due,0.742492,absent,0.732366
increasing,increase,0.939628,increases,0.898218,increased,0.890764,growth,0.830958,growing,0.803524
forked,forking,0.902878,fork,0.896789,forks,0.850416,forkedkrepository,0.755538,ceived,0.689849
best,most,0.794123,greatest,0.782964,better,0.762253,optimal,0.755937,worst,0.745453
superlinearly,sublinear,0.823848,linearly,0.801512,super,0.727254,logically,0.705342,mathematically,0.704793
initiation,initiated,0.796047,entering,0.770775,invitation,0.755801,emergence,0.752691,activation,0.750109
specify,specifies,0.912170,denote,0.834391,indicate,0.815939,provide,0.763050,specific,0.762094
circle,ring,0.748453,shape,0.733091,curve,0.732991,cyclic,0.732416,around,0.729318
invitation,invite,0.904909,invited,0.856555,solicited,0.762866,propose,0.757503,come,0.756442
email,mail,0.894046,mails,0.842664,mailing,0.795676,correspond,0.724106,pm,0.705060
forecast,forecasted,0.853424,forecasting,0.850687,prediction,0.786839,predictions,0.764407,predict,0.763021
investments,invest,0.836913,invested,0.835034,shares,0.761528,puts,0.738454,finance,0.729701
mainstream,standard,0.735480,popular,0.728508,broad,0.713145,widely,0.697911,traditional,0.696035
generating,generates,0.908237,generator,0.852699,creating,0.785381,resulting,0.740614,gen,0.738207
entering,entered,0.856671,opening,0.825797,entry,0.811019,into,0.806385,coming,0.797972
lincke,latke,0.659681,lin,0.640373,linstead,0.637161,koschke,0.630301,pk,0.625608
jstatsoft,stats,0.695205,jbosstools,0.679623,java,0.677653,statistics,0.676832,statistical,0.670780
explain,explanation,0.885339,explains,0.873105,explained,0.864017,understand,0.827703,elaborate,0.809028
afp,fp,0.716051,australia,0.659704,country,0.643016,pr,0.638621,far,0.630286
previously,previous,0.901155,subsequently,0.824764,past,0.792087,former,0.786751,before,0.785434
con,against,0.798888,opposed,0.784899,argument,0.744220,contrary,0.742596,contradicting,0.741045
habits,routines,0.792373,routine,0.770637,practices,0.759119,behavior,0.756825,behaviour,0.731783
graphic,graphically,0.841965,visual,0.807695,depicts,0.807479,illustrates,0.791965,illustrated,0.781777
modification,modifications,0.962399,modified,0.913016,modify,0.911993,revisions,0.757135,mod,0.740477
smooth,smooths,0.899104,smoothens,0.838967,smoothing,0.820282,steady,0.808377,clean,0.774535
terpenning,teresting,0.694821,isting,0.662842,ing,0.657836,ternational,0.649629,faulring,0.647058
model,models,0.895554,modelling,0.874539,modeling,0.872673,submodel,0.784577,figure,0.759226
overflow,over,0.749509,flow,0.745989,stackoverflow,0.704124,saturates,0.695097,expand,0.683464
solid,steady,0.785205,strong,0.778914,valid,0.771810,smooth,0.745804,substantial,0.739492
plexus,vein,0.663637,grex,0.640720,efferent,0.618003,ex,0.597846,eds,0.595221
exist,exists,0.906743,existance,0.899916,existence,0.887782,existing,0.877180,create,0.775697
extent,extension,0.799621,extensions,0.772045,extended,0.765509,extensive,0.752579,exceeding,0.734520
meeting,gathering,0.798957,session,0.765108,conference,0.759039,discussions,0.746527,discussion,0.743977
peo,tio,0.688065,io,0.682645,ple,0.682625,lo,0.668766,operations,0.662007
professor,academic,0.749928,profes,0.737887,expert,0.735705,lectures,0.702747,university,0.697419
logistic,operations,0.706231,supply,0.667188,organizational,0.661254,sourcing,0.659720,insourcing,0.654315
survival,lifespan,0.684154,protection,0.683691,viability,0.674200,environments,0.668330,scenario,0.666683
counterparts,corresponds,0.732076,respective,0.723696,corresponding,0.719205,resemblance,0.697693,collaborations,0.694486
jorgensen,dahlander,0.657294,magnusson,0.652605,riehle,0.630863,erik,0.626701,von,0.620272
thought,think,0.896661,pensated,0.852644,idea,0.803905,ideas,0.775067,notion,0.763726
undo,reverse,0.759865,redo,0.759748,invalidate,0.745103,accidentally,0.740184,mistakenly,0.727230
yes,certainly,0.879702,indeed,0.869551,sure,0.865070,correct,0.806785,exactly,0.781124
decide,deciding,0.910778,choose,0.868759,decisions,0.847268,determine,0.837940,decision,0.825506
corresponds,corresponding,0.896214,equivalent,0.840144,correspond,0.813543,identically,0.795677,represents,0.790007
throughout,entire,0.790281,within,0.774068,along,0.764643,widely,0.764613,through,0.763298
classes,class,0.849753,lessons,0.795191,programs,0.757294,school,0.752441,activities,0.751554
duplicated,duplicate,0.925156,duplicates,0.908251,duplication,0.891817,duplications,0.865649,cloned,0.844541
empirical,empirically,0.889723,experimental,0.725166,findings,0.718237,quantitative,0.708387,perceived,0.698273
standard,standards,0.868041,regular,0.788177,traditional,0.782617,normal,0.767452,mainstream,0.735480
efficient,efficiency,0.936507,effective,0.836605,effectively,0.820353,functional,0.770959,useful,0.758848
comparison,comparing,0.945910,compared,0.932882,compare,0.910667,comparable,0.889038,comparatively,0.807553
mands,ods,0.707407,ment,0.696267,mens,0.684641,ids,0.677501,mentary,0.661731
cyclic,periodic,0.776021,cycle,0.771289,loop,0.751866,cyclomatic,0.734332,circle,0.732416
predictions,prediction,0.927183,predicts,0.920931,predicting,0.872088,predict,0.865404,predicted,0.864267
state,states,0.872925,country,0.754120,government,0.733204,california,0.707637,usa,0.703922
dt,dtft,0.831923,tt,0.774377,tdd,0.760201,dit,0.734889,di,0.732931
gonza,gonz,0.754486,quevedo,0.625270,nicolas,0.601014,izquierdo,0.600942,gonzalez,0.597901
smoothing,smooths,0.885680,smoothens,0.879123,smooth,0.820282,roughness,0.734499,normalization,0.719204
evidences,evidence,0.948500,evidenced,0.818205,proof,0.754497,documents,0.747022,findings,0.746403
thresh,sion,0.644978,tp,0.636193,ball,0.632816,th,0.630647,game,0.603785
paste,pastes,0.936808,pasting,0.907141,pasted,0.891740,pastebin,0.864994,clipboard,0.740123
analyze,analyzes,0.956620,analyzing,0.925543,analyzed,0.894009,examine,0.859004,analysis,0.857920
implication,implications,0.893112,implies,0.845554,imply,0.836112,consequence,0.835934,indicative,0.778758
lab,labs,0.928000,experiment,0.730942,experimental,0.728251,tech,0.721443,science,0.719840
els,el,0.702235,witten,0.687652,players,0.655327,worlds,0.640626,lopes,0.637901
duplicate,duplicated,0.925156,duplicates,0.916793,duplication,0.886835,duplications,0.840180,copy,0.815457
whether,deciding,0.770279,depending,0.769675,if,0.753936,either,0.750760,decide,0.741112
binary,mon,0.738085,binations,0.728948,discrete,0.724474,mb,0.722555,bin,0.710131
umbrellas,umbrella,0.895102,outside,0.684117,trees,0.650402,handles,0.630783,leaves,0.630701
governance,government,0.773936,management,0.741650,organizational,0.688433,managing,0.686681,stakeholders,0.682736
regressions,regression,0.926548,predictors,0.789578,econometrics,0.765875,predicting,0.742423,predicts,0.734257
necessarily,implies,0.836274,inevitably,0.830520,certain,0.803492,obviously,0.797741,certainly,0.792653
optimize,improve,0.786259,maximize,0.781518,prioritize,0.773605,minimize,0.771652,optimal,0.745630
variance,variability,0.803424,variation,0.790524,var,0.759570,varying,0.745439,varied,0.737400
sure,certainly,0.909677,yes,0.865070,gladly,0.823365,accept,0.780724,fine,0.777903
nether,net,0.705582,realm,0.675637,depth,0.671222,nexus,0.669452,ground,0.666087
uk,london,0.786017,usa,0.730215,us,0.721565,country,0.705852,where,0.692581
map,maps,0.894831,mapping,0.824024,directions,0.795354,coordinates,0.769221,location,0.746414
splines,curves,0.793392,curve,0.746902,shape,0.690214,parametric,0.685026,plotted,0.681892
solve,solved,0.880150,solution,0.832698,fix,0.768382,guess,0.755716,problem,0.752729
quantify,quantifying,0.914540,quantitative,0.850023,calculate,0.830133,measure,0.791573,evaluate,0.781818
documen,artifact,0.684427,documentation,0.673842,curate,0.672642,metadata,0.655583,tool,0.651585
released,release,0.935213,releases,0.812280,out,0.782281,revealed,0.757825,obtained,0.753856
explained,explains,0.936711,explanation,0.924879,explain,0.864017,understanding,0.803529,understand,0.783159
reacts,corresponds,0.707302,attract,0.704658,implies,0.703023,happens,0.699298,interaction,0.697151
substantial,considerable,0.838387,heavy,0.777800,significant,0.774893,heavily,0.773148,significantly,0.761608
similarity,similarities,0.951569,similar,0.912706,resemblance,0.885106,alike,0.860586,resembles,0.849206
below,under,0.872298,bottom,0.792144,above,0.786448,lower,0.776360,low,0.762783
cam,tech,0.695725,cc,0.690435,im,0.688942,drag,0.683113,chi,0.682036
tp,pp,0.809281,fp,0.790505,tt,0.730403,pro,0.699399,asp,0.689561
unwanted,removed,0.791187,excluded,0.757291,wanted,0.755150,selfish,0.748666,gross,0.742365
darker,dark,0.922394,black,0.776254,heavier,0.749968,deeper,0.738076,colder,0.732054
wrong,wrongly,0.887601,false,0.839405,mistaken,0.828994,incorrectly,0.826587,erroneous,0.757438
lifecycle,cycle,0.730220,lifespan,0.720917,emergence,0.717259,maturation,0.714018,processes,0.702199
degrees,degree,0.907238,university,0.749988,semesters,0.745219,college,0.703171,levels,0.702757
sim,simulated,0.751482,simscan,0.733167,realistic,0.726444,im,0.721122,mis,0.710063
gudenberg,vugt,0.599828,outside,0.580574,koch,0.579457,park,0.579014,austria,0.577566
drawbacks,negatives,0.763267,limitations,0.725834,problems,0.719113,concerns,0.705276,advantages,0.701999
velopers,veloper,0.905655,veloped,0.762743,velopment,0.706603,cycle,0.668849,teers,0.664126
phases,phase,0.946153,stages,0.773135,formation,0.716162,processes,0.703508,lifecycle,0.690469
paradigms,paradigm,0.917515,concepts,0.706606,conceptual,0.700779,frameworks,0.700692,abstract,0.696346
co,com,0.706161,ko,0.684840,ne,0.683507,bc,0.677374,nm,0.674524
msr,smr,0.847032,msli,0.709178,msmb,0.700691,rs,0.696336,ner,0.670461
challenging,difficult,0.894483,challenge,0.891551,challenges,0.882917,harder,0.797399,hard,0.785192
future,prospective,0.790268,prediction,0.770624,upcoming,0.767345,potential,0.758856,futurecsd,0.757778
root,basis,0.693646,base,0.692641,tool,0.690133,tree,0.684524,element,0.672380
porting,port,0.792028,translation,0.691993,migrate,0.689399,localization,0.684293,convert,0.679511
maintainers,maintenance,0.788681,maintaining,0.773388,maintain,0.769086,maintainability,0.754405,maintainable,0.707777
ed,eds,0.864706,edu,0.766856,ad,0.754462,et,0.734609,od,0.730097
ava,natalie,0.695026,abigail,0.660176,ao,0.650305,victoria,0.648267,andrea,0.633746
security,protection,0.805422,privacy,0.743763,threats,0.730983,threat,0.718831,ensuring,0.705767
mechanisms,mechanism,0.941636,handles,0.745630,implements,0.736662,machines,0.721435,structures,0.720707
milestones,milestone,0.910555,achieved,0.733594,years,0.733555,yrs,0.713829,notable,0.707107
engagement,proposing,0.773225,commitment,0.750372,relationship,0.747581,invitation,0.713558,involving,0.710703
identifier,identifiers,0.918478,identification,0.832256,id,0.824480,identify,0.807833,identifying,0.802621
imple,implemen,0.832243,appli,0.700616,inc,0.700234,etc,0.696333,rectly,0.692888
degree,degrees,0.907238,university,0.788568,academic,0.735222,college,0.728940,master,0.710651
subtract,subtracting,0.957300,calculate,0.787387,calculates,0.745463,calculation,0.743669,addition,0.725988
correctly,correct,0.867841,sufficiently,0.852919,accurately,0.838627,right,0.831041,appropriate,0.828828
role,roles,0.938083,job,0.724446,supporting,0.714816,function,0.701483,assistant,0.693486
mine,mines,0.937052,mined,0.817551,mining,0.794448,ours,0.703129,theirs,0.702191
treatment,treated,0.878652,treat,0.791663,procedures,0.780326,procedure,0.779558,solution,0.746366
repre,repro,0.860597,re,0.840345,republish,0.763074,regres,0.761116,ture,0.753000
becomes,become,0.857334,becoming,0.823059,evolves,0.771571,appear,0.759081,into,0.756805
unable,cannot,0.909463,impossible,0.802970,able,0.777926,broken,0.749463,enable,0.742299
essential,must,0.834848,need,0.771865,useful,0.763746,required,0.759921,important,0.759421
permission,permissions,0.873727,allow,0.828945,allows,0.784019,submission,0.742401,granted,0.730834
heavily,heavy,0.824927,extensively,0.810474,heavier,0.778899,substantial,0.773148,considerably,0.764044
groupe,group,0.856613,groups,0.770975,grouped,0.763984,france,0.694622,brand,0.678268
yactual,tect,0.715769,literal,0.689121,ditional,0.685591,tation,0.683607,semantic,0.681510
impossible,cannot,0.835346,unable,0.802970,difficult,0.768276,false,0.754500,unavoidable,0.746976
master,meta,0.713149,mature,0.712924,degree,0.710651,dominant,0.708827,ma,0.701798
backspace,back,0.742086,keyboard,0.731441,clipboard,0.693506,backward,0.691422,pasting,0.689757
shared,sharing,0.888422,share,0.862540,given,0.748203,together,0.745654,codeshare,0.744644
eds,ed,0.864706,ods,0.752052,et,0.705324,ers,0.686983,er,0.686941
reader,read,0.775709,editor,0.727811,learner,0.722924,user,0.714950,author,0.712825
fuentetaja,quevedo,0.576822,spain,0.549760,cortazar,0.542860,gonza,0.538234,ocarina,0.533392
identification,identifying,0.966258,identify,0.920937,identified,0.901563,distinguishing,0.881615,identifier,0.832256
scenarios,scenario,0.941552,situations,0.841018,hypothetical,0.754325,challenges,0.739388,situation,0.737086
choices,choice,0.916512,choose,0.856715,chose,0.841989,decisions,0.835358,deciding,0.792827
ums,ous,0.717098,mu,0.705074,ues,0.674383,su,0.673069,mis,0.665262
similar,similarities,0.928767,similarity,0.912706,similarly,0.906239,alike,0.892733,resembles,0.888161
spend,spent,0.833122,save,0.828324,buy,0.788057,afford,0.774644,invest,0.774031
broad,wide,0.843165,widely,0.827389,broadened,0.806346,broadening,0.778650,diverse,0.775670
equals,equal,0.895740,equally,0.827872,equates,0.793646,alike,0.753319,comparable,0.747513
what,which,0.790543,who,0.772788,things,0.756712,how,0.728039,where,0.722932
repetitions,repetition,0.963611,repeats,0.922383,repeated,0.894856,repeat,0.861922,repetitiveness,0.861885
matters,matter,0.763766,issues,0.741894,things,0.724792,regarding,0.722411,sumptions,0.716065
demonstrates,demonstrate,0.938901,demonstrated,0.889580,showed,0.823285,shown,0.817134,showing,0.803339
ageclient,age,0.763390,agement,0.654682,senior,0.642251,old,0.640447,young,0.618185
integration,integrations,0.943072,integrated,0.876333,continuousintegration,0.799004,integral,0.789772,unifying,0.745769
readily,easily,0.878935,quickly,0.805198,easy,0.801695,simply,0.779924,gladly,0.775005
different,differs,0.887197,differ,0.875312,differently,0.861940,unique,0.841100,differences,0.811726
would,hypothetical,0.792762,should,0.747256,possible,0.732223,suppose,0.724385,likely,0.721607
although,though,0.931235,however,0.846887,despite,0.826430,nonetheless,0.813105,actually,0.790766
gamified,game,0.701135,motivate,0.676512,motivation,0.669239,challenge,0.658778,play,0.643103
elsewhere,somewhere,0.843501,other,0.764119,around,0.747264,others,0.746924,locally,0.740593
giving,gives,0.906866,give,0.901247,providing,0.793858,contributing,0.770427,sharing,0.750860
propagation,propagated,0.761082,branching,0.704526,underlying,0.699387,network,0.698433,broadening,0.696094
methods,method,0.935885,methodology,0.887816,techniques,0.820821,ways,0.805426,technique,0.776431
dc,washington,0.770714,london,0.728809,virginia,0.724181,bc,0.700085,seattle,0.695270
statistics,stats,0.897629,statistical,0.882993,statistically,0.801773,econometrics,0.748983,data,0.743173
uniqueness,unique,0.896498,uniquely,0.895334,distinct,0.785143,uncommon,0.779555,different,0.762258
cisions,tions,0.769191,binations,0.724530,numbers,0.698977,itories,0.696847,objects,0.694530
forestry,trees,0.779238,tree,0.726404,forrest,0.722204,ecosystem,0.666479,nature,0.663657
seldom,rarely,0.963645,few,0.832199,occasionally,0.803807,occasional,0.800656,often,0.757590
corrective,fix,0.740049,incorrectly,0.733581,precise,0.725452,fixed,0.718376,fixing,0.718190
event,events,0.845274,conference,0.684704,start,0.681839,forum,0.677733,top,0.677495
relatives,family,0.834045,relative,0.813664,relation,0.750531,persons,0.733154,people,0.719375
dip,treat,0.706375,extract,0.686256,subtle,0.683526,smooth,0.678275,relax,0.675695
underestimating,underestimation,0.933195,overestimate,0.878582,overestimation,0.832714,estimating,0.706306,misconception,0.704613
another,more,0.812615,others,0.810617,additional,0.801443,other,0.801039,additionally,0.791660
checked,check,0.872644,inspected,0.830781,tested,0.812699,checks,0.804411,detected,0.785973
par,per,0.782853,tier,0.751211,pp,0.705860,pre,0.694623,pl,0.692800
comprehensive,extensive,0.832469,systematic,0.789520,complete,0.766590,extensively,0.753263,detailed,0.743688
sea,sail,0.711687,nature,0.701915,port,0.692800,outside,0.678789,earth,0.677339
certainly,sure,0.909677,yes,0.879702,indeed,0.858344,obviously,0.806879,gladly,0.800144
dizquierdo,izquierdo,0.886013,quevedo,0.655370,dx,0.639599,de,0.637114,spanish,0.636139
opportunities,opportunity,0.863273,offered,0.772459,activities,0.771598,applications,0.741811,offers,0.738727
niques,nique,0.889672,nities,0.724431,nies,0.674691,goues,0.658697,nity,0.652454
json,javascript,0.714393,jsonarray,0.706451,java,0.689814,serialization,0.685889,data,0.683556
si,sigchi,0.727559,su,0.716891,se,0.711670,el,0.709724,lo,0.708084
chose,choose,0.906336,choice,0.867859,chosen,0.865060,choices,0.841989,selected,0.833754
setting,settings,0.877978,set,0.816922,sets,0.740587,place,0.733775,setup,0.730373
evolves,evolving,0.908324,evolve,0.904912,evolution,0.812746,becomes,0.771571,transformation,0.756179
owned,own,0.823337,incorporated,0.783218,dominated,0.777569,used,0.773442,invested,0.766673
online,available,0.767235,virtual,0.746169,web,0.740570,app,0.734526,now,0.727807
warrant,check,0.686683,chase,0.684725,token,0.670521,wanted,0.665523,obtained,0.655955
strictly,strict,0.805640,exclusively,0.771944,precise,0.754779,solely,0.749009,proper,0.728294
symposium,proceedings,0.726703,abstracting,0.715733,conference,0.711936,abstract,0.706857,discussions,0.696537
blue,colors,0.779936,green,0.751043,coloured,0.729778,black,0.728798,red,0.728265
levels,level,0.924630,leveling,0.786862,stages,0.782378,progression,0.717924,depth,0.712434
actionbarsherlock,actionbarsherloc,0.854365,actionbassharlock,0.795303,action,0.632448,actions,0.607194,activating,0.593923
captures,capturing,0.916031,capture,0.898286,captured,0.882192,holds,0.725347,collected,0.720336
separately,separate,0.858069,apart,0.822751,standalone,0.760187,differently,0.754123,independently,0.751743
specifically,specific,0.865837,particularly,0.847714,specially,0.819029,particular,0.785677,especially,0.755360
pri,pii,0.710275,pp,0.692516,par,0.676187,pr,0.673161,ins,0.656875
li,lin,0.822452,lim,0.789806,lu,0.763352,lau,0.748145,lo,0.744971
recognize,recognizes,0.916680,distinguish,0.848934,identify,0.842252,recognition,0.808376,recognized,0.804860
proper,appropriate,0.825065,correctly,0.823395,suitable,0.788852,regular,0.788362,valid,0.772673
nu,num,0.767444,fu,0.757543,ne,0.756424,nec,0.749053,su,0.745186
oss,ous,0.747326,linux,0.714890,foss,0.690319,suse,0.684565,ods,0.668540
recent,recently,0.924231,newer,0.773990,past,0.758019,current,0.746704,currently,0.744972
enhanced,enhancement,0.863383,enhancements,0.840396,improved,0.770122,elaborated,0.747822,increased,0.744922
playboy,models,0.624805,editor,0.621821,publishers,0.611765,figure,0.611690,body,0.608733
initialization,initializing,0.910387,initializations,0.877082,initialize,0.872655,beginning,0.724818,beginnings,0.705645
sarro,ro,0.672127,mar,0.633646,tio,0.633430,cor,0.630452,ser,0.626297
specially,especially,0.915664,particularly,0.892658,particular,0.822924,specifically,0.819029,specific,0.764309
brant,harrison,0.679132,holt,0.648656,gr,0.641264,gist,0.624721,carlos,0.621825
noise,sound,0.828497,static,0.717243,entropy,0.708964,volume,0.695399,interference,0.689475
exceptions,exception,0.908113,errors,0.740142,except,0.719656,unable,0.711718,cannot,0.710583
aid,gives,0.747108,give,0.746937,poor,0.707826,giving,0.707357,providing,0.701226
queue,serves,0.696577,serve,0.691586,cater,0.683250,served,0.678079,prompter,0.674216
daniel,jesus,0.724435,terry,0.706231,damian,0.700158,marcus,0.697441,wesley,0.694590
drops,drop,0.901633,decreases,0.688050,spot,0.683433,cuts,0.680276,finds,0.675000
contributed,contributes,0.882566,contributor,0.868999,contributions,0.852974,contributing,0.850152,contribution,0.843786
duplication,duplications,0.968571,duplicated,0.891817,duplicate,0.886835,duplicates,0.877984,copies,0.808010
image,picture,0.899314,images,0.859178,figure,0.784811,illustrates,0.768987,graphic,0.750525
students,learner,0.737756,studying,0.735895,teachers,0.719981,class,0.714759,humans,0.714648
reinforce,strengthens,0.806255,implement,0.781772,improve,0.757017,facilitate,0.752891,encourage,0.749041
adverse,harmful,0.739898,bad,0.716085,contrary,0.709624,severe,0.708684,beneficial,0.706897
pastes,paste,0.936808,pasting,0.859383,pasted,0.837093,pastebin,0.824525,samples,0.682954
return,returns,0.918796,returned,0.831428,back,0.792154,retrieved,0.719869,get,0.719663
closed,closes,0.894309,closing,0.819684,close,0.784294,closer,0.731807,eliminated,0.729730
line,lines,0.925684,interface,0.694151,boundary,0.692159,statement,0.691074,loop,0.685110
compre,compa,0.760395,comprehen,0.759934,pre,0.757939,commu,0.738755,conse,0.727967
interactions,interaction,0.925229,interacting,0.885174,interact,0.810106,encounter,0.750731,effects,0.731509
ues,es,0.808652,nies,0.780122,ous,0.773841,esec,0.718605,se,0.714484
profit,profitable,0.868388,gain,0.740099,value,0.729901,sum,0.712644,benefit,0.712546
gatein,gateway,0.670928,parnin,0.663008,fn,0.652983,monden,0.643581,nexus,0.620657
handles,handle,0.909684,handling,0.819299,hand,0.748206,mechanisms,0.745630,holds,0.733049
systems,system,0.936306,technology,0.748181,components,0.743814,software,0.742515,computing,0.732600
if,depending,0.798366,suppose,0.765769,whether,0.753936,let,0.740484,check,0.734275
project,projects,0.875233,projectname,0.831904,program,0.776863,work,0.754781,product,0.732861
gsyc,swy,0.661194,udc,0.650031,college,0.626121,ly,0.621479,sigchi,0.618806
periods,period,0.916437,pms,0.798970,months,0.747069,tions,0.716261,dates,0.701860
inflation,increases,0.709003,increase,0.696358,economics,0.676225,economic,0.672500,fed,0.669865
background,backgrounds,0.833541,context,0.716419,underlying,0.704580,baseline,0.699545,subject,0.698914
center,central,0.861196,centrally,0.833251,centralized,0.756236,middle,0.752689,place,0.724789
filho,francisco,0.707763,li,0.679346,lo,0.669067,fu,0.666746,je,0.666370
good,great,0.864397,excellent,0.821566,goodness,0.819610,fine,0.802749,positive,0.781347
stated,said,0.834566,statement,0.804418,written,0.782381,implied,0.766811,commented,0.761866
terry,frank,0.707468,daniel,0.706231,roy,0.701287,damian,0.694558,dt,0.678794
serializations,serialization,0.925851,formats,0.660171,objects,0.653809,outputs,0.647781,versioning,0.645277
spanish,languages,0.774939,language,0.758904,spain,0.757201,es,0.717735,multilinguistic,0.686841
nies,ues,0.780122,nities,0.744422,es,0.714268,se,0.708841,isese,0.703998
crown,queen,0.743899,hat,0.694300,suit,0.678797,ring,0.677800,formal,0.675724
cohesion,disjoint,0.739008,belonging,0.733989,correlate,0.719256,unifying,0.714317,consisting,0.701891
world,worlds,0.802115,countries,0.766848,global,0.765945,globally,0.736582,earth,0.734148
lanza,capra,0.612928,lez,0.599804,votta,0.591428,berardi,0.589537,gonz,0.588979
scm,asm,0.735330,mis,0.733054,lm,0.704992,cbm,0.695489,acm,0.690975
br,ber,0.747502,ba,0.746614,bu,0.735318,rd,0.730120,db,0.724418
quantifying,quantify,0.914540,quantitative,0.866035,measuring,0.797367,calculates,0.791306,measurement,0.786746
phenomenon,phenomena,0.930438,occurrence,0.779706,occurs,0.764164,effect,0.734128,causality,0.726068
annual,monthly,0.779444,yrs,0.730060,quarterly,0.721900,year,0.696991,years,0.693752
captured,capture,0.909023,capturing,0.895986,captures,0.882192,taken,0.779705,obtained,0.748618
detect,detects,0.949555,detecting,0.937749,detection,0.927999,detected,0.893728,detectable,0.865299
hosted,hosting,0.837193,host,0.831329,served,0.754540,linked,0.750529,curated,0.740401
apr,avg,0.726334,am,0.705617,ap,0.704046,august,0.695592,average,0.686985
hypothesis,theory,0.812036,hypothesize,0.803448,findings,0.743066,inference,0.742699,conjecture,0.741570
improvements,improved,0.892296,improving,0.842125,enhancements,0.817062,improve,0.813052,fixes,0.780838
happen,happens,0.901171,occur,0.897044,occurs,0.845098,occurred,0.839975,perform,0.770849
running,runs,0.923024,run,0.897580,ran,0.768651,track,0.754672,faster,0.698660
follows,following,0.916434,follow,0.905109,followed,0.903404,along,0.785861,next,0.785239
workbench,workshop,0.692147,tool,0.679718,building,0.666245,work,0.665791,tools,0.664576
snippet,snippets,0.888870,sample,0.699814,brief,0.683737,content,0.676543,click,0.675528
tool,tools,0.904671,toolset,0.810770,drill,0.777192,utils,0.758802,useful,0.749165
population,populations,0.891325,count,0.698197,people,0.694669,growth,0.687379,humans,0.684065
ncomd,lcom,0.651600,npdr,0.626163,ods,0.625398,od,0.620140,doi,0.611826
problem,problems,0.883084,issue,0.855458,solution,0.811173,solved,0.805496,error,0.767825
description,descriptions,0.829280,described,0.807128,describes,0.795404,describe,0.777542,summary,0.749846
oct,october,0.771670,aspect,0.714751,aspects,0.696466,abstract,0.693242,sept,0.688495
ptq,qu,0.700023,rq,0.677881,par,0.645164,quest,0.610478,measures,0.603204
normalize,normalization,0.898207,normalized,0.884069,generalize,0.748531,normality,0.738256,convert,0.730154
document,documents,0.824790,article,0.731138,item,0.714896,content,0.711050,database,0.709785
barzilay,selim,0.588737,barbour,0.588696,zar,0.586022,bar,0.581250,sazawal,0.572964
usage,use,0.953856,using,0.923937,uses,0.908039,utilized,0.877117,utilize,0.835135
versions,version,0.928858,versioning,0.814200,releases,0.769879,edition,0.749721,formats,0.728926
pinzger,giger,0.693196,krieger,0.687138,wahler,0.686965,ger,0.679145,puter,0.678909
investigating,investigates,0.944131,investigation,0.939733,investigate,0.910641,investigated,0.907770,investigations,0.898677
fragments,fragment,0.940560,chunks,0.765114,segments,0.732148,disjoint,0.727374,splitting,0.723351
highly,greatly,0.835876,high,0.809128,extremely,0.770680,considerably,0.757572,very,0.745722
big,large,0.880286,bigger,0.873509,larger,0.818636,largest,0.810082,size,0.756461
trust,rely,0.749226,confidence,0.735955,respect,0.733206,give,0.731593,belong,0.729569
formation,formed,0.886578,emergence,0.751447,construct,0.748142,creating,0.745128,originate,0.743833
furthermore,additionally,0.933858,moreover,0.903750,also,0.881491,lastly,0.855451,further,0.818868
phase,phases,0.946153,formation,0.705791,stages,0.702533,fourier,0.691275,step,0.688976
own,self,0.824498,owned,0.823337,theirs,0.797043,themselves,0.763428,itself,0.743093
conflict,battle,0.813993,conflicting,0.742952,incident,0.725360,situation,0.720383,action,0.712984
contributions,contribution,0.943436,contributes,0.898576,contributing,0.887080,contribute,0.855762,contributed,0.852974
compensate,compensated,0.836539,compensation,0.809599,afford,0.754629,adapt,0.748183,provide,0.730052
visualizes,visualize,0.955200,visualization,0.914536,visualizations,0.900200,visualiza,0.891892,visual,0.840945
involvement,involved,0.899323,involving,0.842601,participation,0.829084,participating,0.813879,contributing,0.774988
tag,tags,0.904985,tagged,0.894989,category,0.741328,keywords,0.713190,marked,0.709524
carefully,closely,0.818767,slowly,0.749561,method,0.719929,investigate,0.714389,manually,0.712304
gener,sourcerer,0.722743,ger,0.718548,gen,0.700680,ber,0.691226,genetic,0.689639
designed,design,0.821438,built,0.768463,constructed,0.758514,made,0.753750,tailored,0.752278
nguyen,mon,0.670942,lu,0.667227,travis,0.663839,thomas,0.662303,von,0.661935
stevens,adams,0.675964,nicolas,0.669518,chan,0.668244,vector,0.656560,yu,0.640335
causal,causality,0.918123,caused,0.749023,intentional,0.724496,necessarily,0.720351,temporal,0.715568
nique,niques,0.889672,nities,0.707518,nity,0.675447,ning,0.659263,nies,0.618524
mitigated,mitigate,0.924941,preventing,0.723501,prevent,0.721765,contained,0.715996,applicable,0.714955
criteria,criterion,0.854212,requirement,0.768305,requires,0.755667,selection,0.752245,selecting,0.738358
up,higher,0.818337,high,0.755684,above,0.747872,upper,0.740351,raised,0.733155
noc,lan,0.681157,cc,0.670592,sloc,0.666484,nec,0.660299,mloc,0.647478
bottom,below,0.792144,under,0.769441,depth,0.753422,lower,0.748062,ground,0.740400
coloured,colors,0.857178,red,0.785032,coloring,0.778839,green,0.758987,black,0.730823
indicates,indicate,0.850705,denotes,0.847012,indicating,0.796589,specifies,0.787103,denote,0.782478
process,processes,0.917640,processing,0.862651,procedure,0.787712,methodology,0.781310,method,0.773003
scale,size,0.735935,magnitude,0.735459,measure,0.729631,weight,0.715323,level,0.713719
analyzed,analyzes,0.931523,analysis,0.909474,analyzing,0.902606,analyze,0.894009,examined,0.822305
wcre,repre,0.654623,re,0.640626,ner,0.612970,er,0.579599,ture,0.576448
asp,ast,0.715529,tp,0.689561,fp,0.688424,ase,0.685793,jsp,0.682979
human,humans,0.840437,person,0.831822,persons,0.809424,man,0.809223,people,0.792951
iterating,iterate,0.910149,iteration,0.870456,iteratively,0.838506,recursively,0.732693,loops,0.724261
scope,focuses,0.711462,aim,0.710458,aims,0.708246,ranged,0.703394,focus,0.701026
variability,variation,0.908961,varying,0.837760,variance,0.803424,varies,0.785645,repeatability,0.782617
tt,ta,0.798555,dt,0.774377,tr,0.757578,th,0.749152,tant,0.745503
names,name,0.861606,named,0.836092,identities,0.801743,identifiers,0.770632,renaming,0.752150
modelclusterer,cluster,0.736009,clusters,0.730723,submodel,0.723297,clustering,0.722454,modelling,0.678254
preference,prefer,0.897013,desirable,0.810602,choice,0.804565,favoring,0.781794,choose,0.771883
tens,ten,0.725779,metric,0.682488,numbers,0.664894,hundred,0.661050,eds,0.656926
etc,et,0.774417,implemen,0.746014,es,0.727573,ment,0.722990,elaborate,0.715149
informing,informed,0.879355,inform,0.868185,information,0.816673,knowing,0.770248,awareness,0.758446
facilities,locations,0.751442,architecture,0.728939,building,0.728765,location,0.724556,structures,0.720108
eyolfson,magnusson,0.686694,erik,0.623094,nordic,0.601773,eb,0.588005,dahlander,0.583710
european,international,0.730290,en,0.697390,nordic,0.688991,germany,0.686578,france,0.676791
seek,seeking,0.908531,sought,0.860763,searching,0.855531,find,0.836019,try,0.789374
communi,communications,0.711094,compa,0.711081,social,0.695423,commu,0.694530,clique,0.681251
uses,use,0.913899,usage,0.908039,using,0.859595,utilized,0.826879,useful,0.805905
searching,seeking,0.875073,looking,0.869132,seek,0.855531,searches,0.851360,find,0.844101
brighter,darker,0.726964,led,0.723135,better,0.719192,improved,0.718569,broadening,0.708163
facilitate,facilitates,0.887335,facilitated,0.859929,encourage,0.833945,implement,0.811087,cooperate,0.808574
so,thus,0.845337,such,0.834696,um,0.766164,well,0.752303,therefore,0.752100
correlations,correlation,0.953346,correlates,0.867488,correlated,0.866008,correlate,0.797021,regressions,0.730228
our,we,0.916261,ours,0.907766,us,0.792466,together,0.728299,their,0.716909
multilinguistic,language,0.801396,languages,0.767634,multi,0.735054,lexical,0.724348,diction,0.708384
clear,clearer,0.902951,clarity,0.850098,clean,0.802391,cleary,0.796460,clearly,0.755826
introduce,introduces,0.920360,introduced,0.873431,introducing,0.869978,appear,0.796212,demonstrate,0.789554
stands,stand,0.900771,holds,0.735089,platforms,0.708876,objects,0.670573,brackets,0.661311
expected,expect,0.855987,assumed,0.811245,predicted,0.806119,appropriate,0.781349,planned,0.767991
cropinformatics,datasets,0.657528,clustering,0.656304,econometrics,0.649946,dataset,0.645928,algorithms,0.643176
monitoring,observe,0.777662,observation,0.775282,observed,0.756368,tracking,0.735781,observations,0.726864
quarterly,monthly,0.841385,weekly,0.761193,month,0.736533,brief,0.731743,annual,0.721900
higher,high,0.873796,up,0.818337,highest,0.801807,above,0.785890,upper,0.764271
cocomo,cbm,0.679466,commu,0.658378,ko,0.656870,toomim,0.636842,cam,0.635240
robles,angeles,0.667103,los,0.655938,torres,0.641846,robillard,0.635419,regres,0.632672
per,par,0.782853,perfor,0.734072,pro,0.716671,pp,0.714927,individual,0.714746
rey,ray,0.742339,han,0.731155,ar,0.679676,mar,0.676149,star,0.674760
prevent,preventing,0.922951,mitigate,0.803746,ensuring,0.749875,avoiding,0.738208,contain,0.730116
zero,nothing,0.736945,infinity,0.730386,null,0.714589,none,0.703297,binary,0.702251
must,required,0.869772,require,0.849248,need,0.845194,essential,0.834848,requires,0.834612
floss,clean,0.712036,slime,0.692165,treat,0.680291,click,0.677417,paste,0.676018
interact,interacting,0.901544,interaction,0.889646,interactions,0.810106,correspond,0.786168,collaborate,0.778661
limited,restricted,0.779543,limiting,0.773476,limitations,0.763288,brief,0.749601,short,0.737048
considers,consider,0.932257,considering,0.926533,considered,0.912680,consideration,0.870379,considerations,0.823486
nowadays,currently,0.855310,now,0.836808,today,0.826607,present,0.783585,modern,0.777248
tues,thurs,0.786569,months,0.730255,tures,0.724328,th,0.722248,wed,0.718100
normal,normality,0.873242,regular,0.843582,fine,0.808348,natural,0.768876,standard,0.767452
gineering,teresting,0.693350,ditional,0.666467,gittesthelper,0.660403,tool,0.659701,task,0.659168
smr,msr,0.847032,rs,0.704547,ber,0.658522,ner,0.651052,jnr,0.646006
excellent,great,0.874432,good,0.821566,perfect,0.772825,positive,0.764533,goodness,0.755257
influences,influenced,0.841617,influence,0.815554,collaborations,0.705706,samples,0.705330,backgrounds,0.705261
standards,standard,0.868041,metrics,0.691617,protocols,0.688832,quality,0.679393,formats,0.678517
bots,bot,0.859561,ai,0.719646,machines,0.678305,bugs,0.677850,automated,0.670031
play,game,0.836630,try,0.792076,practice,0.746115,perform,0.745869,interact,0.742896
keep,keeping,0.916537,maintain,0.841294,hold,0.818412,stay,0.815492,maintaining,0.797755
appear,appearing,0.883016,appears,0.871345,appearance,0.845279,appeared,0.816756,seem,0.810097
opportunistic,opportunistically,0.916483,altruistic,0.725919,sporadic,0.686398,occasional,0.657951,teractive,0.632062
led,brighter,0.723135,lead,0.711645,leads,0.692525,tech,0.689947,green,0.687633
marshall,wesley,0.719380,meng,0.652144,morgan,0.649028,travis,0.647792,fisher,0.624796
misunderstood,misinterpreted,0.856060,mistaken,0.819040,misconception,0.802192,contradictory,0.777520,wrongly,0.774316
absent,absence,0.922643,missing,0.870625,omission,0.821970,inactive,0.809940,missed,0.809240
clonescape,clones,0.813425,clone,0.788801,clonesubid,0.773642,clonetracker,0.753910,cloned,0.737659
do,did,0.826476,does,0.810088,perform,0.784095,dou,0.771593,try,0.754307
short,shorter,0.900158,brief,0.858993,small,0.796808,length,0.770061,tiny,0.766903
ccfinder,cc,0.784304,detects,0.667919,ci,0.666917,simscan,0.659380,searching,0.659372
cor,cort,0.744848,incor,0.735305,ner,0.718556,ger,0.718134,zar,0.704706
occur,occurs,0.930402,happen,0.897044,occurrence,0.878673,occurred,0.838240,occurrences,0.804597
all,everything,0.809349,entire,0.790236,every,0.746809,completely,0.741751,any,0.730813
advertise,promote,0.822535,apply,0.705863,contribute,0.698634,participate,0.698546,represent,0.697355
differ,differs,0.898124,different,0.875312,differences,0.855119,difference,0.839774,differently,0.834251
tags,tag,0.904985,tagged,0.868849,categories,0.744001,keywords,0.740401,topics,0.735818
pdf,documents,0.744859,formats,0.730658,paper,0.730521,citation,0.730184,pp,0.725239
him,he,0.880515,her,0.852515,his,0.833552,them,0.790280,she,0.789425
programming,coding,0.887288,programmer,0.860724,programmers,0.843402,computing,0.792796,java,0.779929
wilcoxon,witten,0.661653,davis,0.657728,friedman,0.656621,roberts,0.654517,travis,0.632978
cs,cscw,0.745166,cc,0.732297,programming,0.731167,computing,0.728428,css,0.712456
standalone,independent,0.773029,independently,0.770508,solely,0.767773,single,0.765088,separately,0.760187
equates,equals,0.793646,equal,0.734215,means,0.733062,corresponds,0.724995,proportion,0.715078
distribution,distributions,0.861885,distributed,0.834721,spread,0.723900,dist,0.713313,deployment,0.711760
nd,ne,0.751484,nm,0.695925,nu,0.692809,de,0.682277,ng,0.667893
perfor,per,0.734072,scratch,0.672956,drastic,0.670637,implements,0.655933,remove,0.655558
normalization,normalized,0.898377,normalize,0.898207,normality,0.787017,preprocessing,0.757212,regularization,0.755496
nexus,kernel,0.711118,artifact,0.706173,oracle,0.705721,net,0.691463,sage,0.690707
barahona,barbour,0.667595,gonzalez,0.630413,harrell,0.604912,bavota,0.589147,juan,0.579932
rest,relax,0.830827,idle,0.720369,end,0.698462,closed,0.688837,stay,0.680498
structures,structure,0.895453,structural,0.894357,building,0.770852,constructing,0.768398,architecture,0.763654
licit,literal,0.689704,li,0.685286,fashioned,0.669026,verbatim,0.667497,tive,0.665286
serve,serves,0.855821,participate,0.807196,served,0.802498,volunteer,0.786638,service,0.780502
publicly,public,0.889650,socially,0.715675,presented,0.712853,revealed,0.706380,social,0.705453
brunel,gabel,0.658349,engineers,0.636876,engineer,0.636445,vl,0.634358,wl,0.613175
fit,fits,0.916582,fitting,0.866400,fitted,0.819014,suited,0.796278,size,0.773691
chapman,davis,0.662752,clarke,0.658227,wang,0.655114,lowe,0.649884,beck,0.642559
implemented,implementation,0.918391,implementing,0.904956,implement,0.880443,implements,0.799525,effective,0.775683
hand,handle,0.793653,handles,0.748206,human,0.716550,tool,0.711429,carry,0.704877
practically,roughly,0.810178,relatively,0.797575,effectively,0.789335,actually,0.781862,approximately,0.776419
studies,study,0.890923,studied,0.829380,studying,0.795252,research,0.762181,findings,0.758664
sthl,stl,0.739316,vl,0.671472,wl,0.659854,cl,0.659207,st,0.654592
mistaken,mistakenly,0.893627,incorrectly,0.862161,wrongly,0.854675,wrong,0.828994,misunderstood,0.819040
socially,social,0.935537,society,0.781405,interacting,0.717631,interact,0.717579,publicly,0.715675
mid,middle,0.902131,central,0.748430,half,0.723431,im,0.716362,min,0.716114
compiler,programmer,0.797153,compilationuniteditor,0.770698,programming,0.760232,gcc,0.740463,programmers,0.728024
journal,writing,0.737154,annals,0.735304,log,0.726509,entry,0.724809,content,0.719564
growth,growing,0.918627,grow,0.854896,grows,0.853690,increasing,0.830958,increase,0.793058
incor,cor,0.735305,inc,0.732005,incen,0.685514,gener,0.670369,ser,0.664474
confirmed,accepted,0.824385,confirm,0.819193,approved,0.817683,done,0.791276,signed,0.759706
suggest,suggests,0.928055,suggesting,0.915928,recommending,0.837079,propose,0.815801,recommendations,0.814492
domain,domains,0.926780,dns,0.769510,com,0.708009,brand,0.698600,net,0.685833
eb,ba,0.688228,bc,0.678812,db,0.677486,bu,0.674677,br,0.672601
interacting,interaction,0.940454,interact,0.901544,interactions,0.885174,encounter,0.791182,involving,0.753661
agit,tation,0.711498,tant,0.699247,agement,0.694988,tect,0.685519,dit,0.682426
context,comprehension,0.757639,implication,0.749593,relevance,0.742183,relevant,0.739643,comprehend,0.738853
distinguish,distinguishing,0.916984,differentiate,0.891274,identify,0.872897,recognize,0.848934,differ,0.818292
mei,mu,0.717661,min,0.704922,im,0.703504,meng,0.696615,ming,0.688875
murugesan,sethumadhavan,0.677725,nagappan,0.635338,rajan,0.615692,senthil,0.600667,meiyappan,0.597625
metricsgrimoire,metrics,0.850489,metric,0.836735,measurement,0.733796,measuring,0.708095,measured,0.705777
ran,runs,0.813477,run,0.779575,running,0.768651,won,0.730839,drove,0.709812
krieger,pinzger,0.687138,wermelinger,0.677935,von,0.652977,weimer,0.651998,frank,0.647283
networked,network,0.816455,connected,0.800800,networking,0.779294,distributed,0.777640,networks,0.750435
primarily,mainly,0.948323,mostly,0.902662,generally,0.787956,particularly,0.744200,commonly,0.740278
routines,routine,0.953130,habits,0.792373,practices,0.770271,patterns,0.748964,rhythms,0.735097
served,serves,0.911794,serve,0.802498,presented,0.786160,provided,0.781561,ceived,0.769724
lo,los,0.823041,le,0.797462,el,0.772945,lu,0.769245,little,0.766728
responsible,blame,0.768817,required,0.759396,ensuring,0.737785,appropriate,0.727659,efficient,0.724629
hummel,players,0.666223,cl,0.647945,gabel,0.646821,ball,0.641252,riehle,0.640164
misherghi,mis,0.580497,else,0.570555,few,0.565467,demori,0.565395,ethno,0.564274
battle,conflict,0.813993,game,0.762180,action,0.712346,match,0.709755,argue,0.706722
younger,young,0.876778,newer,0.801814,age,0.771189,smaller,0.741096,mature,0.725342
interfaces,interface,0.947225,interaction,0.717397,edges,0.717067,interactions,0.712656,interacting,0.709364
january,february,0.724202,calendar,0.662389,main,0.644035,page,0.639629,latest,0.628475
comprises,comprise,0.904030,consists,0.903902,consisting,0.866499,contains,0.824650,involves,0.818002
frameworks,framework,0.923022,foundations,0.727416,platforms,0.718264,sdks,0.717677,templates,0.706302
inspection,inspected,0.894144,examining,0.794936,examined,0.787942,examines,0.781013,examine,0.769827
measures,measure,0.898416,measurement,0.837136,measuring,0.827716,measured,0.814877,measurements,0.808449
providers,provider,0.914812,practitioners,0.735778,vendors,0.716643,users,0.716315,providing,0.703159
baker,serves,0.666456,ware,0.663691,prunes,0.656461,human,0.656189,ball,0.654822
coder,encoder,0.816427,coding,0.806246,coded,0.801698,programmer,0.794358,codeanalyzer,0.779126
additionally,furthermore,0.933858,also,0.928214,moreover,0.885714,additional,0.844557,aforementioned,0.829547
previous,previously,0.901155,past,0.856938,before,0.796551,next,0.780267,former,0.779861
derived,derives,0.902677,developed,0.732796,based,0.729815,differentiate,0.728505,basis,0.716332
behaving,behaviour,0.799993,behavior,0.797862,conduct,0.746636,interacting,0.738227,actions,0.729120
eloquently,strikingly,0.731900,greatly,0.720591,logically,0.715103,sufficiently,0.708789,effectively,0.708636
ljung,sweden,0.642278,nordic,0.622791,cervig,0.607584,lm,0.607356,lh,0.602019
mined,mining,0.829289,mines,0.820535,mine,0.817551,found,0.731241,delved,0.717474
matsumoto,kusumoto,0.768780,japan,0.664592,kamiya,0.654145,okano,0.628251,kamei,0.621224
accidentally,accidental,0.945857,mistakenly,0.885928,occurred,0.759720,unexpected,0.753050,incorrectly,0.745054
linstead,lincke,0.637161,lin,0.585484,stevens,0.569379,whitney,0.542496,kingston,0.541752
parser,parsing,0.867644,parsed,0.819917,syntactic,0.732021,syntax,0.715161,compiler,0.706379
activating,activation,0.932254,activated,0.911975,activate,0.909806,activates,0.905828,enable,0.774338
handling,handle,0.852361,handles,0.819299,carrying,0.758419,taking,0.756323,controling,0.743754
correct,right,0.885935,correctly,0.867841,accurate,0.831496,exactly,0.829998,precisely,0.828131
hall,ha,0.669057,house,0.652177,center,0.632801,party,0.632645,facilities,0.632552
features,feature,0.903704,characteristics,0.744937,highlights,0.739217,functionality,0.725025,capabilities,0.723288
ny,usa,0.752312,us,0.717937,states,0.704974,state,0.692527,toronto,0.685937
re,repre,0.840345,repro,0.775144,republish,0.765700,ture,0.761859,redo,0.741360
pearson,sat,0.694269,wiley,0.684918,academic,0.675810,exam,0.655173,literacy,0.654222
entry,entering,0.811019,entered,0.796700,opening,0.728731,submission,0.726446,journal,0.724809
perceive,perceived,0.887262,comprehend,0.795519,seem,0.790311,aware,0.787475,recognize,0.779541
occurrences,occurrence,0.918013,occurs,0.820320,occur,0.804597,incidents,0.791436,phenomena,0.771906
diverge,differentiate,0.790878,divide,0.768158,differ,0.752949,separate,0.744429,converging,0.739121
present,now,0.832694,current,0.806178,currently,0.803840,nowadays,0.783585,existing,0.778601
consequences,consequence,0.922053,implications,0.840466,effects,0.819278,affects,0.770706,impacts,0.770247
margins,margin,0.928815,boundaries,0.710822,edges,0.710413,boundary,0.710075,columns,0.694486
facts,fact,0.887934,true,0.735460,stats,0.713417,reality,0.705022,accurate,0.700949
cater,serves,0.776709,served,0.730698,prepare,0.717236,serve,0.710840,suited,0.698022
onto,upon,0.791761,towards,0.741910,toward,0.738477,into,0.725199,than,0.712396
documentation,documents,0.805422,manual,0.730313,metadata,0.729446,protocols,0.714017,information,0.709938
obtainers,obtaining,0.873010,obtain,0.854516,obtained,0.810856,attains,0.715919,vendors,0.713526
host,hosted,0.831329,hosting,0.825358,provider,0.737460,invited,0.715222,user,0.711587
examines,examining,0.936188,examined,0.930087,examine,0.921934,analyzes,0.850591,investigates,0.836356
classroom,class,0.747150,teachers,0.718036,classes,0.717857,students,0.704047,school,0.702720
computationally,compute,0.811882,computes,0.793857,heuristically,0.766932,computed,0.751710,algorithms,0.745947
cscw,cs,0.745166,communications,0.675899,work,0.660415,coding,0.655194,collaboration,0.653886
teachers,profes,0.780534,lessons,0.729257,students,0.719981,classroom,0.718036,classes,0.713568
anna,anne,0.761654,ann,0.718480,thomas,0.655669,red,0.654958,object,0.652348
chan,chiu,0.745669,chi,0.745401,cheng,0.744447,lin,0.720596,qu,0.699859
unusually,unexpected,0.854427,surprisingly,0.812269,surprising,0.806993,uncommon,0.794640,uniquely,0.783370
premraj,premkumar,0.751769,pre,0.619278,raja,0.617274,prior,0.588746,rajan,0.579876
figures,figure,0.906705,models,0.785768,images,0.751863,objects,0.746355,plots,0.736213
detectors,detection,0.859389,detecting,0.845649,detects,0.831019,detect,0.805692,detected,0.770987
mistakenly,mistaken,0.893627,accidentally,0.885928,incorrectly,0.867644,accidental,0.848615,wrongly,0.822073
evaluate,evaluated,0.891662,evaluating,0.887236,evaluation,0.866361,assess,0.847498,assessing,0.802880
holt,fashioned,0.670654,brant,0.648656,wesley,0.644949,sat,0.634395,fielding,0.631225
run,runs,0.904396,running,0.897580,ran,0.779575,faster,0.764205,track,0.748932
ssl,https,0.833153,wsdl,0.707926,http,0.691410,libcyrussasl,0.686767,rfc,0.679032
look,looking,0.862192,see,0.817492,examine,0.800455,visualize,0.785030,investigate,0.778668
dashboard,dashboards,0.928559,chart,0.737269,tracker,0.732188,displayed,0.706189,ui,0.703144
advanced,advances,0.767278,experienced,0.745923,expert,0.741126,enhanced,0.740672,extensive,0.722256
genetics,genetic,0.880383,evolution,0.733989,science,0.729395,sciences,0.691493,mutants,0.688741
activities,activity,0.883022,actions,0.794571,opportunities,0.771598,programs,0.760557,classes,0.751554
prepare,preparation,0.901769,ready,0.800733,expect,0.775366,plan,0.772778,formulate,0.770859
coding,programming,0.887288,code,0.858580,coded,0.822560,coder,0.806246,programmers,0.784892
cut,cuts,0.934868,trimmed,0.802185,cutoffs,0.772097,reduced,0.744782,edit,0.735303
predicted,predicts,0.898132,prediction,0.885629,predict,0.881836,ypredicted,0.868366,predictions,0.864267
weights,weight,0.914474,weighted,0.842520,heavier,0.791869,heavy,0.727359,quantities,0.726758
blincoe,davis,0.615946,bc,0.613092,lincke,0.595843,cy,0.594732,wiley,0.593194
cort,cor,0.744848,rt,0.701906,cok,0.669503,tr,0.667900,glott,0.666083
patterns,pattern,0.943575,routines,0.748964,plots,0.734135,rhythms,0.723818,diagrams,0.714775
visualizations,visualization,0.946841,visualizes,0.900200,visualize,0.838836,visualiza,0.826719,graphs,0.789393
measurements,measurement,0.925115,measuring,0.887142,measured,0.886228,measure,0.829597,dimensions,0.819737
confined,restricted,0.805459,contained,0.798062,bound,0.753507,solitary,0.747855,bounded,0.732138
switzerland,zurich,0.798896,austria,0.719609,france,0.698894,canada,0.690675,countries,0.688998
ready,available,0.807958,prepare,0.800733,done,0.791622,now,0.788884,coming,0.769416
consecutive,sequence,0.739669,previous,0.725443,repetitions,0.707721,repeatedly,0.703238,linearly,0.701130
nor,non,0.790592,no,0.730778,either,0.708838,mon,0.708490,null,0.700320
data,datasets,0.834011,dataset,0.805552,database,0.801638,stats,0.788085,datapoints,0.776050
weak,slow,0.755237,broken,0.744596,bad,0.733698,lack,0.733173,narrow,0.732088
users,user,0.889492,usage,0.782926,persons,0.775831,use,0.771461,customers,0.763187
parsed,parsing,0.855122,parser,0.819917,extracted,0.746147,pasted,0.737585,syntactic,0.724802
intelligence,intelligent,0.828590,ai,0.745770,knowledge,0.715127,id,0.712793,learning,0.704012
effect,affect,0.913395,effects,0.904641,affects,0.879269,impact,0.813436,consequence,0.797905
wmc,cc,0.711421,cbm,0.655034,ma,0.644879,amc,0.633500,cam,0.630745
herbsleb,sage,0.599697,eb,0.592090,lib,0.591661,ba,0.583206,bier,0.576802
page,site,0.782040,pages,0.765423,main,0.697176,calendar,0.687359,view,0.669552
result,outcome,0.910008,resulted,0.903018,outcomes,0.818713,resulting,0.814589,success,0.781769
deckard,ray,0.629732,tag,0.623890,brant,0.618739,daniel,0.614042,carried,0.613486
every,ever,0.818238,each,0.791427,everything,0.785262,always,0.763876,entire,0.752076
interface,interfaces,0.947225,ui,0.762863,input,0.757017,gui,0.742641,interaction,0.741759
tarek,hassan,0.663244,ahmed,0.644207,cok,0.640426,ko,0.628956,tahmed,0.628871
filtration,filter,0.820510,filtered,0.807563,processing,0.680566,flow,0.668045,containing,0.660145
parents,parent,0.885750,family,0.747879,sons,0.700943,humans,0.698639,relatives,0.687905
toolset,tools,0.832186,tool,0.810770,itemset,0.776577,set,0.741583,sets,0.729794
methodology,method,0.889313,methods,0.887816,process,0.781310,technique,0.765342,techniques,0.761649
push,move,0.779102,force,0.766109,movement,0.754365,encourage,0.750062,forward,0.748608
closing,closes,0.889921,closed,0.819684,ending,0.791861,closer,0.788505,close,0.762208
duplicates,duplicate,0.916793,duplicated,0.908251,duplications,0.899829,duplication,0.877984,copies,0.793250
eclipse,eclipseplugin,0.736645,sun,0.727544,sky,0.669822,dark,0.664670,mirrored,0.646994
osei,ase,0.656858,isese,0.653963,kamei,0.651991,osate,0.651568,jos,0.650689
sumptions,considerations,0.738985,situations,0.737307,decisions,0.732359,sum,0.719740,things,0.716799
invited,invite,0.950216,invitation,0.856555,accepted,0.802694,offered,0.793036,joining,0.784618
articles,article,0.725325,sites,0.693514,media,0.685953,archive,0.680058,local,0.674690
visualiza,visualizes,0.891892,visualize,0.888930,visualization,0.859139,visualizations,0.826719,visual,0.772403
godfrey,damian,0.660152,meng,0.646038,shang,0.630656,mann,0.629556,cy,0.620254
opportunity,opportunities,0.863273,option,0.777861,potential,0.773486,chance,0.751529,offered,0.751500
set,sets,0.928215,setting,0.816922,itemset,0.806507,settings,0.759513,given,0.744009
respondent,response,0.827604,responses,0.812871,respondents,0.777015,answered,0.747054,answer,0.742846
civil,construction,0.690057,contri,0.682063,public,0.675425,auto,0.667529,engineers,0.663379
outside,nature,0.787693,environments,0.754474,park,0.750288,country,0.739723,around,0.733953
horizontal,symmetric,0.737138,wide,0.736725,across,0.724612,asymmetry,0.720901,side,0.717662
determine,determining,0.891308,decide,0.837940,distinguish,0.814286,ascertain,0.793532,determination,0.786518
diverse,diversity,0.902350,varied,0.851514,distinct,0.806265,variety,0.801490,broad,0.775670
emergence,emerge,0.905813,emerging,0.878072,emerged,0.848443,arise,0.770801,initiation,0.752691
prioritize,priority,0.866200,optimize,0.773605,focus,0.758593,choose,0.757730,attention,0.757515
stationarity,steady,0.741210,autoregressive,0.717791,steadily,0.713688,stability,0.709085,stationary,0.698245
idea,ideas,0.902530,concept,0.854907,thought,0.803905,proposed,0.790340,innovation,0.780041
capturing,capture,0.952905,captures,0.916031,captured,0.895986,extracting,0.758831,taking,0.743872
mentary,man,0.710416,human,0.691305,ment,0.689331,mentation,0.684597,person,0.683684
full,fully,0.826009,whole,0.801660,complete,0.800167,enough,0.764790,ready,0.761184
before,previous,0.796551,previously,0.785434,pre,0.769644,after,0.767497,prior,0.755827
accuracy,precision,0.829909,precise,0.809215,repeatability,0.808487,accurate,0.784705,accurately,0.782685
afterwards,after,0.923186,subsequently,0.813237,later,0.812031,then,0.786380,outcome,0.749449
somewhere,elsewhere,0.843501,where,0.816904,here,0.807570,place,0.786040,there,0.779577
consists,consisting,0.910557,comprises,0.903902,comprise,0.848183,contains,0.781831,involves,0.780051
qualitative,ethnographic,0.726845,quantitative,0.691727,insightful,0.685675,sociological,0.678911,methodology,0.671626
bird,penguin,0.755357,human,0.679576,nature,0.678186,bug,0.663563,object,0.661063
samples,sample,0.927212,sampled,0.851764,sampling,0.846343,examples,0.820924,example,0.774833
httpieredditdjango,http,0.701799,https,0.664539,httpie,0.663621,api,0.663385,django,0.656013
clean,clear,0.802391,clearer,0.780498,smooth,0.774535,clarity,0.729856,respect,0.729801
progression,growth,0.749488,evolving,0.743789,incremental,0.739315,steps,0.729812,advances,0.723574
copies,copy,0.892054,copying,0.888657,copied,0.847468,duplication,0.808010,duplicate,0.804239
fig,figure,0.737355,figures,0.693183,si,0.674293,font,0.667273,cal,0.667201
chunks,fragments,0.765114,portion,0.714074,splitting,0.709235,fragment,0.702258,decomposing,0.694502
bold,strong,0.805296,confident,0.749273,quickly,0.734223,rich,0.728543,active,0.723041
lexical,semantic,0.806917,diction,0.777335,semantics,0.757403,words,0.755800,multilinguistic,0.724348
vendors,vendor,0.925723,providers,0.716643,obtainers,0.713526,customers,0.688094,sourcing,0.680034
confident,confidence,0.933209,validated,0.766074,strong,0.760620,bold,0.749273,successful,0.746587
aggregated,aggregation,0.873489,aggregate,0.867184,grouped,0.769313,gathered,0.753002,combined,0.733667
examine,examines,0.921934,examining,0.910891,examined,0.896342,investigate,0.888395,analyze,0.859004
ditional,ditionally,0.862005,dit,0.787537,dis,0.763219,di,0.747369,tation,0.739476
candidates,candidate,0.896320,participants,0.680816,persons,0.675026,people,0.670245,profiles,0.667818
employs,employed,0.911771,employ,0.908499,hired,0.811141,working,0.790800,job,0.786493
foss,linux,0.773355,sourceforge,0.755112,software,0.747561,libresoft,0.736865,bsd,0.735081
validate,validates,0.924726,validation,0.854776,verify,0.800672,validated,0.798073,confirm,0.737257
gharehyazie,padhye,0.701033,darrikmazey,0.624386,goues,0.621119,gh,0.616775,xie,0.605886
selfish,unwanted,0.748666,altruistic,0.729372,arbitrary,0.703299,bad,0.694104,dependent,0.693884
rank,ranking,0.853624,seniority,0.736673,promoted,0.725584,tier,0.706899,level,0.695784
portal,gateway,0.814211,port,0.711991,entry,0.701486,window,0.692126,node,0.677093
nosql,databases,0.743745,database,0.709371,db,0.686359,lucene,0.682528,schema,0.673143
manually,automatically,0.868989,automated,0.845406,automatic,0.801797,manual,0.772148,carefully,0.712304
rightwards,towards,0.778811,toward,0.738541,forward,0.733721,right,0.722371,direction,0.721050
outcomes,outcome,0.915727,resulted,0.829483,result,0.818713,success,0.784120,resulting,0.777558
enhancement,enhancements,0.937598,enhanced,0.863383,improving,0.762964,improved,0.758244,strengthens,0.754344
leveraging,utilize,0.778181,utilized,0.753955,leverage,0.745983,using,0.741820,involving,0.741366
immediate,immediately,0.908541,quickly,0.851676,brief,0.786402,drastic,0.771186,directly,0.739116
granular,granularity,0.854760,grained,0.792959,matter,0.703460,plastic,0.687175,chunks,0.678748
variation,variability,0.908961,varying,0.857869,varies,0.808369,varied,0.793042,variance,0.790524
corporate,commercial,0.742694,incorporated,0.729830,company,0.709343,business,0.703484,management,0.692866
track,tracks,0.888441,tracker,0.802411,tracked,0.783601,tracking,0.756358,runs,0.756343
enabled,enable,0.881320,enables,0.848594,enabling,0.843039,able,0.824967,capable,0.799451
seconds,second,0.802864,milliseconds,0.781284,quickly,0.756946,shorter,0.750837,short,0.743533
trees,tree,0.856804,forestry,0.779238,leaves,0.769795,nature,0.748878,outside,0.719375
vector,multivariate,0.703717,linear,0.703040,object,0.699044,svm,0.693091,kernel,0.688156
semesters,semester,0.926481,degrees,0.745219,college,0.722344,university,0.716546,classes,0.705555
just,simply,0.827070,simple,0.765182,only,0.728978,there,0.724851,right,0.723457
unexpected,surprising,0.923163,surprisingly,0.854936,unusually,0.854427,accidental,0.779195,accidentally,0.753050
else,either,0.762118,other,0.759791,otherwise,0.755368,depending,0.746888,extra,0.746428
us,usa,0.847730,we,0.811635,our,0.792466,ours,0.771658,uk,0.721565
macro,im,0.695406,meta,0.687393,mb,0.678753,type,0.675763,ma,0.673596
attoh,ith,0.676231,ha,0.664008,ators,0.648396,mensah,0.645597,tosem,0.638230
left,side,0.750355,direction,0.726425,south,0.714153,second,0.710484,out,0.702454
teams,team,0.807641,matches,0.785596,players,0.784525,groups,0.767129,none,0.734040
el,lo,0.772945,ele,0.771925,amor,0.747278,element,0.746116,los,0.743110
obtained,obtain,0.882622,obtaining,0.865755,gained,0.821722,achieved,0.814735,obtainers,0.810856
understand,understanding,0.898245,know,0.863100,comprehend,0.859047,understood,0.835391,explain,0.827703
advocate,representative,0.726635,represent,0.701742,representing,0.692806,editor,0.683676,assistant,0.680396
ekoko,ko,0.719822,cok,0.657136,vouk,0.643221,pk,0.640369,ethno,0.633655
boundary,boundaries,0.947634,borders,0.815335,neighboring,0.742203,edges,0.740658,edge,0.735538
persons,individuals,0.904842,people,0.902355,humans,0.859004,person,0.858259,human,0.809424
overlapping,overlap,0.938694,over,0.710386,neighboring,0.695599,conflicting,0.694884,including,0.692397
udc,urjc,0.730443,cc,0.698180,ucdavis,0.672586,sloc,0.663574,xdoc,0.663048
wiley,pearson,0.684918,bi,0.673293,lib,0.655434,publishers,0.644265,springer,0.643408
focuses,focus,0.956521,focusing,0.926194,focused,0.903557,concentration,0.810912,attention,0.736697
evaluating,evaluation,0.923165,evaluated,0.899059,assessing,0.895359,evaluate,0.887236,examining,0.805003
site,page,0.782040,sites,0.741811,links,0.702547,main,0.699219,pages,0.678655
characterizing,characterize,0.924197,identifying,0.813667,classifying,0.773940,characteristics,0.773164,descriptors,0.770965
noted,mentioned,0.846028,noticed,0.812352,commented,0.775402,done,0.761511,signed,0.758849
boundaries,boundary,0.947634,borders,0.854695,limits,0.765856,edges,0.765276,outlines,0.744851
branch,branches,0.933397,branching,0.858367,lib,0.683866,subsection,0.680772,localkbranch,0.678266
manipulation,handling,0.726601,leveraging,0.717988,controling,0.716782,involving,0.707841,interaction,0.699698
inter,interna,0.765478,ic,0.733326,ins,0.725392,international,0.719465,inner,0.699769
united,ultimate,0.801612,unifying,0.758799,ual,0.747496,universal,0.735432,together,0.719764
sun,dark,0.733321,tan,0.730094,eclipse,0.727544,star,0.715083,red,0.700154
adapted,adapt,0.859046,modified,0.800907,adaptive,0.788378,tailored,0.769879,applied,0.765396
oriented,inclined,0.785261,focused,0.770925,direction,0.730511,centric,0.724312,determined,0.722919
iwpc,icpc,0.792042,ins,0.628454,ingimp,0.628326,epp,0.623298,pp,0.621380
option,choice,0.813971,choices,0.792767,opportunity,0.777861,select,0.776323,choose,0.775075
percentile,quartile,0.798286,percentage,0.785608,percentages,0.756003,median,0.694420,level,0.678887
travels,destinations,0.792507,exploring,0.781647,explore,0.748965,vacations,0.730713,explored,0.713993
bettenburg,germany,0.612945,von,0.582669,berlin,0.581908,heidelberg,0.580660,kaufmann,0.575515
reasonably,reasonable,0.920091,suitable,0.846436,sufficiently,0.842129,sufficient,0.823880,relatively,0.821411
optimal,maximize,0.800334,ideally,0.794180,maximum,0.757324,efficient,0.756262,best,0.755937
implied,imply,0.869334,implies,0.813227,assumed,0.803457,elaborated,0.777926,implication,0.770818
runs,running,0.923024,run,0.904396,ran,0.813477,track,0.756343,starts,0.719165
su,yu,0.776424,commu,0.748866,suse,0.747841,nu,0.745186,mu,0.739398
efforts,effort,0.860380,attempts,0.797809,goals,0.769317,actions,0.752843,trying,0.746825
items,item,0.852592,things,0.833193,objects,0.799387,categories,0.797462,finds,0.771059
hubs,clusters,0.699093,clustered,0.697032,communities,0.682648,nodes,0.678234,locations,0.672191
unrelated,related,0.751684,trivial,0.743840,non,0.720919,distant,0.719533,without,0.716043
impact,impacts,0.928361,affect,0.818723,effect,0.813436,affects,0.801936,effects,0.789269
abstract,abstracting,0.840286,proceedings,0.739715,abstraction,0.732287,conclusions,0.722351,summary,0.716880
hashmap,map,0.709868,mapping,0.698405,hash,0.696689,hashes,0.690750,java,0.686663
advances,advanced,0.767278,attains,0.762921,forward,0.760217,converging,0.730600,progression,0.723574
harvey,roy,0.633046,harrell,0.629272,gr,0.629082,yahoo,0.629017,bull,0.627060
ber,ner,0.776487,ger,0.754275,br,0.747502,zar,0.708103,gener,0.691226
hinge,window,0.738821,click,0.710654,fragment,0.683804,fold,0.682830,windows,0.668112
automated,automatic,0.888880,automatically,0.873120,manually,0.845406,automatable,0.754399,autogenrated,0.753131
gr,ger,0.758053,gh,0.714946,generalized,0.709453,gen,0.705919,rq,0.691348
estimates,estimate,0.946817,estimations,0.930831,estimated,0.898374,estimation,0.885368,estimating,0.877681
fix,fixing,0.890409,fixes,0.884953,repair,0.883507,fixed,0.875011,solve,0.768382
verbatim,copy,0.705544,format,0.695045,formats,0.690857,copies,0.685398,automatable,0.683363
ca,cal,0.848956,california,0.842552,bc,0.719589,ia,0.715457,cc,0.714759
suggesting,suggests,0.924046,suggest,0.915928,propose,0.841743,proposes,0.828583,considering,0.809918
overviews,overview,0.905364,summarized,0.751883,highlights,0.750580,perspectives,0.748661,outlines,0.731193
stackexchange,stackoverflow,0.722303,exchange,0.707488,forums,0.692319,stackforge,0.680576,talk,0.655666
additive,add,0.762917,addition,0.755629,enhancement,0.747867,enhancements,0.711037,additions,0.709025
avg,average,0.841893,averaging,0.767649,apr,0.726334,stats,0.704901,correlation,0.698243
literature,library,0.755378,read,0.755246,novel,0.753141,sciences,0.743522,culture,0.732185
tenure,job,0.693240,master,0.687743,term,0.679822,semester,0.678160,employed,0.677565
conclude,concludes,0.916447,concluded,0.888321,conclusion,0.876891,conclusions,0.803305,end,0.790810
uclinux,linux,0.756945,foss,0.684147,bsd,0.653200,gnome,0.652367,osx,0.640448
self,yourself,0.830454,own,0.824498,itself,0.824275,themselves,0.796726,personal,0.741902
two,pair,0.824522,second,0.796229,secondly,0.774818,both,0.768445,ii,0.765136
usagedata,usage,0.780025,use,0.745066,gooddata,0.739546,data,0.736717,using,0.724976
fragment,fragments,0.940560,moment,0.718683,chunks,0.702258,part,0.697122,artifact,0.696534
mclust,mb,0.637080,mcis,0.619620,mean,0.617607,drastic,0.617224,osx,0.612237
local,article,0.734370,press,0.694773,times,0.679809,locally,0.676117,articles,0.674690
shift,shifting,0.902310,move,0.750577,movement,0.736978,change,0.730286,moment,0.713861
icpc,iwpc,0.792042,ic,0.726724,cc,0.651678,bic,0.636214,ins,0.633608
investigation,investigations,0.949322,investigating,0.939733,investigates,0.915732,investigated,0.905492,investigate,0.875976
resolves,resolution,0.831422,resolved,0.820825,proceedings,0.723661,decisions,0.718594,fixes,0.706234
rhythms,frequencies,0.772089,frequency,0.750104,periodicity,0.743150,routines,0.735097,hz,0.734149
skewed,skew,0.886808,uneven,0.776863,asymmetry,0.719762,erroneous,0.702317,varied,0.695952
tests,testing,0.893845,test,0.867522,tested,0.799121,exam,0.779066,labs,0.758544
repetitiveness,repetitive,0.927877,repetition,0.887767,repetitions,0.861885,repeats,0.840953,repeated,0.831809
term,terminology,0.771696,specifies,0.705365,specify,0.698591,keywords,0.688029,util,0.681282
closer,closest,0.843840,close,0.828971,closely,0.823885,closing,0.788505,near,0.779167
determined,determination,0.886842,decided,0.789944,determine,0.772482,strict,0.753672,focused,0.743809
amd,intel,0.785030,hp,0.744489,dell,0.716606,tech,0.716513,linux,0.700390
db,database,0.766503,bu,0.764103,mb,0.757639,bc,0.749294,dt,0.730403
outermost,outer,0.839857,innermost,0.817908,last,0.730982,least,0.725297,most,0.691108
partition,partitions,0.912080,partitioning,0.896953,partitioned,0.893217,divide,0.773966,splitting,0.751056
gh,lh,0.742334,ghtorent,0.722784,gr,0.714946,ith,0.708995,ghtorrent,0.698376
ropadhye,padhye,0.775116,gharehyazie,0.601867,marly,0.600829,ro,0.594449,rately,0.568103
networking,network,0.865486,networks,0.827538,networked,0.779294,communications,0.766495,cisco,0.738704
bc,canada,0.770632,db,0.749294,bu,0.738542,ba,0.738086,ca,0.719589
entire,whole,0.834762,complete,0.790504,throughout,0.790281,all,0.790236,completely,0.789611
effective,effectively,0.906189,efficient,0.836605,applicable,0.829370,beneficial,0.795086,successfully,0.791195
viii,eight,0.767538,iv,0.682987,vii,0.667124,ii,0.660160,iii,0.649405
duala,bavota,0.627125,compa,0.618416,romera,0.610197,da,0.605246,dominant,0.602854
websites,web,0.823573,www,0.790847,resources,0.743122,searches,0.733779,html,0.732451
baseline,basis,0.715124,outlines,0.699866,background,0.699545,underlying,0.688192,standard,0.684478
representing,representation,0.903198,represent,0.886210,represents,0.874999,representative,0.803629,belonging,0.761858
organizational,organized,0.894873,management,0.772595,managing,0.764911,org,0.758714,organizations,0.748427
situation,situations,0.906519,scenario,0.808106,hypothetical,0.755619,status,0.752752,problem,0.748368
contrary,opposite,0.859865,contradictory,0.818424,contradicting,0.810990,opposed,0.799568,unlike,0.788168
collected,gathered,0.813666,collector,0.782069,collection,0.779830,spent,0.774104,obtained,0.757585
applied,applying,0.897168,apply,0.869050,application,0.853886,submitted,0.804844,accepted,0.790435
encountered,occurred,0.826940,seen,0.810401,occurs,0.806175,appeared,0.802061,encounter,0.792439
zhang,cheng,0.668477,jiang,0.653390,person,0.652571,shah,0.650119,li,0.647820
matchers,matching,0.863336,matched,0.839119,match,0.830389,matches,0.757239,pairs,0.690505
roberts,br,0.670188,wilcoxon,0.654517,lowe,0.650176,murphy,0.645482,davis,0.639982
chicago,seattle,0.757523,toronto,0.755523,il,0.740306,cleveland,0.728471,stl,0.723394
bic,bi,0.730693,cc,0.698677,bc,0.695021,aic,0.683915,ci,0.674817
aggregate,aggregation,0.873579,aggregated,0.867184,sum,0.740590,total,0.708419,comprise,0.703222
slps,sdp,0.650798,assistive,0.644118,clas,0.630914,sloc,0.629062,inclusion,0.619228
mation,tation,0.739815,mats,0.734939,movement,0.720677,maturation,0.709435,ditional,0.705033
mloc,sloc,0.787091,loc,0.742570,locs,0.700715,los,0.674840,lo,0.674038
davis,cc,0.693865,cs,0.678804,ko,0.669504,dc,0.663191,chapman,0.662752
newer,new,0.820488,younger,0.801814,recent,0.773990,different,0.757866,modern,0.740645
calls,calling,0.886156,call,0.880069,called,0.777408,bell,0.755471,numbers,0.727430
utterly,completely,0.817170,absolute,0.816637,extremely,0.782470,necessarily,0.742633,inevitably,0.731357
surveyed,surveys,0.845822,survey,0.840045,investigated,0.763217,examined,0.758338,inspected,0.752324
sometimes,occasionally,0.926876,often,0.851476,some,0.825548,usually,0.814527,perhaps,0.787104
moving,moved,0.906729,move,0.895086,migrate,0.805110,movement,0.799039,transferred,0.760115
splitting,splits,0.902088,separating,0.840640,divide,0.782784,dividing,0.780700,separate,0.763152
seipel,dip,0.639965,se,0.616707,begel,0.615188,eral,0.613135,foemmel,0.609953
negative,negatively,0.881098,negatives,0.825510,false,0.772667,positive,0.771211,bad,0.760349
invalidate,delete,0.748804,undo,0.745103,remove,0.727657,ignore,0.727186,deletes,0.694897
maintenance,maintaining,0.821857,maintain,0.818786,maintainers,0.788681,repair,0.782136,service,0.776811
sdk,sdks,0.949843,software,0.730556,app,0.727500,sdp,0.720831,jdk,0.712989
sky,forecast,0.704445,star,0.703169,stars,0.701350,space,0.700944,above,0.695305
increasingly,steadily,0.788007,increasing,0.767082,moreover,0.755941,ultimately,0.753850,increased,0.752779
fuzzy,soft,0.761954,random,0.704293,gross,0.687369,static,0.681542,smooth,0.678634
repro,repre,0.860597,republish,0.781987,redo,0.775765,re,0.775144,reposi,0.754332
estimated,estimate,0.929532,estimates,0.898374,estimations,0.873405,estimation,0.866636,estimating,0.845840
job,employed,0.816515,hired,0.812230,employs,0.786493,employ,0.783691,jobs,0.748722
office,work,0.735990,organizational,0.719311,stationary,0.717250,org,0.716206,job,0.716152
mean,means,0.824487,tend,0.755855,seem,0.741902,wish,0.733160,bad,0.733136
participants,participation,0.837067,participating,0.835718,participated,0.831197,people,0.773932,persons,0.765459
differentiate,distinguish,0.891274,differ,0.833667,distinguishing,0.810504,diverge,0.790878,determine,0.784837
information,informing,0.816673,inform,0.815577,informed,0.765184,knowledge,0.753362,data,0.751112
sant,san,0.741957,st,0.733438,val,0.711203,manifest,0.706790,sect,0.690917
gladly,sure,0.823365,accept,0.812849,certainly,0.800144,willing,0.794326,accepting,0.793938
exception,exceptions,0.908113,error,0.753817,defect,0.715033,unable,0.709211,errors,0.708084
clearly,obviously,0.896342,evidently,0.802874,precisely,0.792346,sufficiently,0.788299,evident,0.787573
jna,jnr,0.717276,jgb,0.631198,xn,0.627624,mea,0.623695,jgit,0.618612
developer,developers,0.943956,developing,0.802237,programmer,0.796169,development,0.795088,develop,0.782629
neural,ai,0.715928,propagation,0.672723,conceptual,0.664523,hz,0.659842,convolve,0.657550
achieved,completed,0.846550,reached,0.843181,successful,0.833007,achieve,0.831341,attains,0.829371
aspect,aspects,0.924051,oct,0.714751,tend,0.687056,ao,0.681692,sect,0.674967
brings,bring,0.886477,provides,0.792049,gets,0.768836,includes,0.763452,facilitates,0.758704
estimate,estimates,0.946817,estimated,0.929532,estimation,0.885254,estimations,0.876154,estimating,0.858386
concentration,concentrated,0.854837,focusing,0.844406,focus,0.832537,focused,0.825913,focuses,0.810912
pages,page,0.765423,sites,0.748616,links,0.688732,jobs,0.682236,site,0.678655
rohan,adrian,0.678218,erik,0.668739,morgan,0.667824,vladimir,0.662256,mohammad,0.652419
vi,six,0.765564,vide,0.713404,vif,0.705654,vibha,0.697871,previ,0.687776
gall,galler,0.762941,gr,0.676953,giger,0.633961,surgery,0.633344,period,0.629711
create,creating,0.904090,make,0.833176,creat,0.831992,creation,0.800341,making,0.797526
compute,computes,0.931065,computationally,0.811882,calculate,0.797603,computed,0.791695,computing,0.785121
dynamics,movement,0.735264,velopment,0.725895,complexity,0.707181,stability,0.698986,systems,0.691765
tagged,tag,0.894989,tags,0.868849,marked,0.790496,labelled,0.758459,labeled,0.744331
calculation,calculates,0.937194,calculate,0.891253,calculated,0.848038,quantifying,0.767997,formula,0.766627
forkedkrepository,forked,0.755538,forking,0.735895,repository,0.688927,fork,0.687514,reposi,0.674895
instances,instance,0.916140,occurrence,0.744403,examples,0.741037,entities,0.727746,example,0.723739
simscan,sim,0.733167,ware,0.659801,ccfinder,0.659380,bin,0.650920,container,0.642653
cated,ized,0.734963,ceived,0.733290,ited,0.732493,itted,0.723112,conducted,0.712790
provides,providing,0.876374,provide,0.860771,provided,0.856107,helps,0.838352,facilitates,0.795468
described,describes,0.908897,describe,0.870809,descriptions,0.866309,description,0.807128,specifies,0.780540
domains,domain,0.926780,dns,0.805313,websites,0.721362,names,0.700618,com,0.689844
accepted,accepting,0.901313,accept,0.892505,offered,0.847543,approved,0.844964,done,0.830795
super,special,0.784883,greatest,0.756968,maximum,0.730395,superlinearly,0.727254,wonder,0.721278
berlin,london,0.741578,vienna,0.737229,germany,0.733855,seattle,0.723599,madrid,0.711683
rq,rqs,0.872549,rd,0.748276,rt,0.726132,qu,0.701090,br,0.698788
okano,okine,0.726088,japan,0.651164,orange,0.644804,ko,0.631229,matsumoto,0.628251
redo,reinsel,0.795914,revisit,0.786070,repro,0.775765,repeat,0.773873,reconstructing,0.766763
isolation,isolate,0.831234,solitary,0.783909,separating,0.739746,apart,0.736348,separate,0.735513
energy,power,0.804419,engineering,0.716900,science,0.714815,utility,0.712664,environment,0.707765
attention,focus,0.802819,focused,0.760565,prioritize,0.757515,awareness,0.750522,focusing,0.748462
google,yahoo,0.753549,web,0.737455,searching,0.729772,keywords,0.717215,click,0.710374
bridge,across,0.724382,structures,0.709900,constructed,0.699527,construction,0.691290,structural,0.689853
matched,match,0.894404,matching,0.894086,matchers,0.839119,matches,0.793462,tied,0.787548
ieee,engineers,0.688260,engineer,0.665040,acm,0.648603,technical,0.646714,nec,0.646185
spring,fall,0.749661,march,0.721773,nature,0.717855,seasonal,0.711862,may,0.704496
situations,situation,0.906519,scenarios,0.841018,scenario,0.822440,conditions,0.758449,hypothetical,0.742777
insights,insight,0.848901,insightful,0.800680,analytics,0.754487,perspectives,0.752709,findings,0.745499
restarting,starting,0.777364,started,0.748714,redo,0.714353,begin,0.708224,beginning,0.703717
humans,people,0.920457,persons,0.859004,human,0.840437,individuals,0.804760,them,0.771353
unifying,merged,0.822554,merging,0.810503,merge,0.797538,together,0.769695,combine,0.766421
kaufmann,zimmermann,0.734715,von,0.731272,monden,0.680090,bergman,0.670874,kaiser,0.656966
formally,formal,0.852619,informally,0.805445,proper,0.749218,terminology,0.737558,sufficiently,0.709351
bryson,travis,0.667777,wiley,0.610265,dj,0.606253,vol,0.606063,narrow,0.605601
sasl,msli,0.685946,nal,0.684437,sasloutputstream,0.664521,wl,0.646935,nels,0.637479
wikis,rwiki,0.814801,documentation,0.680718,tags,0.671922,references,0.663807,sources,0.663229
conceptually,conceptual,0.913913,concept,0.817523,concepts,0.809589,notion,0.754284,logically,0.744070
earlier,later,0.857852,early,0.832453,previously,0.781670,previous,0.760087,late,0.759446
collaboratively,collaborative,0.931568,collaboration,0.896001,collaborating,0.891438,collaborate,0.874942,together,0.815740
concerns,concerned,0.888572,worrying,0.850577,threats,0.784006,issues,0.774855,apprehensive,0.756337
though,although,0.931235,however,0.851827,nonetheless,0.847179,despite,0.801370,otherwise,0.783931
bad,harmful,0.828772,worst,0.815422,gross,0.780698,ugly,0.766615,negative,0.760349
within,internal,0.830118,inner,0.810722,throughout,0.774068,innermost,0.744321,itself,0.740549
kouters,goues,0.656679,teers,0.626706,ous,0.624071,treude,0.623602,ko,0.622662
foser,kapser,0.709730,gener,0.656983,benkler,0.649685,ger,0.634794,sourcerer,0.631891
availability,available,0.883898,status,0.711038,ready,0.710939,obtaining,0.709291,locations,0.708081
query,queries,0.837730,question,0.770135,ask,0.770030,find,0.767787,searching,0.738399
permissions,permission,0.873727,allows,0.722436,allow,0.720891,accessed,0.703827,access,0.702394
vue,vs,0.714910,var,0.699721,tive,0.691586,val,0.688060,virtual,0.685742
cortazar,corta,0.683103,lozano,0.602518,archetypal,0.600250,dizquierdo,0.600057,gregorio,0.599262
tools,tool,0.904671,toolset,0.832186,utils,0.784009,skills,0.778155,software,0.772978
forward,towards,0.815206,toward,0.813710,advances,0.760217,direction,0.756778,proceed,0.753329
viding,faulring,0.777989,esting,0.762873,isting,0.754746,teresting,0.739886,having,0.726570
merged,merging,0.916915,merge,0.913299,unifying,0.822554,combined,0.814742,combine,0.799439
talk,talking,0.841170,discussion,0.831175,discuss,0.821394,discussed,0.795483,discussions,0.774755
tin,ton,0.700146,tan,0.698337,mon,0.692940,tt,0.689260,plastic,0.682291
angeles,los,0.727074,el,0.682307,es,0.676556,ca,0.673907,robles,0.667103
bogdan,vladimir,0.712141,gregorio,0.656516,daniel,0.653832,von,0.644490,damian,0.624788
indicating,indicate,0.886890,indication,0.824942,indicates,0.796589,referring,0.772996,denote,0.767892
separating,separate,0.886745,splitting,0.840640,apart,0.814255,isolate,0.761401,splits,0.740794
build,builds,0.865153,built,0.836699,building,0.828701,constructing,0.823578,construct,0.786833
barkmann,mann,0.715249,germany,0.612053,wermelinger,0.605436,zimmermann,0.603795,zaidman,0.598568
marked,marker,0.824934,labeled,0.812481,mark,0.810861,labelled,0.809755,tagged,0.790496
outcome,outcomes,0.915727,result,0.910008,resulted,0.896625,resulting,0.836103,success,0.811295
remains,remained,0.753148,remaining,0.743473,objects,0.730350,artifacts,0.727741,body,0.710650
fed,inflation,0.669865,economic,0.666216,fundamen,0.646212,economical,0.644039,fse,0.638836
assign,assigns,0.936483,assigned,0.905147,assignments,0.841511,given,0.769633,allocated,0.769618
wills,will,0.835001,inheritance,0.718828,intends,0.699575,promise,0.692520,wish,0.691582
implements,implement,0.850512,implemented,0.799525,implementing,0.798027,implementation,0.779132,facilitate,0.743577
penta,ko,0.689783,tp,0.667871,ta,0.661199,ball,0.646570,nexus,0.642046
container,containing,0.745937,storing,0.740997,bin,0.738590,box,0.733535,port,0.709499
queen,crown,0.743899,queensu,0.726580,elizabeth,0.697657,london,0.685133,victoria,0.682995
reasonable,reasonably,0.920091,suitable,0.824682,sufficient,0.819754,fine,0.813112,feasible,0.805034
because,why,0.892673,reasons,0.822637,reason,0.785452,cause,0.742896,therefore,0.725999
collectively,together,0.852422,collaboratively,0.797042,collaborative,0.759047,cooperate,0.756227,gathered,0.756135
apart,separate,0.873178,separately,0.822751,separating,0.814255,differ,0.790230,disjoint,0.773734
crowdsourcing,collaborating,0.691940,collaborate,0.690951,volunteers,0.689599,contributing,0.678491,volunteer,0.669659
temporally,temporal,0.892083,ditionally,0.747260,subsequently,0.727663,logically,0.720704,ultimately,0.713771
inherent,existing,0.718778,evident,0.718079,intentional,0.714414,underlying,0.712835,manifest,0.709504
min,minimum,0.856254,less,0.777447,minimal,0.776179,tiny,0.763443,minor,0.756017
lcom,lm,0.734154,loc,0.698639,cl,0.696024,ld,0.663248,mloc,0.657562
overcome,achieve,0.774323,achieved,0.736407,comprehend,0.733154,become,0.722568,encountered,0.718861
configure,setup,0.800051,settings,0.740229,manage,0.721277,plan,0.710603,enable,0.701687
forecasted,forecast,0.853424,forecasting,0.842767,predicted,0.823168,ypredicted,0.756291,predicts,0.754446
homesnap,adopting,0.658741,house,0.654362,parent,0.652177,app,0.646571,parents,0.643053
unchanged,still,0.757123,consistent,0.742194,steady,0.737005,remained,0.719171,regardless,0.705179
parsing,parser,0.867644,parsed,0.855122,syntactic,0.767697,extracting,0.747275,comprehension,0.741209
searches,searching,0.851360,queries,0.774968,find,0.748348,items,0.742902,finds,0.741030
mensah,jos,0.658593,mands,0.652642,menzies,0.649718,him,0.646638,attoh,0.645597
well,um,0.857585,so,0.752303,there,0.749082,sufficiently,0.736620,thus,0.725932
stochastic,random,0.773336,randomly,0.751653,bayesian,0.739834,likelihood,0.698705,predictive,0.697003
fluorite,fp,0.641970,floss,0.638425,cations,0.637514,slime,0.622742,lead,0.620375
teers,tainers,0.731622,tt,0.715192,tures,0.698789,nities,0.673149,velopers,0.664126
christina,andrea,0.703298,elizabeth,0.690316,erik,0.667753,natalie,0.667708,margaret,0.664256
credit,finance,0.737683,borrowing,0.726341,account,0.708551,interest,0.697505,customer,0.683485
nearly,almost,0.964071,roughly,0.764817,relatively,0.764690,practically,0.761998,approximately,0.759701
training,trained,0.841036,workshops,0.768077,learning,0.756146,skills,0.737953,improving,0.728555
sliwerski,liwerski,0.799039,jablonski,0.595902,pl,0.589164,lincke,0.578757,sloc,0.571309
amor,el,0.747278,real,0.705814,es,0.702929,si,0.698767,relationship,0.698022
extracting,extract,0.911138,extraction,0.904184,extracted,0.883678,obtaining,0.782163,capturing,0.758831
rich,expensive,0.753659,gained,0.740128,valuable,0.736224,big,0.730669,bold,0.728543
experienced,experience,0.884811,known,0.751904,expert,0.746971,advanced,0.745923,expertise,0.739907
severe,extreme,0.794619,drastic,0.766632,extremely,0.753502,difficult,0.737780,strict,0.730408
currently,current,0.875561,now,0.874407,nowadays,0.855310,present,0.803840,today,0.802462
she,her,0.921576,he,0.830995,they,0.803289,him,0.789425,them,0.741894
regular,normal,0.843582,proper,0.788362,standard,0.788177,special,0.756388,fine,0.752398
mcluhan,kluwer,0.638232,lib,0.635695,thought,0.624487,theory,0.609352,abstraction,0.607794
cyrussasl,cyrus,0.877379,mohammad,0.647703,marcus,0.625479,hash,0.621858,harrison,0.618098
contradicting,contradictory,0.920885,conflicting,0.839872,contrary,0.810990,defying,0.778373,false,0.757022
pinpoint,point,0.806422,spot,0.778267,marker,0.744337,locating,0.707166,indicating,0.704938
singh,singhal,0.703687,william,0.645243,chan,0.639032,nguyen,0.637193,travis,0.631514
corekcommit,externalkcommit,0.852875,mutantkcommit,0.846020,commit,0.803780,commits,0.744850,commitment,0.706076
prone,proneness,0.842444,tend,0.679859,inclined,0.665346,mation,0.660193,concentrated,0.652339
ap,pp,0.741127,apr,0.704046,ac,0.701201,tp,0.683597,august,0.678154
zeller,pinzger,0.636280,ger,0.622652,wermelinger,0.622311,weimer,0.621633,wahler,0.616312
programmer,programmers,0.913549,programming,0.860724,compiler,0.797153,developer,0.796169,coder,0.794358
year,years,0.846687,yrs,0.831836,milestones,0.702879,annual,0.696991,country,0.694651
procedure,procedures,0.921452,operation,0.799795,surgery,0.787806,process,0.787712,treatment,0.779558
constructing,construction,0.885624,construct,0.882164,constructed,0.859132,building,0.842097,build,0.823578
opposed,against,0.857583,contrary,0.799568,con,0.784899,opposite,0.761097,reject,0.742919
apis,api,0.842803,ids,0.675000,doi,0.667220,http,0.662588,ides,0.658293
displayed,shown,0.866828,showing,0.808376,depicts,0.796474,showed,0.794727,presented,0.781514
veloper,velopers,0.905655,veloped,0.786902,velopment,0.721288,cycle,0.671444,buggy,0.670019
clipboard,pasting,0.789585,pasted,0.741157,paste,0.740123,copying,0.739374,copy,0.737108
goal,goals,0.931522,point,0.753290,aims,0.750028,purpose,0.747355,motivation,0.745986
approx,approximately,0.899504,roughly,0.826312,estimated,0.760931,average,0.727574,nearly,0.716245
maintainable,maintainability,0.875781,maintaining,0.777705,maintain,0.777508,maintenance,0.759075,reliable,0.749246
implies,imply,0.909016,implication,0.845554,necessarily,0.836274,assume,0.822630,implied,0.813227
initializations,initializing,0.920341,initialization,0.877082,initialize,0.836022,beginnings,0.765635,beginning,0.734729
showed,shown,0.936150,show,0.848064,showing,0.841196,presented,0.838931,demonstrates,0.823285
contributing,contributes,0.939431,contribute,0.899219,contribution,0.889984,contributions,0.887080,contributed,0.850152
giger,galler,0.762373,ger,0.757137,pinzger,0.693196,gr,0.685860,generator,0.670573
rt,tr,0.786678,rd,0.784768,ro,0.761566,rq,0.726132,dt,0.709229
deciding,decide,0.910778,decisions,0.887012,considering,0.832020,decision,0.821955,choose,0.810807
mapping,maps,0.831829,map,0.824024,geocoding,0.772264,triangulating,0.730673,locating,0.727661
locally,localized,0.775541,localkbranch,0.767050,elsewhere,0.740593,here,0.733959,independently,0.720574
outputs,output,0.939848,produces,0.785658,resulted,0.745849,result,0.725518,resulting,0.721954
industry,industrial,0.847657,production,0.752033,commercial,0.728035,business,0.721603,construction,0.711725
ton,weight,0.736434,heavy,0.732207,heavier,0.707887,weights,0.706994,magnitude,0.704929
sets,set,0.928215,subsets,0.808839,itemset,0.806482,objects,0.766360,combination,0.759558
demonstrate,demonstrates,0.938901,demonstrated,0.871908,introduce,0.789554,perform,0.789024,presented,0.780299
subdivide,subdividing,0.952939,divide,0.795228,dividing,0.743459,partition,0.711551,subsections,0.710820
di,dit,0.797085,dis,0.796161,da,0.783351,dif,0.775939,de,0.769383
signature,signed,0.837696,form,0.745916,invitation,0.732217,indicating,0.719171,represents,0.719024
focused,focuses,0.903557,focus,0.903105,focusing,0.891137,concentration,0.825913,concentrated,0.808696
direction,directions,0.822189,towards,0.802936,destination,0.795020,toward,0.766294,forward,0.756778
sessions,session,0.934520,workshops,0.743233,activities,0.729120,classes,0.719850,conference,0.717724
judge,person,0.677259,decision,0.670275,professor,0.665820,expert,0.656175,official,0.649635
subfigure,figure,0.729268,depicts,0.689969,subdivide,0.689238,sub,0.676109,submodel,0.669317
originate,begin,0.747588,become,0.747448,create,0.747311,formation,0.743833,original,0.736260
averaging,average,0.809546,avg,0.767649,aggregation,0.739042,median,0.728944,estimating,0.708190
plug,plugi,0.832563,socket,0.781602,plugin,0.773466,click,0.735696,utility,0.735562
rackspace,saas,0.668474,hubs,0.663262,openstack,0.661967,space,0.657687,platforms,0.651434
ontology,knowledge,0.716723,semantic,0.710628,semantics,0.710262,schema,0.706557,topology,0.681681
vienna,austria,0.818965,berlin,0.737229,madrid,0.727040,london,0.699297,hyderabad,0.675549
conducted,performed,0.833334,participated,0.793880,observed,0.775317,presented,0.773177,initiated,0.772898
commits,commit,0.868611,committers,0.823779,committed,0.794043,committer,0.784200,commitment,0.769166
signed,signature,0.837696,accepted,0.761537,confirmed,0.759706,noted,0.758849,written,0.750802
squared,squares,0.860764,shape,0.725003,circle,0.703714,calculated,0.698819,let,0.694191
finally,achieved,0.739686,successfully,0.736909,completed,0.720848,resolved,0.719063,complete,0.717626
amplafi,plugi,0.637620,medi,0.636106,appli,0.628509,plug,0.625103,wiley,0.609324
lase,los,0.677124,vl,0.673506,se,0.667184,lo,0.660868,ele,0.648295
represents,represent,0.901333,representing,0.874999,representation,0.817082,corresponds,0.790007,depicts,0.781262
lands,fields,0.764725,ground,0.733274,areas,0.727735,borders,0.707494,area,0.706194
statist,conservative,0.701256,ideology,0.686320,user,0.672454,person,0.661492,committer,0.653452
adoption,adopting,0.933683,adopted,0.871544,cloning,0.716781,accepting,0.705491,inheritance,0.702525
gross,bad,0.780698,worst,0.751531,ugly,0.745950,unwanted,0.742365,clean,0.723990
continued,continues,0.924632,continue,0.879492,remained,0.788004,extended,0.784871,next,0.754398
john,juan,0.793559,jesus,0.748785,je,0.734157,mark,0.719126,mohammad,0.712493
beginning,beginnings,0.925697,starting,0.911745,begin,0.855992,starts,0.845823,started,0.821566
coming,come,0.856274,appearing,0.800150,upcoming,0.798319,entering,0.797972,bring,0.776538
interpretation,interpret,0.902681,understanding,0.782924,comprehension,0.774438,comprehen,0.769356,translates,0.755995
consideration,considerations,0.871858,considers,0.870379,considering,0.853975,consider,0.852387,considered,0.847502
bi,bic,0.730693,pii,0.712999,im,0.712151,bu,0.708399,ci,0.702286
categorize,categorization,0.905038,classify,0.895905,classifying,0.842810,classification,0.824391,classifications,0.822935
marker,marked,0.824934,indicating,0.759506,pinpoint,0.744337,labeled,0.737531,spot,0.736677
biased,bias,0.884064,erroneous,0.702694,negatively,0.698943,negative,0.688198,skewed,0.688114
changes,change,0.906514,changed,0.896165,changeability,0.771562,updates,0.766113,modifications,0.746645
fold,folds,0.914640,creased,0.755899,form,0.737664,take,0.725714,check,0.723636
unknown,none,0.768570,solved,0.751589,given,0.749439,answers,0.745896,guess,0.744940
orange,red,0.772079,tan,0.741646,colors,0.730764,coloured,0.715830,green,0.697424
industrial,industry,0.847657,commercial,0.733566,engineers,0.689360,corporate,0.686424,engineer,0.681341
especially,specially,0.915664,particularly,0.888761,particular,0.755884,specifically,0.755360,extremely,0.736142
performing,performs,0.892423,performances,0.887926,performance,0.864089,perform,0.862912,performed,0.807391
selected,chosen,0.842714,chose,0.833754,selection,0.821520,selecting,0.812447,select,0.805277
von,de,0.748802,kaufmann,0.731272,den,0.723336,da,0.721752,mon,0.721439
impacts,impact,0.928361,effects,0.871304,affects,0.859620,effect,0.786445,affect,0.784977
sourcing,insourcing,0.854354,outsourcing,0.786957,supply,0.781205,obtaining,0.736647,sourcerer,0.722958
instance,instances,0.916140,example,0.774938,occurrence,0.754793,sample,0.727053,existance,0.718214
risk,chance,0.738904,threat,0.736478,threats,0.718667,harm,0.704803,consequence,0.692295
dump,dumps,0.926970,bin,0.728464,bottom,0.708432,drop,0.695418,decomposing,0.689001
indicative,implies,0.789614,imply,0.780333,implication,0.778758,implied,0.760640,indication,0.755801
zingrone,orange,0.601634,onion,0.587095,bution,0.584811,red,0.577291,okine,0.577061
perfect,accurate,0.784773,great,0.781200,excellent,0.772825,exact,0.771824,correct,0.765886
removed,deleted,0.874491,remove,0.862657,removing,0.854707,removes,0.824892,removal,0.823562
text,content,0.776033,context,0.737264,note,0.726780,words,0.725779,description,0.724461
parametric,parameter,0.754187,parameters,0.737207,dimensional,0.734809,convolve,0.723739,fractional,0.719738
solved,solve,0.880150,solution,0.858262,problem,0.805496,resolved,0.800093,fix,0.764683
suppl,su,0.721746,implemen,0.717880,util,0.706656,fill,0.699596,symp,0.698535
variables,variable,0.920889,variate,0.740935,var,0.738428,variance,0.710868,parameters,0.706795
computing,computers,0.823212,computer,0.800893,programming,0.792796,compute,0.785121,computes,0.785043
proprietary,utility,0.708985,foss,0.694723,reposi,0.691366,software,0.689213,incorporated,0.679633
lower,low,0.873802,decrease,0.806742,smaller,0.778917,below,0.776360,less,0.768838
hirtle,cort,0.627045,imple,0.620718,hinge,0.618375,lo,0.618022,glott,0.616086
accounted,paid,0.789365,spent,0.780381,logged,0.767400,estimated,0.753812,compensated,0.749058
star,stars,0.872751,starred,0.866737,sun,0.715083,sky,0.703169,ray,0.683197
russia,china,0.720143,sweden,0.701816,germany,0.700911,countries,0.692498,japan,0.686762
addressed,address,0.776102,referring,0.769137,addresses,0.766692,referred,0.762207,correspond,0.740473
ide,ides,0.885573,programmer,0.727779,compiler,0.713049,programming,0.710141,programmers,0.701829
certain,necessarily,0.803492,true,0.765384,likely,0.763925,important,0.759144,certainly,0.756066
errors,error,0.872555,problems,0.810540,failures,0.754946,erroneous,0.753678,exceptions,0.740142
old,age,0.805415,oldest,0.782031,senior,0.758734,ed,0.725936,obsolete,0.725489
ing,isting,0.823382,esting,0.786524,ingimp,0.779649,viding,0.725528,ins,0.723371
arguably,ultimately,0.786637,relatively,0.778942,likely,0.744202,potentially,0.741015,moreover,0.740208
validated,validation,0.849996,valid,0.843838,tested,0.806042,validate,0.798073,recognized,0.787443
plausible,feasible,0.870954,plausibility,0.868920,possible,0.867830,likely,0.851167,potentially,0.818722
quite,sufficiently,0.750826,notably,0.741604,indeed,0.741152,considerably,0.732772,actually,0.732556
personalized,custom,0.769934,personal,0.729497,individual,0.728617,individuals,0.720536,tailored,0.715996
tri,cycle,0.711076,tt,0.691620,bi,0.691215,fit,0.689793,inter,0.673049
whose,who,0.831832,theirs,0.789089,their,0.785349,which,0.774686,his,0.766305
accepting,accept,0.926984,accepted,0.901313,willing,0.805714,offered,0.796992,gladly,0.793938
replicate,replication,0.864487,reproduce,0.834523,clone,0.800114,copy,0.796106,duplicate,0.794311
resembles,resemble,0.917022,similar,0.888161,resemblance,0.878010,similarities,0.865067,similarity,0.849206
drags,drag,0.906240,suffers,0.674225,dumps,0.666488,takes,0.660895,rows,0.654472
linked,connected,0.819468,link,0.784849,followed,0.751237,hosted,0.750529,connection,0.747355
tivariate,variate,0.733497,tive,0.706496,ticular,0.698594,tional,0.692406,multivariate,0.646997
divide,dividing,0.922114,subdivide,0.795228,splitting,0.782784,partition,0.773966,separate,0.769507
collaborate,collaborating,0.909415,cooperate,0.908401,collaboration,0.906711,collaboratively,0.874942,collaborative,0.867562
row,rows,0.927469,run,0.693642,pairs,0.693409,class,0.687947,brackets,0.686126
outlined,outlines,0.892464,illustrated,0.758919,elaborated,0.755011,summarized,0.748362,illustrate,0.747786
mitigate,mitigated,0.924941,prevent,0.803746,preventing,0.756112,ignore,0.701792,compensate,0.693548
additional,additionally,0.844557,other,0.837826,extra,0.831814,more,0.822321,others,0.802017
yet,nonetheless,0.780958,still,0.769887,despite,0.733899,though,0.732163,continues,0.721647
incidents,incident,0.873454,occurred,0.792196,occurrences,0.791436,occurs,0.758292,occurrence,0.727636
ko,kim,0.773956,cok,0.759221,kay,0.728252,pk,0.723059,ekoko,0.719822
man,human,0.809223,mens,0.793108,person,0.761502,he,0.743403,him,0.725790
mea,moa,0.728688,ma,0.705338,fea,0.686050,im,0.678421,mei,0.661127
care,provide,0.742187,treat,0.737539,serve,0.734103,use,0.733866,give,0.725697
selim,tahmed,0.625789,ibrahim,0.612607,sion,0.607015,barzilay,0.588737,waterloo,0.580971
estimation,estimating,0.945481,estimations,0.917308,estimates,0.885368,estimate,0.885254,estimated,0.866636
popular,frequent,0.769407,common,0.744443,desirable,0.736994,prevalent,0.733530,mainstream,0.728508
prediction,predicting,0.956895,predict,0.934360,predictions,0.927183,predicts,0.925448,predicted,0.885629
contain,contains,0.883468,containing,0.881425,contained,0.843637,include,0.789358,hold,0.773321
mcrae,mclust,0.600555,mcis,0.592137,seattle,0.588481,ray,0.576959,han,0.568969
concepts,concept,0.920026,conceptual,0.840251,conceptually,0.809589,ideas,0.803075,notion,0.778752
surpasses,outperforms,0.797733,exceeding,0.781350,bigger,0.729658,greater,0.722780,higher,0.716767
particular,specific,0.880556,particularly,0.823602,specially,0.822924,specifically,0.785677,special,0.782703
imental,im,0.725802,imum,0.722474,ful,0.678484,imple,0.662947,instrumental,0.660518
kusumoto,matsumoto,0.768780,japan,0.624448,kamiya,0.622987,okano,0.614588,inoue,0.613857
seems,apparently,0.862537,evidently,0.834910,seem,0.821857,likely,0.772877,obviously,0.756843
statement,stated,0.804418,comment,0.766773,response,0.714177,implication,0.712612,comments,0.707152
describe,describes,0.909371,descriptions,0.874755,described,0.870809,characterize,0.801143,explain,0.782391
fis,fu,0.714539,ufp,0.685962,force,0.681089,fp,0.677425,vif,0.665624
above,below,0.786448,higher,0.785890,upper,0.777112,overhead,0.761807,up,0.747872
country,countries,0.782151,usa,0.767094,state,0.754120,australia,0.753186,outside,0.739723
lda,ld,0.816044,linear,0.684656,da,0.670666,ad,0.668265,lo,0.656638
article,local,0.734370,document,0.731138,articles,0.725325,top,0.696004,press,0.687287
dividing,divide,0.922114,splitting,0.780700,subdividing,0.780343,subdivide,0.743459,partition,0.736512
fourier,frequency,0.729101,harmonic,0.707272,periodic,0.706418,integral,0.703681,convolve,0.698185
advantage,advantages,0.853766,benefit,0.807658,beneficial,0.794856,benefits,0.750987,gain,0.728682
ensuring,maintaining,0.824899,providing,0.779827,preventing,0.778201,maintain,0.768010,keeping,0.755157
yourself,you,0.872633,your,0.836076,self,0.830454,themselves,0.782689,itself,0.775336
looking,searching,0.869132,look,0.862192,seeking,0.825947,finding,0.814752,examining,0.786080
edition,version,0.792335,editor,0.771932,edits,0.754919,versions,0.749721,edit,0.736337
promoted,promote,0.837835,recognized,0.737516,activated,0.734313,applied,0.733217,honored,0.726325
guarantee,promise,0.785000,confirm,0.752783,ensuring,0.750977,reliable,0.739772,customer,0.737823
atchison,attoh,0.632170,whitney,0.607884,pk,0.607857,chi,0.607189,co,0.602702
computer,computers,0.915567,computing,0.800893,windows,0.790744,tech,0.746849,dell,0.746301
infinity,zero,0.730386,interval,0.722055,maximum,0.713822,let,0.712797,pi,0.711768
understanding,understand,0.898245,comprehen,0.834234,knowing,0.831005,comprehension,0.826275,comprehend,0.825033
architecture,design,0.784199,building,0.775811,structures,0.763654,engineering,0.750658,facilities,0.728939
rqs,rq,0.872549,ers,0.728992,rs,0.680497,ous,0.666288,rd,0.665328
de,di,0.769383,da,0.764717,von,0.748802,dis,0.748620,dit,0.735226
anecdotal,insightful,0.702083,empirically,0.698731,correlations,0.697344,observations,0.697240,correlation,0.675570
migrate,move,0.834440,moving,0.805110,moved,0.800040,convert,0.742388,transferred,0.732327
jbidwatcher,jgit,0.649760,observe,0.639675,detects,0.634165,monitoring,0.633655,jstatsoft,0.630197
ring,rings,0.912606,circle,0.748453,bell,0.719990,mon,0.699688,box,0.693841
determining,determine,0.891308,deciding,0.793569,assessing,0.789342,identifying,0.785860,inferring,0.782422
revisiting,revisit,0.946301,redo,0.713598,repeat,0.709516,again,0.709294,repeated,0.705450
public,publicly,0.889650,government,0.709981,social,0.695624,common,0.691380,official,0.689967
puppet,proxy,0.666568,prop,0.655595,object,0.639624,manipulation,0.631963,remote,0.631837
categorized,category,0.877644,categories,0.868020,categorize,0.809246,categorization,0.752400,classifications,0.751499
london,uk,0.786017,berlin,0.741578,dc,0.728809,chicago,0.707137,madrid,0.701653
integrations,integration,0.943072,integrated,0.832474,continuousintegration,0.768242,couplings,0.736122,includes,0.734269
strong,bold,0.805296,heavy,0.788566,strengthens,0.788389,solid,0.778914,heavier,0.770159
confidence,confident,0.933209,credibility,0.735993,trust,0.735955,clarity,0.729019,success,0.716048
depicted,depicts,0.879933,shown,0.800921,illustrated,0.793614,displayed,0.776780,illustrates,0.752438
clarke,lowe,0.684905,beck,0.681664,chapman,0.658227,wang,0.657399,ch,0.655352
robotml,bot,0.671222,lab,0.654319,ai,0.646885,automated,0.645137,module,0.640280
tail,bottom,0.739105,tt,0.689081,handle,0.688392,mean,0.681116,body,0.674367
literacy,comprehension,0.752071,learning,0.729106,learner,0.715059,literature,0.710816,reader,0.700721
processing,process,0.862651,processes,0.847450,preprocessing,0.760080,extraction,0.758067,procedure,0.734397
meth,lead,0.679434,gross,0.676820,clean,0.670060,hash,0.668976,toke,0.659892
notkin,non,0.696191,cok,0.640154,no,0.620620,doesn,0.595284,ko,0.595066
questions,question,0.897255,asked,0.835879,queries,0.829127,asking,0.821409,answers,0.816510
https,ssl,0.833153,http,0.802955,www,0.700602,rfc,0.697517,proxy,0.684484
logged,log,0.853429,accounted,0.767400,checked,0.748230,observed,0.744893,marked,0.739421
interchangeably,interchangeable,0.900279,alike,0.828748,identically,0.813737,equivalent,0.808939,identical,0.807041
tion,tions,0.899118,tional,0.887473,ment,0.724295,upon,0.714582,mon,0.706409
mails,mail,0.929685,mailing,0.870000,email,0.842664,addresses,0.773097,pm,0.714087
opposite,contrary,0.859865,reverse,0.831331,negatively,0.787676,against,0.777329,conversely,0.773181
exploring,exploration,0.913855,explore,0.886681,explored,0.873817,exploratory,0.857332,travels,0.781647
clones,clone,0.929298,cloned,0.874180,clonesubid,0.843466,clonescape,0.813425,cloning,0.803394
frank,francisco,0.742596,eric,0.711365,terry,0.707468,travis,0.679182,brief,0.677983
conceivable,possible,0.801213,plausible,0.797042,feasible,0.784274,plausibility,0.769283,unavoidable,0.757844
od,ods,0.856864,ed,0.730097,ad,0.725856,di,0.702072,did,0.694325
interested,curious,0.819381,offered,0.780380,wanted,0.776761,available,0.771254,want,0.766061
main,mains,0.720538,start,0.712107,index,0.702559,site,0.699219,page,0.697176
evidently,apparently,0.932775,obviously,0.877383,seems,0.834910,clearly,0.802874,accordingly,0.766724
individ,independent,0.736607,id,0.732962,determined,0.698927,valid,0.697112,regular,0.690967
indicate,indicating,0.886890,denote,0.865178,indicates,0.850705,specify,0.815939,indication,0.797129
symfony,php,0.680713,plugin,0.641382,plugins,0.634741,perl,0.622942,foss,0.622297
fowler,suited,0.658323,watson,0.656805,tailor,0.651798,practitioner,0.646381,terry,0.644152
ic,ins,0.755087,im,0.742032,interna,0.740775,inter,0.733326,cc,0.730952
equivalent,comparable,0.855306,corresponds,0.840144,similar,0.821204,interchangeably,0.808939,similarly,0.806292
feasible,plausible,0.870954,viable,0.869233,feasibility,0.849631,suitable,0.827983,reasonable,0.805034
suit,suited,0.869142,dress,0.779851,tailor,0.779271,fitting,0.748426,fits,0.745056
perl,php,0.730241,lisp,0.712820,ruby,0.712739,libcyrussasl,0.679127,per,0.673967
contact,call,0.715870,address,0.683310,help,0.682124,location,0.681041,request,0.663815
bavota,duala,0.627125,ba,0.615280,barahona,0.589147,votta,0.586492,sant,0.585651
come,coming,0.856274,bring,0.819749,appear,0.807816,proceed,0.776856,begin,0.768389
assigns,assign,0.936483,assigned,0.913790,assignments,0.899346,allocated,0.792478,allocation,0.764834
command,commands,0.919994,operation,0.768512,operate,0.745702,input,0.723694,execute,0.714604
switching,shifting,0.718399,activating,0.715029,choice,0.714161,activates,0.713646,shift,0.707688
total,sum,0.788019,amount,0.766211,full,0.749619,portion,0.735701,amounts,0.735012
null,blank,0.746214,negative,0.736156,none,0.727357,empty,0.724993,zero,0.714589
others,other,0.926290,some,0.844491,another,0.810617,additional,0.802017,additionally,0.797119
negatively,negative,0.881098,negatives,0.801176,opposite,0.787676,contrary,0.786890,harmful,0.743259
belong,belonging,0.905637,represent,0.834456,become,0.779281,devote,0.777788,participate,0.757017
groups,group,0.898680,grouped,0.839226,organizations,0.820838,groupe,0.770975,teams,0.767129
reposi,repositories,0.931184,repository,0.891297,repos,0.886831,repro,0.754332,reuse,0.734317
nels,nal,0.717943,los,0.710934,pl,0.679648,ne,0.678077,cl,0.672489
such,so,0.834696,thus,0.830185,accordingly,0.790541,otherwise,0.777206,therefore,0.762922
ignoring,ignore,0.909629,avoiding,0.789703,exclude,0.736099,absent,0.717396,contrary,0.714846
fse,exchange,0.729116,se,0.714223,fp,0.689476,suse,0.684557,conse,0.678886
maintaining,maintain,0.933357,keeping,0.873482,ensuring,0.824899,maintenance,0.821857,keep,0.797755
incorporated,incorporate,0.865297,established,0.813363,inc,0.793097,owned,0.783218,org,0.735075
backward,reverse,0.878639,opposite,0.738575,back,0.733627,behind,0.732217,forward,0.728656
affect,affects,0.933080,effect,0.913395,effects,0.845898,impact,0.818723,impacts,0.784977
varies,varying,0.901832,varied,0.835942,variation,0.808369,differs,0.791027,depends,0.786392
scalable,distributed,0.767417,capable,0.732396,decentralized,0.714434,widely,0.714424,feasible,0.711841
reaches,reached,0.811427,across,0.732671,attains,0.728395,ranging,0.712497,range,0.710084
obtaining,obtain,0.922367,obtainers,0.873010,obtained,0.865755,get,0.794500,providing,0.787883
assistant,assistive,0.732500,hired,0.721422,employs,0.720833,companion,0.716291,office,0.703800
referring,referred,0.863554,refer,0.856308,corresponding,0.848554,relating,0.819450,referenced,0.812335
critical,significant,0.747576,important,0.722043,centric,0.692341,importance,0.676115,complex,0.669891
econometrics,regressions,0.765875,economics,0.756827,statistical,0.749111,statistics,0.748983,autoregressive,0.748476
they,them,0.928110,their,0.852940,he,0.818694,there,0.805669,she,0.803289
doesn,does,0.863386,did,0.748568,dis,0.738768,cannot,0.738294,ignore,0.721316
promote,promoted,0.837835,encourage,0.824102,advertise,0.822535,facilitate,0.794412,participate,0.781513
utilized,utilize,0.893392,usage,0.877117,use,0.869514,using,0.860440,uses,0.826879
blogs,posts,0.790698,blog,0.767947,forums,0.707799,tags,0.682535,resources,0.676461
assessing,assess,0.905504,evaluating,0.895359,evaluated,0.830935,examining,0.824757,evaluation,0.821242
trying,attempts,0.845038,attempt,0.831360,tried,0.827164,try,0.805414,efforts,0.746825
problems,problem,0.883084,issues,0.815302,errors,0.810540,failures,0.790292,fixes,0.773337
thomson,davis,0.652068,whitney,0.634868,tp,0.613679,lin,0.611348,springer,0.610974
correspond,corresponding,0.828234,corresponds,0.813543,refer,0.794959,interact,0.786168,indicate,0.773199
each,respective,0.804908,their,0.804055,every,0.791427,respectively,0.790505,themselves,0.784487
riehle,wahler,0.640294,hummel,0.640164,le,0.632268,jorgensen,0.630863,lowe,0.630560
following,follow,0.927809,follows,0.916434,followed,0.910598,along,0.786122,coming,0.774525
provide,providing,0.890014,provides,0.860771,provided,0.856512,need,0.826977,bring,0.807766
milestone,milestones,0.910555,achieved,0.733620,significant,0.724620,reached,0.708489,notable,0.704243
far,distant,0.750032,near,0.732141,widely,0.730094,much,0.707716,forward,0.707661
zimmermann,kaufmann,0.734715,von,0.655757,monden,0.652749,germany,0.642495,wermelinger,0.629879
opdyke,latke,0.611291,okine,0.606649,koschke,0.603438,cok,0.596788,pk,0.596261
directories,directory,0.887469,folder,0.757852,files,0.717373,locations,0.693535,domains,0.687206
lan,net,0.738766,networking,0.727453,network,0.727197,servers,0.701128,cisco,0.689567
inference,inferring,0.908868,infer,0.842232,assume,0.783851,assumptions,0.781777,determining,0.770136
resulted,resulting,0.905275,result,0.903018,outcome,0.896625,outcomes,0.829483,concluded,0.798893
social,socially,0.935537,society,0.784467,facebook,0.747128,party,0.739874,community,0.730285
curated,curating,0.757090,collected,0.747177,hosted,0.740401,categorized,0.734002,curate,0.723188
season,seasonal,0.867101,seasonality,0.802863,months,0.728997,fall,0.724920,forecast,0.719872
exactly,precisely,0.942693,exact,0.854712,correct,0.829998,indeed,0.829690,accurately,0.818814
osate,osei,0.651568,step,0.627743,tive,0.624452,od,0.624422,okine,0.622664
al,ar,0.739187,il,0.722778,tal,0.702408,el,0.701997,ac,0.688586
stand,stands,0.900771,hold,0.765021,holds,0.734367,derstanding,0.720653,demonstrate,0.717062
et,etc,0.774417,ed,0.734609,es,0.729644,ele,0.713616,el,0.709184
latke,cok,0.660052,lincke,0.659681,ko,0.641129,pk,0.633840,koschke,0.631037
framework,frameworks,0.923022,foundation,0.725814,brackets,0.714687,block,0.709438,foundations,0.708803
investigates,investigating,0.944131,investigated,0.916270,investigation,0.915732,investigate,0.912436,investigations,0.880636
limiting,limit,0.889410,limits,0.866473,limitations,0.792450,limited,0.773476,restricted,0.752432
faulring,viding,0.777989,teresting,0.751996,esting,0.740580,isting,0.718687,ing,0.717230
decision,decisions,0.915235,decided,0.850874,decide,0.825506,deciding,0.821955,choice,0.769889
upper,above,0.777112,higher,0.764271,up,0.740351,highest,0.733512,high,0.729357
extend,extended,0.844162,expand,0.802340,accept,0.794573,continue,0.785257,respect,0.756407
way,ways,0.887741,how,0.760013,direction,0.752569,side,0.714511,method,0.708060
arbitrary,random,0.755917,erroneous,0.749338,unwanted,0.738739,reasonable,0.720348,meaningful,0.715726
growing,grows,0.925940,growth,0.918627,grow,0.906581,grown,0.847112,increasing,0.803524
begel,devel,0.690218,le,0.672983,sant,0.650711,el,0.649002,appli,0.637355
answers,answer,0.906757,answered,0.884378,responses,0.852745,questions,0.816510,question,0.786476
reason,reasons,0.870669,why,0.806422,cause,0.800910,because,0.785452,explanation,0.752529
trimmed,cut,0.802185,cuts,0.752269,reduced,0.717663,extracted,0.703596,full,0.698006
last,end,0.807791,least,0.755234,remaining,0.749449,previous,0.742985,ending,0.741489
canada,bc,0.770632,ontario,0.764736,australia,0.754369,toronto,0.752325,usa,0.743832
connectsocket,easysslsocketfactory,0.725560,socket,0.715086,networking,0.668323,connected,0.665017,fakesocketfactory,0.664588
retrieval,retrieved,0.800315,extracting,0.747917,obtaining,0.744892,searching,0.722764,extraction,0.713017
lsa,clas,0.701920,lm,0.666055,san,0.663499,lda,0.655611,jss,0.647660
pagano,lozano,0.637893,wilcoxon,0.631486,damian,0.628669,harrison,0.624711,none,0.624095
im,am,0.771392,mis,0.752609,pm,0.751115,aim,0.744983,ic,0.742032
age,old,0.805415,young,0.775786,younger,0.771189,lifespan,0.768842,ageclient,0.763390
pii,pi,0.756702,ci,0.727832,bi,0.712999,pri,0.710275,di,0.706752
uniquely,unique,0.918445,uniqueness,0.895334,distinct,0.796702,uncommon,0.796553,unusually,0.783370
bsd,linux,0.751676,foss,0.735081,git,0.708792,suse,0.701140,db,0.688915
trained,training,0.841036,tested,0.751387,learned,0.725736,experienced,0.711370,adapted,0.710202
open,opens,0.947461,opened,0.903713,opening,0.880632,available,0.779495,ready,0.763476
journeyman,job,0.712955,employed,0.693620,working,0.686525,engineer,0.677067,work,0.669210
section,sections,0.906612,subsection,0.816863,subsections,0.804858,part,0.767339,contents,0.733506
culture,art,0.745040,literature,0.732185,environment,0.712775,society,0.705371,sciences,0.703706
sons,family,0.711874,parents,0.700943,parent,0.685423,mens,0.666702,pairs,0.659086
finding,find,0.917883,searching,0.842075,finds,0.824210,looking,0.814752,seeking,0.812100
eighteenth,nov,0.677719,october,0.675406,november,0.672024,oct,0.667978,eight,0.649835
building,constructing,0.842097,construction,0.837607,build,0.828701,architecture,0.775811,built,0.771338
ma,mb,0.774369,mu,0.733290,lam,0.728289,im,0.719043,miss,0.717626
futurecsd,future,0.757778,cs,0.677290,prospective,0.645475,cscw,0.632689,acm,0.628328
blank,empty,0.801899,null,0.746214,random,0.735015,nothing,0.730161,absent,0.721661
service,serve,0.780502,maintenance,0.776811,repair,0.770761,customer,0.760823,serves,0.750550
daily,today,0.899838,day,0.865399,days,0.768820,currently,0.761770,nowadays,0.757456
brand,product,0.738737,company,0.736675,kind,0.719991,name,0.716781,firm,0.709614
adopting,adoption,0.933683,adopted,0.880061,accepting,0.755329,giving,0.719455,applying,0.699962
commented,comments,0.881932,comment,0.880020,noted,0.775402,stated,0.761866,mentioned,0.758430
belonging,belong,0.905637,relating,0.791578,representing,0.761858,cohesion,0.733989,joining,0.731017
dnsjava,dns,0.808577,jdnssec,0.746488,domain,0.651211,httpieredditdjango,0.647982,jdk,0.640171
importance,important,0.894748,significance,0.826165,significant,0.785464,relevance,0.781977,must,0.779769
serves,served,0.911794,serve,0.855821,cater,0.776709,provides,0.752145,service,0.750550
labs,lab,0.928000,tests,0.758544,testing,0.732670,experiments,0.730009,tested,0.719196
ocr,font,0.709160,visual,0.692246,pdf,0.683367,graphic,0.679993,input,0.673068
depending,depends,0.903434,if,0.798366,depend,0.783736,whether,0.769675,relies,0.762591
gateway,portal,0.814211,nexus,0.688815,oracle,0.671056,gatein,0.670928,tech,0.666993
until,since,0.770649,while,0.753641,subsequently,0.736249,duration,0.719989,after,0.719576
coarse,roughness,0.758243,hard,0.725335,mature,0.682699,broad,0.682273,clearer,0.680744
joint,pair,0.715578,pairs,0.684492,hand,0.681304,together,0.678302,combine,0.671391
adds,adding,0.862438,add,0.860008,additions,0.846800,addition,0.769505,invited,0.761199
filkov,russia,0.620066,vladimir,0.604247,fn,0.563559,fu,0.561257,erik,0.560551
purposes,purpose,0.906106,aims,0.776875,uses,0.752174,reasons,0.746884,functionalities,0.737075
transformation,transformations,0.941402,transform,0.917118,evolves,0.756179,becomes,0.750817,change,0.748478
testing,tests,0.893845,test,0.858862,tested,0.841174,assessing,0.777386,exam,0.767996
assumption,assumptions,0.882006,assumed,0.880888,assume,0.860702,imply,0.793330,assertions,0.778968
prog,pro,0.754585,proc,0.730880,genprog,0.729393,instrumental,0.698840,symp,0.688149
reporting,report,0.906403,reports,0.867539,reported,0.813086,informing,0.707868,monitoring,0.704951
borders,boundaries,0.854695,boundary,0.815335,edges,0.757482,lines,0.744795,outlines,0.709422
indirectly,directly,0.819805,direct,0.756513,furthermore,0.749315,conversely,0.748487,slightly,0.728188
graphically,graphic,0.841965,visualizes,0.806114,depicts,0.794604,visual,0.790585,illustrates,0.771478
reject,rejected,0.873752,accept,0.766011,ignore,0.752073,avoid,0.745851,opposed,0.742919
avoid,avoiding,0.805152,ignore,0.793990,avoided,0.789275,reject,0.745851,harmful,0.737840
brocade,pattern,0.667727,patterns,0.667698,paper,0.650180,colors,0.647099,design,0.637988
weimer,wahler,0.680416,wermelinger,0.653260,krieger,0.651998,ger,0.648343,pinzger,0.647626
fu,ful,0.781403,nu,0.757543,fn,0.748222,ultimate,0.720378,su,0.719797
diversity,diverse,0.902350,variety,0.810221,varied,0.765506,inclusion,0.744547,distinct,0.730280
tabs,tabbing,0.857843,finds,0.671333,outlines,0.669787,fragments,0.669109,db,0.666526
increased,increase,0.911210,increasing,0.890764,increases,0.882714,broadened,0.759199,gained,0.758083
work,working,0.899757,works,0.796979,employed,0.785838,employs,0.764215,tasks,0.755275
ods,od,0.856864,eds,0.752052,ous,0.707800,mands,0.707407,ids,0.694352
disparity,uneven,0.745479,asymmetry,0.737705,contrasted,0.735957,differences,0.733116,difference,0.723256
stuart,erik,0.656365,rohan,0.645826,coarse,0.641453,eric,0.639813,relative,0.639142
autogenrated,auto,0.786236,automatic,0.779031,automated,0.753131,automatically,0.733968,automatable,0.730177
supportive,supported,0.841444,supporting,0.801734,support,0.783781,positive,0.766896,helps,0.759673
ch,chi,0.798575,cc,0.736038,bc,0.711909,ci,0.711019,chiu,0.709300
overestimate,overestimation,0.922964,underestimating,0.878582,underestimation,0.818151,estimated,0.769432,over,0.749947
acceleo,metric,0.661768,movement,0.652214,active,0.649238,stride,0.648762,io,0.641288
changed,changes,0.896165,change,0.861920,edited,0.787457,modified,0.779067,different,0.763422
bernstein,conducts,0.683296,fourier,0.645767,plotted,0.644625,dt,0.635230,db,0.633596
central,centrally,0.898469,center,0.861196,centralized,0.829767,middle,0.791184,mid,0.748430
files,file,0.897986,documents,0.791817,folder,0.773822,filename,0.772632,formats,0.771231
ized,itted,0.799013,ited,0.771513,cated,0.734963,sified,0.705218,won,0.697948
borrow,borrowing,0.907419,borrowed,0.891715,refer,0.770823,afford,0.769060,spend,0.764365
subversion,repository,0.696141,foss,0.695992,versioning,0.692173,bsd,0.675224,git,0.667331
programs,program,0.874321,projects,0.792808,shows,0.790410,activities,0.760557,classes,0.757294
attributes,attribute,0.897506,characteristics,0.805020,values,0.730015,descriptors,0.713486,characterizing,0.709462
forges,fashioned,0.684301,makes,0.668214,builders,0.663042,artifacts,0.660737,construction,0.656400
longitude,latitude,0.769387,coordinates,0.709751,geographic,0.686678,geographically,0.676534,metric,0.650171
communications,networking,0.766495,talking,0.736957,networks,0.731942,network,0.719786,informing,0.716564
merging,merge,0.953703,merged,0.916915,unifying,0.810503,combine,0.803648,combined,0.739721
ha,ith,0.748734,lh,0.720540,high,0.713531,human,0.709489,ma,0.705215
blackbox,box,0.769357,black,0.641181,setup,0.617965,computer,0.609238,device,0.609228
out,off,0.813292,released,0.782281,outnumber,0.751795,eliminated,0.749753,release,0.737902
ment,tant,0.760160,tation,0.756716,dit,0.744817,itted,0.739944,implemen,0.739628
virtual,online,0.746169,vs,0.701779,visual,0.701353,vue,0.685742,digital,0.667881
named,names,0.836092,name,0.825501,identified,0.800282,renaming,0.740129,known,0.736545
axes,axis,0.852704,edges,0.710967,figures,0.706419,graphs,0.693321,tools,0.692844
java,programming,0.779929,netbeans,0.770397,jdk,0.764786,javascript,0.753933,coding,0.736100
net,network,0.782995,web,0.767922,networks,0.746829,lan,0.738766,com,0.734148
centric,focused,0.767876,oriented,0.724312,centrally,0.724173,focuses,0.720399,focus,0.708338
components,component,0.907884,parts,0.813630,elements,0.751843,systems,0.743814,part,0.729647
triumphs,attains,0.744412,achieved,0.728543,success,0.704367,highlights,0.697660,overcome,0.692173
servers,hosting,0.745177,lan,0.701128,serves,0.681655,computers,0.681365,systems,0.676043
cy,ty,0.718382,cc,0.702112,mon,0.692173,ch,0.690506,xi,0.687423
cmsandroid,android,0.699243,device,0.657602,nexus,0.636060,sdk,0.635489,app,0.634049
glondu,npdu,0.686275,lu,0.635320,dou,0.624566,lam,0.604826,lau,0.601294
codeanalyzer,coder,0.779126,coding,0.718200,code,0.717112,analyzing,0.715235,coded,0.714983
gcc,compiler,0.740463,cong,0.699445,canonical,0.694384,bsd,0.680592,ch,0.679355
conf,con,0.714142,cong,0.709860,contri,0.706707,conse,0.693592,dif,0.685504
citation,referenced,0.758442,references,0.749369,pdf,0.730184,tribution,0.722400,note,0.709046
universidad,university,0.834334,edu,0.759861,degree,0.708588,bu,0.694289,academic,0.691728
amount,amounts,0.943904,quantities,0.854761,portion,0.802824,sum,0.792414,total,0.766211
inclined,oriented,0.785261,toward,0.700310,horizontal,0.698330,up,0.697850,towards,0.694451
decompose,decomposing,0.887565,decomposition,0.840021,decay,0.773665,slime,0.734987,evolve,0.711336
participating,participation,0.912898,participate,0.882242,participated,0.855413,contributing,0.847484,participants,0.835718
cannot,unable,0.909463,impossible,0.835346,doesn,0.738294,wrong,0.723873,allows,0.716008
peak,peaks,0.886815,high,0.732315,highest,0.730838,max,0.713399,maximum,0.697261
facilitated,facilitates,0.877835,facilitate,0.859929,initiated,0.792767,enabling,0.787747,provided,0.777956
lowe,schneider,0.694025,clarke,0.684905,ware,0.663280,ar,0.658505,roberts,0.650176
dark,darker,0.922394,black,0.803940,sun,0.733321,bad,0.729484,red,0.727011
dahlander,penguin,0.668733,nordic,0.663153,jorgensen,0.657294,sweden,0.650591,erik,0.634972
hour,hours,0.834468,time,0.826736,am,0.734009,day,0.719138,duration,0.706872
penguin,bird,0.755357,dahlander,0.668733,bear,0.652769,human,0.630497,figure,0.620295
cbm,scm,0.695489,bma,0.687667,acm,0.686970,lm,0.680242,cocomo,0.679466
administrators,managers,0.758173,management,0.724320,manager,0.697250,editors,0.690557,teachers,0.684070
cooperative,cooperation,0.816577,cooperate,0.743225,collaborative,0.704237,collaboration,0.695342,together,0.690775
histogram,his,0.712714,picture,0.707077,image,0.700975,he,0.692200,data,0.690608
traces,tracing,0.882127,traced,0.881351,tracks,0.758537,outlines,0.738910,tracked,0.721323
upon,onto,0.791761,subsequently,0.736426,than,0.729244,each,0.716435,tion,0.714582
pareto,optimal,0.678307,pro,0.664926,par,0.660201,max,0.655453,advantage,0.651526
creation,creating,0.844488,create,0.800341,evolution,0.747304,formation,0.742445,existence,0.741906
npdu,npdr,0.751811,nu,0.694459,glondu,0.686275,nec,0.678670,nd,0.660821
til,learned,0.754306,noticed,0.749434,surprising,0.732996,surprisingly,0.717268,interesting,0.714646
builders,builds,0.777863,construction,0.775504,constructing,0.771347,building,0.768017,build,0.760730
eric,erik,0.811029,frank,0.711365,wesley,0.687529,ericsson,0.683088,able,0.674804
encourage,encourages,0.893583,motivate,0.836792,facilitate,0.833945,promote,0.824102,participate,0.782778
inferring,infer,0.928283,inference,0.908868,determining,0.782422,assume,0.774770,assumptions,0.755399
cutoffs,cuts,0.785272,cut,0.772097,off,0.702364,estimates,0.697174,limits,0.692672
ple,plete,0.804816,pl,0.759010,ase,0.699464,ele,0.693963,ence,0.687310
modify,modification,0.911993,modified,0.879485,modifications,0.873965,edit,0.776965,revisions,0.763046
cvsanaly,cvs,0.741669,cc,0.707411,ci,0.668726,ca,0.658061,cy,0.652544
object,objects,0.907533,item,0.759531,matter,0.735986,shape,0.732402,subject,0.716529
collaborating,collaboration,0.967909,collaborate,0.909415,collaborative,0.903921,collaboratively,0.891438,collaborations,0.891437
middle,mid,0.902131,central,0.791184,center,0.752689,centrally,0.740396,half,0.720762
numbers,number,0.918908,num,0.763349,outnumber,0.757313,counts,0.750752,count,0.749863
maalej,mahout,0.625847,je,0.597780,maffulli,0.575187,raja,0.573091,ma,0.572002
oper,opers,0.894173,opment,0.771371,edition,0.678446,object,0.667716,office,0.660790
universal,ultimate,0.801658,united,0.735432,interchangeable,0.684317,equal,0.681029,globally,0.676370
deeper,depth,0.829559,delved,0.778093,harder,0.754003,below,0.743027,darker,0.738076
ith,its,0.764628,itive,0.753429,itted,0.752338,ha,0.748734,lh,0.735726
num,numerator,0.787224,number,0.787055,nu,0.767444,numbers,0.763349,outnumber,0.733782
compensated,compensation,0.907297,compensate,0.836539,paid,0.809023,provided,0.749983,accounted,0.749058
deursen,de,0.693474,monden,0.683600,fn,0.646191,poten,0.636084,mon,0.627484
rename,renaming,0.932143,redo,0.745407,changed,0.717499,merge,0.715224,named,0.714663
buy,save,0.812569,spend,0.788057,get,0.778324,invest,0.777341,want,0.765509
ceived,paid,0.781190,given,0.776220,provided,0.773753,served,0.769724,validated,0.760520
characterize,characterizing,0.924197,identify,0.808210,describe,0.801143,distinguish,0.784713,identifying,0.778345
invite,invited,0.950216,invitation,0.904909,joining,0.766057,solicited,0.762971,interested,0.758602
ticular,tional,0.737238,tivariate,0.698594,tive,0.687427,tion,0.673401,tio,0.671538
oldest,old,0.782031,age,0.698366,largest,0.695794,last,0.675962,best,0.668809
referenced,references,0.854178,mentioned,0.821670,referred,0.814456,referring,0.812335,relevant,0.766222
moa,mea,0.728688,ao,0.702354,ma,0.654059,mar,0.622042,nm,0.617563
opened,opens,0.913836,open,0.903713,opening,0.881302,entered,0.759710,entering,0.756811
identifiers,identifier,0.918478,identities,0.831374,identification,0.826396,ids,0.818879,identifying,0.812293
initialize,initializing,0.922837,initialization,0.872655,initializations,0.836022,beginning,0.688250,begin,0.679011
chosen,chose,0.865060,selected,0.842714,taken,0.794980,choice,0.785927,given,0.773907
happily,successful,0.787573,successfully,0.782008,positive,0.766379,gladly,0.766094,positives,0.754023
occurrence,occurrences,0.918013,occur,0.878673,occurs,0.871521,phenomenon,0.779706,phenomena,0.778820
affordances,usability,0.740503,interfaces,0.702014,assistive,0.701478,ui,0.700112,interface,0.689408
completely,fully,0.834850,complete,0.832926,utterly,0.817170,entire,0.789611,solely,0.764231
machines,machine,0.912206,computers,0.774541,technology,0.725042,mechanisms,0.721435,systems,0.711227
cal,ca,0.848956,california,0.816475,tan,0.726733,bc,0.718708,ia,0.690877
monday,sunday,0.758273,today,0.752373,saturday,0.723463,daily,0.719240,day,0.717473
generic,regular,0.698173,brand,0.691984,indication,0.673593,generalized,0.672691,fits,0.664297
become,becomes,0.857334,becoming,0.852159,appear,0.806864,create,0.795631,grow,0.785190
commonly,typically,0.892032,usually,0.848558,often,0.843689,frequently,0.808818,generally,0.800741
nities,nity,0.862420,erties,0.747573,nies,0.744422,niques,0.724431,nique,0.707518
allocation,allocated,0.917290,assigns,0.764834,redistribute,0.749097,assigned,0.736919,assign,0.735167
factor,factors,0.917934,coefficient,0.705989,if,0.699628,predictor,0.684297,complement,0.680516
murphy,thomas,0.668169,green,0.650578,davis,0.649485,roberts,0.645482,val,0.635945
soft,softw,0.779594,smooth,0.767405,fuzzy,0.761954,smooths,0.708342,raw,0.706311
purpose,purposes,0.906106,function,0.775438,aims,0.750246,cause,0.749966,goal,0.747355
green,red,0.759435,colors,0.759065,coloured,0.758987,blue,0.751043,environment,0.718287
nordic,european,0.688991,sweden,0.681434,nu,0.679738,dahlander,0.663153,nd,0.652373
element,elements,0.901039,el,0.746116,ele,0.742932,earth,0.716126,fe,0.713350
existing,existence,0.882279,exist,0.877180,exists,0.876048,existance,0.875990,being,0.804869
calendar,events,0.712311,page,0.687359,main,0.672781,upcoming,0.672469,event,0.670632
alternative,instead,0.781665,option,0.755716,viable,0.723255,different,0.719621,opposite,0.718913
science,sciences,0.907235,scientific,0.847796,engineering,0.800981,evolution,0.760460,technology,0.760434
rajan,raja,0.862342,monden,0.668957,rohan,0.627988,kaufmann,0.626391,deursen,0.625277
comparatively,comparable,0.842952,conversely,0.838090,compared,0.837367,relatively,0.826748,comparison,0.807553
fall,spring,0.749661,october,0.745543,leaves,0.729316,season,0.724920,seasonal,0.721485
direct,directly,0.901074,indirectly,0.756513,refer,0.751049,get,0.738855,proceed,0.735733
half,portion,0.766751,percentage,0.755285,percentages,0.748093,ratio,0.741510,whole,0.738358
match,matched,0.894404,matching,0.890890,matches,0.882401,matchers,0.830389,game,0.752088
misinterpreted,misunderstood,0.856060,misconception,0.791789,misleading,0.789933,mistaken,0.787487,erroneous,0.758587
fitzgerald,xi,0.660706,ava,0.631505,cyrus,0.616891,papatheocharous,0.614432,fidelity,0.614071
preprocessing,processing,0.760080,normalization,0.757212,normalize,0.723867,analyzing,0.720384,process,0.706947
miss,ma,0.717626,natalie,0.708193,min,0.693942,im,0.687503,margaret,0.686504
occasional,occasionally,0.895385,rarely,0.817475,sporadic,0.814327,frequently,0.806458,seldom,0.800656
meaningful,significant,0.801356,significance,0.786505,useful,0.783805,valid,0.779626,relevant,0.771928
conclusion,conclusions,0.926625,concludes,0.916884,conclude,0.876891,concluded,0.872114,summary,0.779226
variate,variable,0.807916,var,0.766514,variables,0.740935,dimensional,0.739924,tivariate,0.733497
chiu,chi,0.788285,chan,0.745669,dou,0.728132,li,0.715887,ch,0.709300
msli,mul,0.728750,msr,0.709178,nal,0.690896,sasl,0.685946,tial,0.669790
outliers,variability,0.708564,irregularities,0.699384,deviation,0.690233,inaccuracies,0.682987,skewed,0.680403
exact,precisely,0.884948,accurately,0.863360,exactly,0.854712,accurate,0.841370,precise,0.825342
myers,thomas,0.689276,ct,0.665205,tail,0.655322,th,0.645121,gonzalez,0.644882
eng,en,0.710199,document,0.666012,article,0.662144,content,0.661199,es,0.660757
issue,issues,0.866390,problem,0.855458,problems,0.771656,concerns,0.746393,conflicting,0.726818
uniform,uniformity,0.767881,dress,0.718520,suit,0.711264,fitted,0.708487,fitting,0.707908
xuan,xi,0.694533,xie,0.686009,han,0.669305,tan,0.658792,yu,0.657375
least,less,0.827923,minimum,0.803123,minimal,0.762939,last,0.755234,lower,0.750010
washington,dc,0.770714,seattle,0.769209,state,0.683336,bc,0.681928,usa,0.676805
debug,bug,0.739538,bugginess,0.692257,bugs,0.684529,defect,0.672457,log,0.656832
idega,idegawe,0.779187,madgag,0.649575,ides,0.625837,jgb,0.620265,ide,0.615529
tect,tation,0.738600,ment,0.729474,th,0.724654,htt,0.717572,yactual,0.715769
strings,tostring,0.719970,loops,0.719144,lengths,0.692287,keys,0.691972,objects,0.690517
datasets,dataset,0.936489,data,0.834011,datapoints,0.769388,databases,0.751710,files,0.735691
expand,extend,0.802340,grow,0.788114,explore,0.775624,zoom,0.763582,bigger,0.760557
base,basis,0.827122,based,0.748766,basic,0.737428,ground,0.726384,derived,0.711226
individuals,individual,0.922276,persons,0.904842,people,0.828645,humans,0.804760,themselves,0.784102
key,keys,0.812966,none,0.752442,source,0.747660,country,0.729513,keywords,0.709616
drop,drops,0.901633,decrease,0.722669,lower,0.711976,spot,0.711428,dump,0.695418
serialization,serializations,0.925851,json,0.685889,xml,0.650371,java,0.645440,tostring,0.637036
dominated,dominant,0.809611,owned,0.777569,won,0.774660,controlled,0.729804,achieved,0.727345
now,currently,0.874407,nowadays,0.836808,present,0.832694,today,0.820667,here,0.819075
accessed,access,0.835259,retrieved,0.782444,obtained,0.776677,utilized,0.739140,open,0.734966
estimations,estimates,0.930831,estimation,0.917308,estimating,0.898917,estimate,0.876154,estimated,0.873405
lopes,lozano,0.725150,torres,0.659272,players,0.653745,thomas,0.644747,brazil,0.643655
bagert,br,0.660519,witten,0.653261,baker,0.644683,roberts,0.639377,fernandez,0.639030
commitment,committed,0.909707,commit,0.844824,promise,0.805387,committer,0.797422,pacted,0.785795
toward,towards,0.972743,forward,0.813710,direction,0.766294,proceed,0.742946,along,0.738673
code,coding,0.858580,coded,0.857972,coder,0.769716,programming,0.760276,codelink,0.727653
citrine,okine,0.627154,tin,0.601872,natural,0.596559,tive,0.595569,fluorite,0.594388
guages,measurements,0.711998,lengths,0.708836,measurement,0.703849,measured,0.700782,measuring,0.700140
fridays,friday,0.909127,weekly,0.831055,weekend,0.773074,week,0.759837,thurs,0.736720
climbing,exploring,0.689911,challenging,0.675439,outside,0.675151,guiding,0.666761,progression,0.661466
october,november,0.783003,august,0.779305,oct,0.771670,july,0.758550,fall,0.745543
approximately,roughly,0.921597,approx,0.899504,considerably,0.785760,accurately,0.778079,practically,0.776419
forgetting,memory,0.782254,undo,0.715452,ignoring,0.699282,deleting,0.685447,reflect,0.675505
zaidman,mann,0.652707,spearman,0.620275,ekram,0.604069,barkmann,0.598568,lm,0.594082
steady,steadily,0.835964,smooth,0.808377,stable,0.808351,consistent,0.794432,stability,0.786189
you,your,0.919308,yourself,0.872633,we,0.729059,here,0.713492,choose,0.704237
mars,space,0.738300,earth,0.730423,nasa,0.717040,science,0.700416,sun,0.669998
traced,tracing,0.908257,traces,0.881351,tracked,0.803485,followed,0.760863,tracking,0.751234
borrowing,borrow,0.907419,borrowed,0.839924,interest,0.729885,credit,0.726341,finance,0.715891
modified,modification,0.913016,modifications,0.888893,modify,0.879485,adapted,0.800907,changed,0.779067
participation,participating,0.912898,participate,0.869408,participated,0.846028,participants,0.837067,involvement,0.829084
ins,ic,0.755087,interna,0.742420,ists,0.741432,inter,0.725392,ing,0.723371
scratch,tool,0.738743,creat,0.723153,click,0.719482,traced,0.716189,gimp,0.714198
ix,xi,0.773186,nine,0.770991,eight,0.691939,ith,0.686486,xii,0.672985
overhead,above,0.761807,over,0.696112,overlapping,0.676830,heavier,0.665878,overlap,0.663052
associated,association,0.874173,involvement,0.769982,relating,0.747184,involved,0.743183,linked,0.735678
mains,main,0.720538,core,0.706819,primary,0.704966,standard,0.695388,traditional,0.690184
modern,nowadays,0.777248,newer,0.740645,present,0.729830,sophisticated,0.725692,now,0.723652
expert,experts,0.895791,expertise,0.853015,intelligent,0.767448,professional,0.763190,experienced,0.746971
reverse,backward,0.878639,opposite,0.831331,undo,0.759865,redo,0.728233,back,0.725196
tuned,adapted,0.744105,fitted,0.734290,tailored,0.729862,modified,0.704185,fitting,0.697076
understood,understand,0.835391,explained,0.780466,understanding,0.778537,accepted,0.778179,known,0.776487
assignments,assigns,0.899346,assigned,0.873291,assign,0.841511,tasks,0.782690,allocated,0.728624
teractive,active,0.802635,actively,0.790844,teresting,0.745288,activity,0.734810,ternational,0.733090
fp,tp,0.790505,pp,0.765031,ufp,0.756944,fn,0.753333,afp,0.716051
worrying,concerned,0.886980,concerns,0.850577,apprehensive,0.827274,threat,0.748685,threats,0.737861
classifications,classification,0.960330,classifying,0.900805,categorization,0.873766,classify,0.849875,categorize,0.822935
technology,tech,0.891178,computing,0.762563,science,0.760434,engineering,0.759180,software,0.758333
traditional,traditionally,0.915345,standard,0.782617,original,0.762743,regular,0.749272,formal,0.742098
contrasted,contrast,0.875103,compared,0.815365,differs,0.813711,comparison,0.799486,differences,0.785006
web,websites,0.823573,www,0.820918,html,0.796573,net,0.767922,link,0.742166
fork,forks,0.915124,forked,0.896789,forking,0.878875,tool,0.704009,forkedkrepository,0.687514
exchange,exchanging,0.921636,fse,0.729116,offered,0.720326,transactions,0.715689,offer,0.712904
contents,content,0.878272,sections,0.751438,section,0.733506,description,0.732498,contains,0.725508
seamlessly,readily,0.752199,easily,0.739928,identically,0.718383,complete,0.715459,completely,0.708134
know,understand,0.863100,knowledge,0.845405,knowing,0.841852,known,0.815205,aware,0.806179
requirement,requires,0.914127,required,0.912829,require,0.875279,need,0.814264,must,0.806906
closely,closest,0.825114,closer,0.823885,carefully,0.818767,resemble,0.766047,close,0.760239
shah,hassan,0.671954,raja,0.666839,harrison,0.658023,zhang,0.650119,ch,0.644429
grained,granular,0.792959,granularity,0.759667,fashioned,0.685130,coarse,0.678122,normalized,0.677328
codeshare,sharing,0.772955,share,0.766522,shared,0.744644,codelink,0.742514,cooperate,0.723203
geographic,geographically,0.895630,spatial,0.796419,latitude,0.738308,geocoding,0.732726,mapping,0.722372
cloning,clone,0.821161,cloned,0.813093,clones,0.803394,copying,0.720716,clonesubid,0.717941
filter,filtered,0.854904,filtration,0.820510,clean,0.706755,select,0.700493,tool,0.699252
itemset,set,0.806507,sets,0.806482,toolset,0.776577,items,0.759052,objects,0.728888
findings,conclusions,0.832884,finds,0.828195,observations,0.817122,investigated,0.783470,finding,0.778183
did,do,0.826476,does,0.824597,won,0.811352,said,0.768439,performed,0.756874
hat,represents,0.700194,suit,0.699466,suited,0.696487,crown,0.694300,fits,0.694025
company,companies,0.806614,product,0.795701,team,0.744440,brand,0.736675,firm,0.724299
encourages,encourage,0.893583,facilitates,0.831867,facilitate,0.792804,facilitated,0.772226,helps,0.757008
itive,ited,0.761344,ith,0.753429,its,0.751325,itted,0.728697,tive,0.714336
select,selecting,0.899205,choose,0.881410,chose,0.812813,selected,0.805277,selection,0.777488
oliveto,sillito,0.698444,io,0.666198,orange,0.662711,tio,0.662375,el,0.630808
je,john,0.734157,jesu,0.729448,se,0.723511,el,0.716891,juan,0.715005
keeping,keep,0.916537,maintaining,0.873482,staying,0.835392,storing,0.809741,maintain,0.805712
jedit,jdt,0.744246,jst,0.687066,tect,0.675780,jgit,0.669258,ment,0.668537
presented,shown,0.841650,showed,0.838931,presentation,0.836592,demonstrated,0.830279,provided,0.808060
edit,edited,0.899625,edits,0.887259,editing,0.884502,editor,0.817238,modify,0.776965
small,tiny,0.920143,smaller,0.905794,little,0.856427,short,0.796808,size,0.785871
around,near,0.771577,areas,0.754525,somewhere,0.749341,elsewhere,0.747264,area,0.734389
fact,facts,0.887934,true,0.759665,reality,0.744775,know,0.719450,actual,0.716838
accurate,accurately,0.920528,true,0.847135,exact,0.841370,correct,0.831496,precisely,0.824189
returned,return,0.831428,returns,0.827525,rejected,0.762515,tried,0.739798,back,0.734111
historical,historic,0.888691,past,0.742589,history,0.709731,traditional,0.695452,interesting,0.693436
syntax,syntactic,0.870400,parsing,0.738964,lisp,0.734857,semantics,0.720374,language,0.719743
coverity,protection,0.716801,expose,0.678383,fits,0.654901,appearance,0.652646,fit,0.641762
butcher,handle,0.683952,tool,0.653070,handles,0.649457,cut,0.646841,bull,0.640806
imum,imental,0.722474,im,0.711583,num,0.678899,toomim,0.668143,ekram,0.661540
ited,itted,0.860006,ized,0.771513,itive,0.761344,its,0.752978,cated,0.732493
dourish,dou,0.686964,dabbish,0.678617,prunes,0.667626,hash,0.644977,diverse,0.618825
watson,arrow,0.683880,gonzalez,0.658323,fowler,0.656805,lab,0.652478,hp,0.651212
motivation,motivate,0.871655,goals,0.776400,goal,0.745986,determination,0.736876,encourage,0.733232
defying,contradicting,0.778373,contrary,0.736302,contradictory,0.735822,against,0.711157,exceeding,0.702010
analyzes,analyze,0.956620,analyzing,0.944642,analyzed,0.931523,analysis,0.894103,examines,0.850591
cuts,cut,0.934868,cutoffs,0.785272,trimmed,0.752269,splits,0.725363,splitting,0.710173
vif,vibha,0.720072,dif,0.706172,vi,0.705654,vide,0.694994,tive,0.680593
gained,gain,0.889089,obtained,0.821722,won,0.810801,achieved,0.792895,spent,0.772563
maximum,max,0.856594,maximize,0.841904,highest,0.772670,greatest,0.758022,optimal,0.757324
driven,drove,0.922168,driving,0.766715,followed,0.751931,carried,0.746799,traced,0.740891
minutes,meeting,0.719817,brief,0.703930,measures,0.702485,session,0.701078,sessions,0.698008
visualization,visualizations,0.946841,visualizes,0.914536,visualize,0.873297,visualiza,0.859139,visual,0.802196
department,classification,0.715133,organizational,0.693052,office,0.687863,classifications,0.683155,management,0.681497
enables,enable,0.918260,enabled,0.848594,enabling,0.829574,allows,0.801182,facilitates,0.781988
mvdetsen,mann,0.656589,poten,0.637885,dit,0.630328,monden,0.615127,ment,0.603067
china,countries,0.727340,korea,0.726927,country,0.722660,world,0.720221,russia,0.720143
colors,coloured,0.857178,coloring,0.812296,red,0.791095,blue,0.779936,green,0.759065
cluster,clusters,0.952526,clustered,0.883796,clustering,0.838912,modelclusterer,0.736009,communities,0.698299
share,sharing,0.907268,shared,0.862540,contribute,0.800597,shares,0.793737,codeshare,0.766522
consequence,consequences,0.922053,implications,0.849547,implication,0.835934,effect,0.797905,effects,0.783180
principles,concepts,0.739792,policies,0.730434,policy,0.723543,goals,0.722859,concept,0.719415
jnr,jna,0.717276,rd,0.679558,jst,0.673198,rs,0.672427,rt,0.663059
roughly,approximately,0.921597,approx,0.826312,practically,0.810178,precisely,0.796840,accurately,0.782096
nm,ne,0.779031,ng,0.754242,fn,0.729162,ma,0.709380,xn,0.705178
various,varied,0.855813,several,0.814265,varying,0.785044,other,0.781768,others,0.781311
tracks,track,0.888441,tracked,0.766218,traces,0.758537,tracker,0.741285,tracking,0.727278
effectively,effective,0.906189,efficient,0.820353,successfully,0.790994,correctly,0.789438,practically,0.789335
single,standalone,0.765088,individual,0.735017,once,0.729796,one,0.728943,normal,0.683314
implemen,imple,0.832243,bring,0.772730,provide,0.771919,add,0.768412,facilitate,0.757611
considerable,considerably,0.892104,significantly,0.850683,substantial,0.838387,greatly,0.827832,significant,0.792900
face,appearance,0.771292,body,0.736726,openfaces,0.730428,ugly,0.723125,human,0.720913
veloped,velopment,0.790321,veloper,0.786902,velopers,0.762743,rolled,0.718776,driven,0.691286
awareness,aware,0.885118,informing,0.758446,attention,0.750522,knowing,0.732525,informed,0.732475
ists,ins,0.741432,isting,0.734902,its,0.690404,ids,0.687097,esti,0.687091
promisedata,promise,0.733171,gooddata,0.704246,data,0.692775,usagedata,0.658012,datapoint,0.649813
eaves,structures,0.673774,layered,0.668172,overhead,0.660070,storey,0.658601,sky,0.635810
array,jsonarray,0.725427,brackets,0.704652,objects,0.688467,iterating,0.681458,strings,0.678068
queensu,queen,0.726580,su,0.685283,dou,0.655071,edu,0.655058,kingston,0.652386
innermost,inner,0.845095,outermost,0.817908,within,0.744321,last,0.720064,internal,0.718802
intellij,java,0.709708,netbeans,0.694142,ide,0.690126,jdk,0.668152,compilationuniteditor,0.657956
differently,different,0.861940,differs,0.846178,differ,0.834251,varies,0.766458,uniquely,0.758177
demori,repre,0.637630,medi,0.609454,re,0.606403,di,0.598885,repro,0.597612
dist,dit,0.742866,distrotech,0.728379,distributed,0.714974,distribution,0.713313,dif,0.703141
quently,logically,0.745045,practically,0.739134,accordingly,0.731576,thus,0.721440,ditionally,0.718321
deletes,deleting,0.886417,delete,0.874623,deleted,0.824389,removes,0.811773,remove,0.779421
operate,operating,0.884704,operation,0.848944,operations,0.835629,perform,0.784308,execute,0.783673
employed,employs,0.911771,employ,0.884855,hired,0.844165,working,0.827664,job,0.816515
sink,bottom,0.704732,serves,0.689415,fill,0.677196,flow,0.675159,depth,0.673960
plastic,matter,0.712592,paper,0.699133,green,0.697472,container,0.695127,objects,0.690482
appeared,appears,0.883028,appearing,0.835142,seen,0.821544,appear,0.816756,encountered,0.802061
um,well,0.857585,so,0.766164,thus,0.749885,then,0.737317,while,0.730128
planning,plan,0.871069,planned,0.803876,considerations,0.744972,preparation,0.731183,forecasting,0.727072
greatly,considerably,0.909281,significantly,0.859331,highly,0.835876,considerable,0.827832,much,0.810557
kamei,kamiya,0.751685,osei,0.651991,mei,0.647633,inoue,0.644440,akaike,0.624141
stackoverflow,stackexchange,0.722303,overflow,0.704124,stack,0.689995,stackforge,0.675834,refactor,0.672298
shepperd,virginia,0.621443,tory,0.614469,itted,0.611539,she,0.610768,ith,0.606033
solution,solved,0.858262,solve,0.832698,problem,0.811173,answer,0.779841,resolved,0.777896
advise,suggest,0.797522,ask,0.791626,decide,0.767888,choose,0.755808,inform,0.755498
numerator,num,0.787224,fraction,0.762171,number,0.744752,numbers,0.736614,outnumber,0.721129
recently,recent,0.924231,frequently,0.764765,past,0.755410,nowadays,0.753210,often,0.740626
fn,xn,0.775910,mon,0.759609,fp,0.753333,fu,0.748222,nm,0.729162
stores,locations,0.816126,companies,0.729454,destinations,0.707682,websites,0.698963,items,0.691719
viable,feasible,0.869233,viability,0.854771,capable,0.825623,valid,0.809528,suitable,0.803736
font,type,0.727028,ocr,0.709160,bold,0.706977,text,0.693540,css,0.691871
most,best,0.794123,mostly,0.778125,mainly,0.757472,least,0.736593,primarily,0.731805
insourcing,sourcing,0.854354,outsourcing,0.848716,leveraging,0.714297,providing,0.693407,production,0.692628
roughness,coarse,0.758243,smooth,0.736393,smoothing,0.734499,smooths,0.708338,soft,0.701575
privacy,anonymized,0.766400,security,0.743763,policies,0.734433,permissions,0.696231,transparency,0.683254
here,there,0.846302,now,0.819075,somewhere,0.807570,where,0.795866,currently,0.755922
these,those,0.837540,there,0.762536,respectively,0.746538,their,0.745223,each,0.743919
outnumber,number,0.760986,numbers,0.757313,out,0.751795,count,0.745205,num,0.733782
mockus,bot,0.606291,ex,0.601503,demonstrate,0.598232,sample,0.597454,curate,0.596396
moura,moa,0.613621,lopes,0.608237,ar,0.600473,adrian,0.595179,jebara,0.594205
bma,asm,0.701786,cbm,0.687667,ma,0.673499,mb,0.662592,ba,0.654957
morgan,travis,0.716676,mon,0.684698,kay,0.679637,qu,0.669376,cal,0.668879
describes,describe,0.909371,described,0.908897,descriptions,0.878693,explains,0.796364,description,0.795404
talking,talk,0.841170,discuss,0.783518,discussion,0.777785,discusses,0.773759,interacting,0.738006
ekram,imum,0.661540,im,0.637360,mann,0.611991,ekoko,0.608070,zaidman,0.604069
similarly,similar,0.906239,likewise,0.870196,identically,0.869476,alike,0.861587,conversely,0.853420
larger,bigger,0.920744,large,0.884030,big,0.818636,greater,0.804463,largest,0.796657
documents,document,0.824790,documentation,0.805422,files,0.791817,sources,0.780767,proceedings,0.775324
extensions,extension,0.922947,extended,0.802065,extent,0.772045,longer,0.746855,extend,0.724505
amc,ac,0.690823,ma,0.650339,am,0.646695,acm,0.644232,act,0.643395
spectrum,frequencies,0.754246,frequency,0.717451,variety,0.713864,diverse,0.710643,diversity,0.690575
correlate,correlates,0.861638,correlation,0.846421,correlated,0.830624,correlations,0.797021,corresponds,0.788010
interchangeable,interchangeably,0.900279,equivalent,0.749319,identical,0.747131,available,0.727184,equal,0.726144
practical,useful,0.790202,practition,0.753895,practices,0.746569,practice,0.745634,realistic,0.741446
making,make,0.918789,creating,0.861859,made,0.847700,makes,0.844153,create,0.797526
platforms,platform,0.944389,frameworks,0.718264,builds,0.716011,stands,0.708876,structures,0.702010
simulated,realistic,0.753040,sim,0.751482,scenario,0.728300,demonstrated,0.709502,scenarios,0.702565
relationships,relationship,0.909370,relation,0.749460,relating,0.728422,interactions,0.716450,connection,0.703296
gathering,gather,0.897592,gathered,0.882634,meeting,0.798957,consisting,0.752222,groups,0.750131
recognizes,recognize,0.916680,recognized,0.882882,recognition,0.842336,identified,0.779467,distinguish,0.760706
reproducibility,repeatability,0.839704,replication,0.776465,replicate,0.743556,reproduce,0.716185,accuracy,0.716131
help,support,0.785509,advise,0.728393,guide,0.717943,resources,0.714001,edit,0.711967
demic,detec,0.658768,cong,0.643082,complex,0.639294,pro,0.635420,conse,0.634922
easier,easy,0.864812,easily,0.819109,readily,0.768047,simplified,0.735672,better,0.735577
yu,su,0.776424,yoon,0.700115,lau,0.699541,fu,0.697853,zou,0.697740
informally,formally,0.805445,terminology,0.746344,occasional,0.714628,formal,0.714242,manner,0.713705
shelf,stack,0.714414,lib,0.687324,storing,0.687151,labels,0.684311,container,0.678710
modifications,modification,0.962399,modified,0.888893,modify,0.873965,revisions,0.780609,improvements,0.769113
editor,editors,0.903410,editing,0.848263,edit,0.817238,edits,0.778567,edited,0.775377
reproduce,replicate,0.834523,replication,0.787849,create,0.766197,evolve,0.755673,exist,0.745222
fraley,once,0.614235,benkler,0.599204,frank,0.597877,ful,0.593425,cordy,0.574848
repair,fix,0.883507,fixing,0.865976,fixes,0.829373,maintenance,0.782136,service,0.770761
week,weekly,0.903983,fridays,0.759837,weekend,0.742887,days,0.737088,month,0.734984
promising,potential,0.795905,promise,0.772962,desirable,0.769896,viable,0.759543,positives,0.754025
illustrative,illustrates,0.807186,illustrated,0.797042,illustrate,0.791023,visualizes,0.742950,depicts,0.742091
concentrated,concentration,0.854837,focused,0.808696,focus,0.726136,focuses,0.724902,focusing,0.719369
thummalapenta,toomim,0.608656,tp,0.603668,meiyappan,0.597962,th,0.593311,mani,0.589086
long,longer,0.816682,length,0.739906,big,0.731497,extended,0.726397,large,0.715825
rattan,tree,0.676973,constructed,0.671015,umbrella,0.664295,mats,0.661777,natural,0.659980
specialized,specialization,0.842176,tailored,0.746105,special,0.731817,adapted,0.721130,sophisticated,0.706991
discussed,discussion,0.924330,discussions,0.893962,discusses,0.888156,discuss,0.887971,mentioned,0.797711
informed,inform,0.879472,informing,0.879355,aware,0.769524,information,0.765184,learned,0.759499
version,versions,0.928858,versioning,0.806310,edition,0.792335,release,0.726251,releases,0.709608
volun,vol,0.650673,val,0.605777,vouk,0.605227,brun,0.596677,vanbu,0.586780
madrid,spain,0.761880,vienna,0.727040,berlin,0.711683,london,0.701653,hyderabad,0.672659
six,five,0.800605,four,0.765568,vi,0.765564,eight,0.753968,three,0.724362
normalized,normalization,0.898377,normalize,0.884069,normality,0.784730,normal,0.765465,simplified,0.726366
replication,replicate,0.864487,duplication,0.792735,reproduce,0.787849,reproducibility,0.776465,copy,0.761957
links,sites,0.728214,media,0.727902,site,0.702547,link,0.701229,index,0.689017
foundation,foundations,0.917907,basis,0.750618,framework,0.725814,fundamen,0.723470,funded,0.719929
regions,region,0.924672,areas,0.837313,communities,0.761067,geographically,0.753399,destinations,0.745114
feedback,critique,0.792365,comment,0.768829,response,0.766928,comments,0.757845,suggest,0.737328
variety,varied,0.825418,diversity,0.810221,diverse,0.801490,variation,0.789946,types,0.760226
pouloudi,ponent,0.576813,anlys,0.560460,ponzanelli,0.558008,plugi,0.555940,hyderabad,0.555611
prevalent,prevalence,0.888762,frequent,0.781997,commonly,0.777185,extensively,0.743051,common,0.735652
externalkcommit,corekcommit,0.852875,mutantkcommit,0.801788,commit,0.738887,external,0.718064,commits,0.693631
recursively,iteratively,0.759423,iterate,0.737838,iterating,0.732693,iteration,0.717440,nested,0.692616
ware,container,0.696556,handle,0.693539,fashioned,0.684807,sive,0.678014,tin,0.678014
continuousintegration,integration,0.799004,integrated,0.774449,integrations,0.768242,continuous,0.735728,integral,0.707100
references,referenced,0.854178,sources,0.795928,citation,0.749369,note,0.731489,examples,0.720861
there,here,0.846302,they,0.805669,those,0.792556,somewhere,0.779577,where,0.779230
granted,accepted,0.792785,approved,0.784862,gladly,0.766627,given,0.765120,accepting,0.764254
realistic,real,0.830084,plausible,0.811438,reality,0.798708,feasible,0.786466,actual,0.786212
hold,holds,0.909316,keep,0.818412,contain,0.773321,stand,0.765021,keeping,0.763512
jbosstools,netbeans,0.680921,jstatsoft,0.679623,java,0.646783,intellij,0.639212,jsp,0.628475
potentially,possible,0.938805,perhaps,0.901041,likely,0.866482,plausible,0.818722,plausibility,0.792503
msmb,mb,0.717920,msr,0.700691,asm,0.679093,lm,0.659586,cbm,0.657723
brun,mon,0.672581,monden,0.671872,von,0.658771,nexus,0.648891,val,0.643672
edu,university,0.782873,ed,0.766856,universidad,0.759861,learner,0.720510,nu,0.708604
syntactic,syntax,0.870400,parsing,0.767697,parser,0.732021,semantic,0.727786,parsed,0.724802
overfit,overfitting,0.925356,overestimate,0.749475,fit,0.720516,overestimation,0.712166,over,0.706713
found,find,0.825265,finds,0.825060,finding,0.794697,obtained,0.790610,encountered,0.785717
change,changes,0.906514,changed,0.861920,changeability,0.801625,different,0.754584,transformation,0.748478
stationary,steady,0.735803,static,0.732431,office,0.717250,marker,0.716246,indicating,0.705764
vs,var,0.730106,vue,0.714910,visual,0.706606,virtual,0.701779,variate,0.685981
jss,jos,0.730537,jst,0.727772,reiss,0.723792,je,0.696916,rs,0.693870
hours,hour,0.834468,time,0.769689,thurs,0.760289,days,0.739481,fri,0.733702
tory,conservative,0.797185,andrea,0.689240,popular,0.673149,pp,0.670793,eric,0.656670
ao,moa,0.702354,aspect,0.681692,io,0.675757,oct,0.674265,ous,0.667072
countries,states,0.786173,country,0.782151,world,0.766848,international,0.746520,destinations,0.740984
bajracharya,cortazar,0.561063,raja,0.540872,baishakhi,0.526030,archetypal,0.523725,practitioner,0.521805
toronto,chicago,0.755523,canada,0.752325,ontario,0.740241,seattle,0.733580,cleveland,0.731857
convergence,converging,0.857951,diverge,0.720672,unifying,0.707720,merging,0.705366,integration,0.704779
jdt,jst,0.786986,jedit,0.744246,htt,0.703376,jdk,0.698718,dtft,0.697393
arima,autoregressive,0.700429,stationarity,0.686039,forecasting,0.674877,forecast,0.674727,prediction,0.671315
ecological,ecosystem,0.822598,ecosystems,0.788639,environments,0.726749,nature,0.706857,environment,0.674577
ually,ual,0.781007,ly,0.760549,nity,0.727273,rately,0.716711,lo,0.697107
reduced,reduction,0.911761,decrease,0.860129,less,0.818422,fewer,0.808000,decreases,0.786227
personal,individual,0.792286,individuals,0.777383,self,0.741902,person,0.737382,personalized,0.729497
programmers,programmer,0.913549,programming,0.843402,developers,0.802021,coding,0.784892,developer,0.767226
structural,structures,0.894357,structure,0.875260,constructed,0.708219,construction,0.700593,constructing,0.699456
intends,intentional,0.789067,wish,0.781164,imply,0.775842,promise,0.760886,planned,0.756732
gives,give,0.924148,giving,0.906866,given,0.781495,provides,0.780729,contributions,0.767785
wahler,pinzger,0.686965,weimer,0.680416,wermelinger,0.667491,krieger,0.647108,riehle,0.640294
sulting,teresting,0.728895,esting,0.721325,faulring,0.693953,viding,0.688462,isting,0.685431
global,globally,0.947267,international,0.845911,world,0.765945,worlds,0.757654,intl,0.749153
predictor,predictors,0.887309,predictive,0.854665,predict,0.832504,predicting,0.825768,prediction,0.818963
correlates,correlations,0.867488,correlate,0.861638,correlation,0.852034,correlated,0.797244,regressions,0.713308
block,framework,0.709438,tool,0.703292,construct,0.699930,basis,0.691232,scratch,0.689170
vii,vi,0.679703,ix,0.670845,viii,0.667124,iii,0.655514,furthermore,0.654068
classified,categorized,0.739230,classifications,0.728027,classify,0.727400,ad,0.726039,classification,0.711399
git,github,0.788359,commits,0.739931,repository,0.727183,commit,0.712534,bsd,0.708792
response,responses,0.907842,answer,0.862884,answered,0.849467,respondent,0.827604,answers,0.783030
multitude,thousands,0.804455,plethora,0.783754,many,0.780797,millions,0.754992,diverse,0.736121
repetition,repetitions,0.963611,repeats,0.916260,repeated,0.909639,repeat,0.892678,repetitiveness,0.887767
kalliamvakou,stylos,0.542446,gousios,0.515904,maffulli,0.511712,vouk,0.507671,sillito,0.502866
sage,nexus,0.690707,scala,0.672012,wise,0.667873,companion,0.667491,terry,0.667175
maximize,maximum,0.841904,optimal,0.800334,optimize,0.781518,max,0.746711,minimize,0.728204
hash,hashes,0.887100,ruby,0.735449,toke,0.706002,hashmap,0.696689,raw,0.680970
nothing,empty,0.831287,zero,0.736945,blank,0.730161,none,0.712578,null,0.708377
regalandroid,crown,0.641929,cmsandroid,0.620057,app,0.617472,android,0.614218,device,0.612715
constructed,construct,0.890352,built,0.864283,constructing,0.859132,construction,0.792451,made,0.785733
isting,esting,0.838750,ing,0.823382,viding,0.754746,ists,0.734902,teresting,0.722869
addition,add,0.865087,additions,0.841864,sum,0.803464,adds,0.769505,additive,0.755629
desirable,prefer,0.826132,preference,0.810602,suitable,0.805218,want,0.800023,wanted,0.794722
francisco,frank,0.742596,gregorio,0.718766,filho,0.707763,kim,0.688625,thomas,0.682246
tation,tant,0.811691,ta,0.774426,ment,0.756716,sentation,0.755373,mation,0.739815
second,secondly,0.943890,ii,0.872255,first,0.824013,seconds,0.802864,firstly,0.801386
annals,journal,0.735304,proceedings,0.718887,october,0.684126,kluwer,0.679350,vol,0.674821
opportunistically,opportunistic,0.916483,altruistic,0.701772,heuristically,0.694410,frequently,0.682955,occasional,0.680800
taken,take,0.806766,taking,0.800495,chosen,0.794980,takes,0.788903,captured,0.779705
respectively,respective,0.876985,both,0.815801,each,0.790505,their,0.750441,themselves,0.747724
relationship,relationships,0.909370,relation,0.831047,engagement,0.747581,relating,0.738684,connection,0.729453
los,lo,0.823041,el,0.743110,le,0.734797,angeles,0.727074,locs,0.718274
discuss,discussion,0.912376,discussed,0.887971,discusses,0.877808,discussions,0.832788,talk,0.821394
experience,experienced,0.884811,expertise,0.695043,encountered,0.694798,existing,0.691205,past,0.683751
calculates,calculation,0.937194,calculate,0.936365,calculated,0.859666,computes,0.807134,quantifying,0.791306
slack,bot,0.684298,tasks,0.666574,task,0.665936,relies,0.663811,agile,0.661556
thomas,th,0.728880,tr,0.699896,daniel,0.690515,myers,0.689276,john,0.687921
chase,hunt,0.745751,tracker,0.702449,traced,0.699146,seek,0.697446,run,0.693058
through,via,0.768475,along,0.764077,throughout,0.763298,across,0.760838,beyond,0.737547
comprise,comprises,0.904030,consists,0.848183,consisting,0.839009,include,0.785033,contain,0.763719
depends,depending,0.903434,depend,0.854481,relies,0.798903,varies,0.786392,assume,0.774596
revolutionized,revolutionary,0.828522,transformation,0.722974,changed,0.714136,innovation,0.697706,emerged,0.684407
iii,third,0.859929,three,0.791867,thirdly,0.791519,lastly,0.732342,ii,0.677646
profitable,profit,0.868388,efficient,0.757369,successful,0.753471,economical,0.741733,valuable,0.733098
th,tt,0.749152,thomas,0.728880,tional,0.725678,tect,0.724654,tues,0.722248
points,point,0.861882,datapoints,0.744757,matches,0.718718,ranking,0.714637,none,0.714539
consisting,consists,0.910557,comprises,0.866499,comprise,0.839009,containing,0.810735,composition,0.798102
been,since,0.779492,seen,0.768681,past,0.762512,known,0.751645,previous,0.748027
merge,merging,0.953703,merged,0.913299,combine,0.829828,unifying,0.797538,collaborate,0.754959
blog,blogs,0.767947,posts,0.708339,site,0.638225,links,0.631804,main,0.625997
devote,devotes,0.907475,devoted,0.895274,dedicate,0.815286,belong,0.777788,refer,0.770448
tio,tional,0.777100,io,0.749306,tive,0.709706,lo,0.693289,tion,0.692662
pk,ko,0.723059,cok,0.717727,pro,0.683062,park,0.679715,pp,0.675856
distant,far,0.750032,apart,0.735830,isolation,0.722871,near,0.719537,unrelated,0.719533
elbaum,eb,0.646181,el,0.624057,lib,0.585959,bu,0.584420,elish,0.575605
shorter,short,0.900158,smaller,0.826843,less,0.803020,brief,0.786895,fewer,0.771230
kapser,foser,0.709730,puter,0.669081,gittesthelper,0.650549,pinzger,0.646971,benkler,0.638586
often,frequently,0.918274,sometimes,0.851476,usually,0.850077,commonly,0.843689,occasionally,0.830981
rayb,ray,0.761176,db,0.666688,eb,0.665827,br,0.657974,ber,0.650224
remote,direct,0.692217,rd,0.683819,rt,0.677729,command,0.674347,tech,0.672799
added,adding,0.859630,adds,0.748360,sent,0.723992,invited,0.698670,ty,0.669501
law,society,0.716422,government,0.703914,university,0.702324,conduct,0.698390,literature,0.697548
beck,click,0.697476,clarke,0.681664,db,0.673514,plug,0.668014,tool,0.666375
ele,el,0.771925,fe,0.745931,element,0.742932,esec,0.732895,elements,0.726548
perspective,perspectives,0.874713,views,0.790345,visual,0.753225,envisage,0.753156,insight,0.742913
ward,db,0.683804,belong,0.676368,trust,0.675453,clustered,0.673007,block,0.671501
tied,ties,0.848371,bound,0.795717,matched,0.787548,match,0.742677,won,0.738686
leads,lead,0.840438,following,0.729690,followed,0.719842,follows,0.719180,traces,0.704235
interval,frequency,0.725210,infinity,0.722055,periodicity,0.720457,time,0.714477,temporal,0.707859
bound,bounded,0.860795,tied,0.795717,committed,0.763331,confined,0.753507,marked,0.746461
low,lower,0.873802,below,0.762783,small,0.755435,least,0.743501,less,0.738589
intuition,perceive,0.765584,insight,0.761067,interpretation,0.731195,perceived,0.730792,subtle,0.722481
id,ids,0.848576,identifier,0.824480,identification,0.822197,identifiers,0.807019,identify,0.789797
meta,metadata,0.789080,essential,0.715346,master,0.713149,pro,0.709054,etc,0.707431
hension,henshin,0.694834,mation,0.686773,tation,0.666825,ith,0.666497,itive,0.659352
systematic,comprehensive,0.789520,extensive,0.716546,comprise,0.712263,consisting,0.690633,practition,0.686234
binations,binary,0.728948,cisions,0.724530,nities,0.691569,duplications,0.681458,subsets,0.681139
difficult,challenging,0.894483,hard,0.835656,harder,0.812910,impossible,0.768276,challenges,0.762145
ce,ceedings,0.730886,se,0.729728,compre,0.723693,cess,0.709337,ceived,0.704422
offers,offer,0.951279,offered,0.855650,deal,0.774655,items,0.748569,available,0.743975
descriptors,descriptions,0.777327,characterizing,0.770965,categorization,0.767443,classifications,0.758603,classifying,0.757391
characteristics,attributes,0.805020,characterizing,0.773164,profiles,0.753761,characterize,0.751171,features,0.744937
izquierdo,dizquierdo,0.886013,quevedo,0.654025,spain,0.646703,madrid,0.638893,spanish,0.636441
results,result,0.752531,resulted,0.705738,outcome,0.694848,outcomes,0.690621,notes,0.689776
prompter,gittesthelper,0.711563,imperative,0.683596,assistant,0.681958,input,0.681271,bot,0.678309
operation,operations,0.915325,operate,0.848944,operating,0.837514,procedure,0.799795,command,0.768512
engineer,engineers,0.920965,engineering,0.851283,tech,0.743275,technical,0.742521,construction,0.715954
procedures,procedure,0.921452,surgery,0.804011,treatment,0.780326,operation,0.756766,processes,0.756662
multivariate,variate,0.731443,multi,0.714702,econometrics,0.713365,vector,0.703717,collinearity,0.693012
esti,ei,0.709015,esting,0.704605,et,0.697844,ists,0.687091,httpie,0.667676
folder,files,0.773822,file,0.764696,directories,0.757852,directory,0.724841,office,0.709332
largest,large,0.817553,big,0.810082,larger,0.796657,greatest,0.765128,bigger,0.754972
compilationuniteditor,compiler,0.770698,ide,0.664228,intellij,0.657956,editor,0.655261,synthesizing,0.638280
offset,spot,0.707015,skew,0.689697,off,0.682010,stable,0.675792,pinpoint,0.674892
lib,library,0.723663,bu,0.717545,lu,0.714023,libraries,0.710766,libre,0.710340
rfc,protocol,0.758581,protocols,0.725427,http,0.713624,https,0.697517,ip,0.696681
exam,tests,0.779066,testing,0.767996,test,0.743876,examining,0.715499,studying,0.714499
jsonarray,array,0.725427,json,0.706451,api,0.601053,serialization,0.600530,java,0.586911
kim,ko,0.773956,kay,0.737873,korea,0.722011,li,0.702403,mon,0.699386
structure,structures,0.895453,structural,0.875260,formation,0.736860,mechanism,0.731625,constructing,0.714887
genealogies,identities,0.697265,genetics,0.674191,entities,0.667513,relatives,0.666512,names,0.660255
snapshot,sample,0.704333,see,0.702198,app,0.688285,capture,0.683906,capturing,0.682048
over,overestimate,0.749947,overflow,0.749509,under,0.737602,off,0.734501,out,0.729883
ia,il,0.755199,ne,0.722261,ca,0.715457,ie,0.711340,io,0.699250
gousios,goues,0.761117,ous,0.656679,stylos,0.651553,goes,0.649768,ues,0.632107
seasonality,seasonal,0.892786,season,0.802863,periodicity,0.794583,monthly,0.739885,months,0.731739
schwarz,wang,0.705991,weiss,0.692387,black,0.688328,el,0.683734,axis,0.682984
inheritance,wills,0.718828,adoption,0.702525,relatives,0.688187,redistribute,0.682984,allocation,0.680739
transformations,transformation,0.941402,transform,0.898075,evolves,0.727961,becomes,0.718229,curves,0.703262
ratio,ratios,0.933233,proportion,0.816292,half,0.741510,fraction,0.740825,portion,0.732158
modules,module,0.940091,packages,0.732485,components,0.713863,mod,0.705476,systems,0.695546
also,additionally,0.928214,furthermore,0.881491,lastly,0.828612,moreover,0.810683,aforementioned,0.797840
calculated,calculates,0.859666,calculation,0.848038,calculate,0.840280,estimated,0.811463,computed,0.799350
companion,along,0.726161,assistant,0.716291,contributor,0.704822,associated,0.703473,pair,0.694614
schema,ontology,0.706557,database,0.692347,type,0.685676,pattern,0.680769,framework,0.675127
cess,ce,0.709337,jss,0.677451,se,0.670512,ceedings,0.667473,conse,0.661269
port,porting,0.792028,portal,0.711991,container,0.709499,point,0.699483,sea,0.692800
disproportionately,heavily,0.702906,disparity,0.701786,considerably,0.696035,significantly,0.688001,skewed,0.663502
marly,ly,0.690170,lessly,0.677394,rately,0.674057,mar,0.670845,ually,0.664610
distributed,distribution,0.834721,decentralized,0.795489,networked,0.777640,scalable,0.767417,distributions,0.757032
ex,exper,0.816499,former,0.745435,exter,0.739928,dx,0.722096,extra,0.717763
max,maximum,0.856594,maximize,0.746711,extreme,0.724674,super,0.715741,peak,0.713399
encoder,coder,0.816427,coded,0.705814,predictor,0.688917,code,0.687858,coding,0.667711
bu,ba,0.801808,db,0.764103,university,0.747903,bc,0.738542,br,0.735318
need,needs,0.932608,needed,0.925627,require,0.862634,must,0.845194,provide,0.826977
outsourcing,insourcing,0.848716,sourcing,0.786957,leveraging,0.684494,saas,0.665012,hired,0.657576
holds,hold,0.909316,keeping,0.763923,keep,0.760574,contain,0.758623,containing,0.746608
slightly,occasionally,0.762948,perhaps,0.759784,sometimes,0.759043,mostly,0.754329,roughly,0.751903
ecosystem,ecosystems,0.929580,ecological,0.822598,environments,0.766995,nature,0.736689,environment,0.725427
measurement,measuring,0.970019,measured,0.930732,measurements,0.925115,measure,0.894036,measures,0.837136
medi,di,0.723613,im,0.722200,appli,0.720104,biomedical,0.688531,plugi,0.679831
branching,branches,0.881754,branch,0.858367,forking,0.722558,splitting,0.705101,propagation,0.704526
processes,process,0.917640,processing,0.847450,procedures,0.756662,methods,0.739843,production,0.737862
korea,japan,0.776492,china,0.726927,kim,0.722011,countries,0.716849,australia,0.705874
implementation,implementing,0.937713,implemented,0.918391,implement,0.883625,implements,0.779132,effective,0.737103
supporting,supportive,0.801734,supported,0.797926,providing,0.794215,support,0.791310,enabling,0.780236
general,generalized,0.786929,generalize,0.719844,particular,0.718255,specific,0.714580,generalizability,0.705125
common,commonly,0.762464,popular,0.744443,prevalent,0.735652,shared,0.721723,frequent,0.717940
finance,business,0.739399,economics,0.738017,credit,0.737683,investments,0.729701,borrowing,0.715891
yrs,years,0.922479,year,0.831836,annual,0.730060,milestones,0.713829,age,0.702997
languages,language,0.873996,spanish,0.774939,multilinguistic,0.767634,categories,0.723133,countries,0.720289
tasks,task,0.925668,assignments,0.782690,challenges,0.760519,work,0.755275,goals,0.736557
evidenced,evident,0.850891,evidence,0.823125,evidences,0.818205,demonstrated,0.813480,proof,0.770065
external,outer,0.771854,internal,0.742601,elsewhere,0.726072,additional,0.723439,externalkcommit,0.718064
andreou,zou,0.672351,ous,0.625505,sion,0.623116,gregorio,0.621236,niques,0.620362
waterloo,berlin,0.661933,vienna,0.648726,francisco,0.642341,victoria,0.634892,madrid,0.634420
being,becoming,0.809977,existing,0.804869,having,0.781396,consisting,0.762429,knowing,0.762264
exclusively,solely,0.884994,strictly,0.771944,only,0.755888,always,0.747901,completely,0.734569
july,jul,0.832912,august,0.811609,june,0.804572,october,0.758550,november,0.749784
reusing,reuse,0.963131,reused,0.891100,using,0.794356,utilized,0.791404,utilize,0.778116
transferred,moved,0.819063,transactions,0.763421,moving,0.760115,assigned,0.755732,adopted,0.741959
equal,equally,0.924771,equals,0.895740,alike,0.815491,identical,0.788542,comparable,0.784544
limitations,limits,0.852692,limiting,0.792450,limited,0.763288,restricted,0.751836,limit,0.746549
machine,machines,0.912206,engine,0.750157,automated,0.743735,automatic,0.731416,computer,0.727068
uncommon,unique,0.863203,rare,0.843483,uniquely,0.796553,unusually,0.794640,different,0.784005
svm,classifier,0.753423,classify,0.711543,overfitting,0.711095,classification,0.700674,classifying,0.700121
composed,composition,0.869123,written,0.769716,authored,0.764661,consists,0.757484,consisting,0.752981
ui,gui,0.799584,interface,0.762863,usability,0.745605,functionality,0.715144,app,0.710146
asked,answered,0.856044,question,0.853817,asking,0.840974,questions,0.835879,ask,0.815779
related,similar,0.781147,relating,0.753726,unrelated,0.751684,relevant,0.750967,relative,0.748336
distinguishing,distinguish,0.916984,identifying,0.915985,identification,0.881615,identify,0.868786,differentiate,0.810504
same,likewise,0.864785,identically,0.836808,similarly,0.828805,identical,0.809484,alike,0.799277
adams,ma,0.689883,stevens,0.675964,chi,0.654240,beck,0.643506,al,0.643461
analysis,analyzed,0.909474,analyzing,0.907639,analyzes,0.894103,analyze,0.857920,analytics,0.826299
scacchi,chi,0.629204,appli,0.628869,berardi,0.623470,pagano,0.618410,inter,0.616173
quantities,amounts,0.894827,amount,0.854761,portion,0.787055,measurement,0.751217,quantifying,0.748056
mar,ro,0.720116,mon,0.720041,ar,0.716396,mid,0.695811,jul,0.692292
reports,report,0.909977,reporting,0.867539,findings,0.748895,reported,0.745207,documents,0.733625
splits,splitting,0.902088,divide,0.744982,separating,0.740794,partition,0.735181,cuts,0.725363
populations,population,0.891325,humans,0.725638,people,0.707290,communities,0.700941,counts,0.694885
sequence,consecutive,0.739669,iteration,0.738422,series,0.720046,iterate,0.718435,iterating,0.710953
specialization,specialized,0.842176,expertise,0.767457,selection,0.718115,particular,0.709337,concentration,0.706802
ac,aca,0.740389,cc,0.715962,ap,0.701201,amc,0.690823,am,0.690420
black,dark,0.803940,darker,0.776254,colors,0.737942,coloured,0.730823,blue,0.728798
triangulating,mapping,0.730673,visualization,0.697188,tracing,0.689443,determining,0.688446,coordinates,0.683609
temporal,temporally,0.892083,time,0.719614,causal,0.715568,duration,0.715205,interval,0.707859
shown,showed,0.936150,showing,0.894077,displayed,0.866828,show,0.847392,see,0.845400
poor,weak,0.726278,bad,0.724602,low,0.721547,suffers,0.719418,lack,0.711909
discover,explore,0.904822,discovery,0.822249,learn,0.801986,explored,0.795769,exploring,0.779974
misleading,misinterpreted,0.789933,contradictory,0.774161,misunderstood,0.731408,erroneous,0.724939,false,0.715395
near,closest,0.817978,closer,0.779167,relative,0.778103,neighboring,0.772993,around,0.771577
updates,update,0.902278,changes,0.766113,releases,0.757136,fixes,0.748856,edits,0.736554
prospective,future,0.790268,potential,0.768856,promising,0.742940,feasibility,0.740336,potentially,0.740189
maturation,mature,0.780275,development,0.749967,evolving,0.738101,emergence,0.730472,emerging,0.730143
consistent,reliable,0.814948,steady,0.794432,inconsistent,0.791770,constant,0.786415,steadily,0.764773
properties,conditions,0.704208,location,0.702150,facilities,0.701654,settings,0.699762,projects,0.686099
education,school,0.732609,art,0.729696,university,0.709108,programs,0.708113,learning,0.698684
tr,rt,0.786678,tt,0.757578,rd,0.746625,ta,0.740436,dt,0.718805
algorithm,algorithms,0.933006,method,0.748108,computationally,0.737452,compute,0.725809,iteration,0.723738
fixing,fix,0.890409,repair,0.865976,fixes,0.841715,fixed,0.814991,maintenance,0.735712
calculate,calculates,0.936365,calculation,0.891253,calculated,0.840280,quantify,0.830133,compute,0.797603
focus,focuses,0.956521,focusing,0.933166,focused,0.903105,concentration,0.832537,attention,0.802819
remove,removes,0.914390,removing,0.912568,removed,0.862657,delete,0.856997,removal,0.841012
driving,drove,0.820061,drivers,0.776116,driven,0.766715,speeding,0.750317,auto,0.698902
da,di,0.783351,de,0.764717,do,0.729361,db,0.725457,dt,0.722159
detec,ence,0.660328,demic,0.658768,esec,0.651841,tect,0.639869,dit,0.633284
authors,author,0.870050,contributors,0.843885,publishers,0.810094,editors,0.762620,authored,0.757829
highest,high,0.819065,higher,0.801807,maximum,0.772670,upper,0.733512,peak,0.730838
government,governance,0.773936,state,0.733204,public,0.709981,law,0.703914,policy,0.701908
complete,completed,0.878616,completely,0.832926,done,0.805189,full,0.800167,entire,0.790504
likewise,similarly,0.870196,same,0.864785,indeed,0.836380,identically,0.812273,furthermore,0.804671
executed,execution,0.915712,execute,0.810789,performed,0.714407,served,0.683820,eliminated,0.668398
intel,amd,0.785030,dell,0.714398,hp,0.671208,tech,0.656847,computers,0.656184
afford,spend,0.774644,borrow,0.769060,save,0.762921,compensate,0.754629,provide,0.748230
planned,plan,0.852338,predicted,0.814326,planning,0.803876,expected,0.767991,intends,0.756732
lies,lie,0.845977,false,0.745700,scam,0.707801,tells,0.707184,erroneous,0.694731
notice,notices,0.937855,informing,0.738566,noticed,0.733387,addressed,0.730121,indication,0.727059
check,checks,0.886146,checked,0.872644,verify,0.773888,test,0.762904,examine,0.760874
click,tool,0.736611,plug,0.735696,select,0.731607,shortcut,0.723289,scratch,0.719482
how,ways,0.809211,method,0.788003,methods,0.768875,way,0.760013,differently,0.733664
space,nasa,0.791546,science,0.756827,earth,0.745316,mars,0.738300,sky,0.700944
gain,gained,0.889089,increase,0.780422,increasing,0.762169,achieve,0.760550,expand,0.750470
apply,applying,0.914083,applied,0.869050,application,0.855828,refer,0.771056,accept,0.768358
eralization,esting,0.709431,becoming,0.698169,maturation,0.695885,normalization,0.689774,eral,0.684562
language,languages,0.873996,multilinguistic,0.801396,translation,0.761315,spanish,0.758904,words,0.755743
actively,active,0.926613,teractive,0.790844,activity,0.756262,activated,0.753519,action,0.749138
wag,madgag,0.647031,tag,0.634756,tail,0.626332,companion,0.620737,drag,0.619478
individual,individuals,0.922276,person,0.817518,persons,0.802503,personal,0.792286,human,0.746008
interest,interested,0.765688,borrowing,0.729885,activity,0.726065,rate,0.715076,borrow,0.714225
successful,successfully,0.949974,success,0.938390,achieved,0.833007,worked,0.805542,effective,0.788455
predictors,predictor,0.887309,predicting,0.846879,predicts,0.819708,prediction,0.810903,predict,0.809710
determination,determined,0.886842,determine,0.786518,determining,0.773116,motivation,0.736876,goal,0.732143
pr,press,0.726761,pp,0.701285,pro,0.690649,re,0.686755,representative,0.682731
contri,conse,0.723224,conf,0.706707,con,0.695754,commu,0.684268,compre,0.684059
itories,itor,0.747024,tions,0.724224,calls,0.714096,tional,0.711883,online,0.710266
bounded,bound,0.860795,contained,0.768730,tied,0.735606,confined,0.732138,containing,0.720383
xalan,xn,0.698877,tal,0.624932,fn,0.619772,xuan,0.615007,el,0.608328
ground,below,0.750466,bottom,0.740400,outside,0.733708,lands,0.733274,base,0.726384
raw,extracted,0.737471,natural,0.730830,explicit,0.716763,real,0.715472,whole,0.706734
deduce,derives,0.788392,infer,0.768886,determine,0.744191,inferring,0.727249,comprehend,0.726476
graham,torres,0.636311,si,0.634638,daniel,0.626829,marcus,0.626081,tory,0.624077
appears,appeared,0.883028,appearing,0.878718,appear,0.871345,appearance,0.842893,seem,0.767438
facebook,social,0.747128,yahoo,0.698004,socially,0.684252,popular,0.681939,mobile,0.676130
varied,varying,0.872643,various,0.855813,diverse,0.851514,varies,0.835942,variety,0.825418
ture,tures,0.891206,tive,0.775276,re,0.761859,repre,0.753000,compre,0.716341
grouped,group,0.843056,groups,0.839226,gathered,0.808749,aggregated,0.769313,clustered,0.765534
detects,detect,0.949555,detecting,0.942842,detection,0.932914,detected,0.907523,detectable,0.863514
omission,absent,0.821970,excluded,0.787029,missing,0.774994,missed,0.759832,absence,0.758238
ming,meng,0.711914,shang,0.707110,wang,0.701889,cong,0.695135,mei,0.688875
proposing,proposes,0.909398,propose,0.892587,proposed,0.791625,suggesting,0.782110,engagement,0.773225
congruence,corresponding,0.737828,correlate,0.735077,cong,0.732218,corresponds,0.723279,respective,0.715843
error,errors,0.872555,problem,0.767825,exception,0.753817,bug,0.747730,failure,0.745765
san,sant,0.741957,su,0.721483,st,0.705227,si,0.688755,mon,0.687345
emerged,emergence,0.848443,emerging,0.833983,emerge,0.825050,appeared,0.760290,revealed,0.749099
detected,detects,0.907523,detect,0.893728,detectable,0.881928,detecting,0.877346,detection,0.868520
involves,involving,0.876044,involved,0.826584,comprises,0.818002,consisting,0.781103,consists,0.780051
after,afterwards,0.923186,then,0.804161,later,0.800059,subsequently,0.780373,before,0.767497
precise,precision,0.879881,exact,0.825342,accuracy,0.809215,accurate,0.780790,accurately,0.778731
representative,representation,0.805144,representing,0.803629,represent,0.764083,representativeness,0.740228,represents,0.728079
intl,international,0.785292,global,0.749153,ecl,0.717565,globally,0.710343,intu,0.687962
zou,dou,0.709288,yu,0.697740,lu,0.691777,su,0.684983,andreou,0.672351
seasonal,seasonality,0.892786,season,0.867101,monthly,0.750380,fall,0.721485,holiday,0.719548
extensive,extensively,0.872733,comprehensive,0.832469,much,0.789173,plethora,0.771302,complete,0.755038
templates,formats,0.743312,format,0.727748,creat,0.708476,frameworks,0.706302,html,0.706161
cost,costs,0.934472,fee,0.778369,costly,0.765957,rates,0.760877,expense,0.738626
inform,informed,0.879472,informing,0.868185,information,0.815577,informa,0.808893,learn,0.767827
heavy,heavier,0.898133,heavily,0.824927,weight,0.788683,strong,0.788566,substantial,0.777800
identities,identifiers,0.831374,names,0.801743,identification,0.799007,identify,0.774688,identifying,0.773199
cbo,bc,0.665686,government,0.646546,bic,0.646249,fed,0.634962,cc,0.629250
party,social,0.739874,shindig,0.732032,gathering,0.730480,occasion,0.717581,socially,0.712174
plausibility,plausible,0.868920,possible,0.838727,potentially,0.792503,feasible,0.784696,feasibility,0.782686
therefore,hence,0.933874,thus,0.891144,accordingly,0.857536,moreover,0.788359,furthermore,0.784926
cluded,ceived,0.721241,rejected,0.715854,borrowed,0.710064,unwanted,0.710043,been,0.704490
dates,date,0.925742,days,0.758586,day,0.748361,matches,0.727725,wed,0.727421
date,dates,0.925742,day,0.783282,wed,0.749577,match,0.747766,time,0.747606
notable,significant,0.860002,notably,0.777220,interesting,0.763965,unique,0.756324,recognition,0.755527
schneider,lowe,0.694025,mann,0.665503,giger,0.661311,ar,0.655081,ger,0.642177
vol,volume,0.805935,vl,0.723333,lot,0.721599,lo,0.703780,val,0.703368
measuring,measurement,0.970019,measured,0.921254,measure,0.898537,measurements,0.887142,measures,0.827716
listview,android,0.679625,lists,0.655312,list,0.642048,java,0.612248,jsp,0.602842
shares,share,0.793737,investments,0.761528,sharing,0.746982,puts,0.735116,shared,0.710996
jebara,je,0.655704,ba,0.652623,br,0.635733,jos,0.622592,ber,0.604531
revisit,revisiting,0.946301,redo,0.786070,repeat,0.768638,explore,0.728785,discover,0.717487
iteration,iterate,0.878345,iterating,0.870456,iteratively,0.866292,loops,0.761789,repeat,0.746973
happens,happen,0.901171,occurs,0.876873,occurred,0.841235,occur,0.803761,inevitably,0.737928
varying,varies,0.901832,varied,0.872643,variation,0.857869,variability,0.837760,various,0.785044
heidelberg,germany,0.705706,berlin,0.663067,bosch,0.644493,koch,0.636274,place,0.630469
resource,resources,0.796609,useful,0.732516,need,0.725744,needed,0.712207,content,0.710425
carrying,carry,0.938287,carried,0.864648,handling,0.758419,containing,0.741799,handle,0.728751
sigsoft,sigchi,0.717679,software,0.702156,libresoft,0.699773,saas,0.693184,sourceforge,0.674217
generalizability,generalize,0.834216,generalized,0.762098,general,0.705125,abstraction,0.680254,characterizing,0.677094
dumps,dump,0.926970,bottom,0.698390,bin,0.689735,decomposing,0.686773,chunks,0.686601
summarizes,summarized,0.896065,summary,0.812681,elaborate,0.742684,describes,0.734340,overviews,0.725042
rolled,veloped,0.718776,creased,0.714032,pacted,0.699555,released,0.695518,raised,0.687288
eclipseplugin,plugin,0.749094,eclipse,0.736645,plugins,0.720850,plugi,0.658995,intellij,0.649249
incen,inc,0.694262,incor,0.685514,en,0.679106,fn,0.671426,ence,0.669161
httpie,http,0.713125,itive,0.698840,ie,0.684201,itories,0.668246,esti,0.667676
tributors,tributions,0.711584,tribution,0.688217,representing,0.658535,three,0.650500,tures,0.649276
padhye,ropadhye,0.775116,gharehyazie,0.701033,ly,0.687294,tsay,0.665053,swy,0.659215
aca,ac,0.740389,association,0.646686,acm,0.642015,ad,0.631344,associated,0.630233
take,taking,0.893320,takes,0.884760,choose,0.813892,taken,0.806766,get,0.805596
distributions,distribution,0.861885,distributed,0.757032,allocation,0.720625,tributions,0.705511,spread,0.705005
dominant,dominated,0.809611,mature,0.715922,preference,0.713608,master,0.708827,foremost,0.708822
greatest,greater,0.844219,great,0.799428,best,0.782964,largest,0.765128,maximum,0.758022
apache,http,0.704872,oracle,0.681939,mozilla,0.679921,netbeans,0.676055,foss,0.673729
diction,dicting,0.817015,lexical,0.777335,words,0.768715,language,0.745774,ditional,0.728136
xml,html,0.735263,element,0.702691,data,0.692574,java,0.687147,elements,0.682375
subset,subsets,0.940152,sets,0.751024,set,0.716040,let,0.702301,distinct,0.691719
lessly,less,0.780828,least,0.716582,rately,0.696914,fewer,0.694088,little,0.690348
expensive,costly,0.925938,rich,0.753659,expense,0.751058,costs,0.750360,spent,0.737705
ucdavis,ultimate,0.683323,udc,0.672586,united,0.657899,ums,0.647976,ual,0.647152
resolved,resolution,0.836996,fixed,0.826256,resolves,0.820825,solved,0.800093,concluded,0.796654
cycle,cyclic,0.771289,lifecycle,0.730220,tri,0.711076,loop,0.690681,engine,0.680313
speeding,driving,0.750317,faster,0.713343,drove,0.655400,running,0.642265,penalty,0.635510
stylos,gousios,0.651553,tio,0.636027,st,0.629604,sillito,0.623410,los,0.613604
lim,lin,0.790865,li,0.789806,lam,0.771593,lu,0.726775,pl,0.721652
lack,weak,0.733173,empty,0.727843,absent,0.718179,need,0.714994,poor,0.711909
micro,tiny,0.789691,small,0.776299,little,0.733803,mb,0.722331,short,0.707236
sense,perceive,0.774175,aware,0.767122,means,0.746936,seem,0.735739,notion,0.733920
linear,linearly,0.873652,sublinear,0.737000,ld,0.718279,lin,0.706013,vl,0.704455
labels,labeled,0.873456,labelled,0.865416,categories,0.749712,categorized,0.733904,indicating,0.714402
median,average,0.751014,averaging,0.728944,avg,0.696585,percentile,0.694420,mean,0.688375
holiday,weekend,0.736469,occasion,0.730160,seasonal,0.719548,day,0.707127,presents,0.700806
takes,take,0.884760,taking,0.846954,taken,0.788903,gets,0.766965,brings,0.736200
who,whose,0.831832,which,0.778723,what,0.772788,where,0.753841,person,0.732387
completed,complete,0.878616,done,0.856619,concluded,0.853856,achieved,0.846550,concludes,0.796646
reddit,forum,0.694536,art,0.680595,top,0.671783,forums,0.669035,sites,0.669018
issues,issue,0.866390,problems,0.815302,concerns,0.774855,topics,0.772630,challenges,0.762020
easy,easier,0.864812,easily,0.854384,simple,0.846488,simply,0.820020,readily,0.801695
hundred,ten,0.778112,centage,0.711224,fraction,0.710829,thousands,0.708480,portion,0.708269
van,vanbu,0.726788,von,0.709599,valley,0.686786,auto,0.686098,ar,0.675862
respective,respectively,0.876985,each,0.804908,their,0.784583,theirs,0.780147,comprise,0.749025
sufficient,sufficiently,0.905734,suitable,0.845394,reasonably,0.823880,reasonable,0.819754,appropriate,0.812282
nodes,node,0.907105,networks,0.727136,graphs,0.712890,graph,0.706345,edges,0.702517
itself,themselves,0.842359,self,0.824275,yourself,0.775336,nonetheless,0.747530,theirs,0.745581
complexity,complex,0.825017,challenging,0.724101,difficult,0.717257,entropy,0.712044,algorithms,0.707377
premkumar,premraj,0.751769,pre,0.573424,raja,0.564040,sethumadhavan,0.556107,nagappan,0.555910
closes,closed,0.894309,closing,0.889921,close,0.799643,closer,0.764242,ending,0.725623
sampled,sampling,0.891101,sample,0.865614,samples,0.851764,recorded,0.740889,collected,0.734486
sciences,science,0.907235,engineering,0.798261,scientific,0.793398,literature,0.743522,environment,0.737040
tend,mean,0.755855,depend,0.750219,rely,0.743572,adapt,0.737637,devote,0.734983
labeled,labelled,0.972869,labels,0.873456,marked,0.812481,indicating,0.751656,coded,0.748912
contribute,contributes,0.913262,contributing,0.899219,participate,0.872540,contribution,0.857616,contributions,0.855762
occurs,occur,0.930402,happens,0.876873,occurred,0.874871,occurrence,0.871521,happen,0.845098
roles,role,0.938083,supporting,0.727681,assigns,0.716677,situations,0.705569,assignments,0.702303
integral,integration,0.789772,let,0.742490,integrations,0.726695,continuousintegration,0.707100,fourier,0.703681
engineers,engineer,0.920965,engineering,0.853051,technical,0.751121,tech,0.728158,construction,0.713385
discusses,discussed,0.888156,discuss,0.877808,discussion,0.872896,discussions,0.854342,talking,0.773759
rare,uncommon,0.843483,unique,0.803558,special,0.735800,seldom,0.730240,notable,0.719931
subdividing,subdivide,0.952939,dividing,0.780343,divide,0.768579,subsections,0.733657,redistribute,0.727379
submission,submitting,0.910849,submitted,0.900926,uploading,0.786864,form,0.750213,republish,0.743644
quickly,immediate,0.851676,faster,0.844618,immediately,0.834224,readily,0.805198,brief,0.780559
international,global,0.845911,intl,0.785292,globally,0.784142,worlds,0.752950,countries,0.746520
biomedical,scientific,0.728011,lab,0.716620,sciences,0.698847,science,0.693565,medi,0.688531
reached,achieved,0.843181,reaches,0.811427,completed,0.754947,attains,0.754714,obtained,0.748621
allow,allows,0.913855,permission,0.828945,accept,0.794243,accepting,0.771486,bring,0.762857
unavoidable,conceivable,0.757844,impossible,0.746976,inevitably,0.721535,accidental,0.720512,caused,0.717351
adopted,adopting,0.880061,adoption,0.871544,cloned,0.766069,borrowed,0.759313,chosen,0.750221
bug,bugs,0.911168,bugginess,0.827698,buggy,0.800873,defect,0.786323,error,0.747730
ponzanelli,berardi,0.631980,ponent,0.625250,maffulli,0.617322,posnett,0.609132,spinellis,0.593984
everything,all,0.809349,every,0.785262,entire,0.779238,things,0.772100,completely,0.755609
assertions,implies,0.784252,assumptions,0.782108,assumption,0.778968,imply,0.772015,evident,0.742585
gooddata,data,0.772020,usagedata,0.739546,good,0.713495,promisedata,0.704246,datasets,0.696642
grow,growing,0.906581,growth,0.854896,grows,0.853063,grown,0.831079,expand,0.788114
henshin,hension,0.694834,japan,0.644999,kamiya,0.642920,yahin,0.631667,han,0.630285
lakhani,baldi,0.636248,sajnani,0.610197,baishakhi,0.597397,asundi,0.580423,khandakar,0.558931
formula,calculation,0.766627,calculates,0.741500,formulate,0.730272,calculate,0.729206,calculated,0.707965
innovation,idea,0.780041,technology,0.745033,ideas,0.740330,concept,0.723492,introduced,0.715369
solely,exclusively,0.884994,only,0.776376,standalone,0.767773,completely,0.764231,strictly,0.749009
assumed,assume,0.886716,assumption,0.880888,assumptions,0.853994,expected,0.811245,implied,0.803457
bugs,bug,0.911168,bugginess,0.833695,buggy,0.772171,problems,0.750458,defect,0.716193
datapoint,datapoints,0.909870,point,0.740785,data,0.714058,pinpoint,0.695573,gooddata,0.691907
explanation,explained,0.924879,explains,0.922634,explain,0.885339,understanding,0.813209,elaborate,0.764220
overlap,overlapping,0.938694,over,0.701230,interference,0.700936,combine,0.697140,merge,0.696520
sified,ized,0.705218,si,0.687741,sive,0.684521,sophisticated,0.667043,sion,0.667033
note,mentioned,0.757225,noted,0.752470,references,0.731489,referenced,0.726970,text,0.726780
third,thirdly,0.882940,three,0.863847,iii,0.859929,lastly,0.798290,second,0.796459
ray,rayb,0.761176,rey,0.742339,roy,0.693622,ruby,0.693170,star,0.683197
chance,probability,0.819674,likelihood,0.806277,random,0.761317,opportunity,0.751529,possible,0.746920
folds,fold,0.914640,creased,0.770808,form,0.695267,handles,0.693210,paper,0.685718
thresholds,threshold,0.941629,limits,0.711945,boundaries,0.696506,criteria,0.677192,cutoffs,0.675939
paid,compensated,0.809023,accounted,0.789365,ceived,0.781190,done,0.778555,spent,0.773807
usability,functionality,0.760993,ui,0.745605,affordances,0.740503,functionalities,0.718516,interface,0.711325
shifting,shift,0.902310,moving,0.752816,move,0.741755,movement,0.737764,switching,0.718399
raised,grown,0.749558,increased,0.743746,gained,0.741967,up,0.733155,increase,0.728684
defects,defect,0.941362,defective,0.775340,problems,0.755471,repair,0.715017,bugs,0.714765
mckinley,graham,0.621552,morgan,0.607044,marshall,0.599936,mon,0.595139,token,0.592882
valuable,value,0.806754,useful,0.774962,important,0.773863,importance,0.765387,meaningful,0.751590
sourceforge,stackforge,0.824147,foss,0.755112,reposi,0.704598,github,0.703247,npm,0.702206
ob,er,0.683559,pms,0.675394,office,0.674789,org,0.672562,provider,0.662853
density,volume,0.715150,full,0.711220,matter,0.690296,entropy,0.685696,depth,0.684371
keynote,presentation,0.732476,presented,0.728883,conference,0.713122,demonstrate,0.693020,symposium,0.691571
opening,opens,0.902386,opened,0.881302,open,0.880632,entering,0.825797,beginning,0.792984
ascertain,determine,0.793532,determining,0.776183,assess,0.755724,obtain,0.752746,examine,0.742536
exposing,expose,0.924964,revealing,0.856711,revealed,0.758611,informing,0.733603,showing,0.722507
capiluppi,capra,0.655179,dupli,0.653152,appli,0.636365,commu,0.630267,suppl,0.625325
lau,lu,0.763096,li,0.748145,lin,0.715008,lim,0.712883,le,0.702683
erties,nities,0.747573,ers,0.737095,er,0.706409,eds,0.684008,ues,0.680102
computers,computer,0.915567,computing,0.823212,machines,0.774541,technology,0.756277,tech,0.754757
gist,syst,0.720448,jst,0.706243,gittesthelper,0.686596,tect,0.683490,jss,0.679704
resolution,resolved,0.836996,resolves,0.831422,clarity,0.726420,clearer,0.722504,determination,0.714055
supply,sourcing,0.781205,provide,0.767238,need,0.761848,providing,0.746149,provided,0.729288
order,ready,0.731355,customer,0.731122,buy,0.729295,get,0.727988,select,0.722854
them,they,0.928110,themselves,0.843445,their,0.842353,those,0.794569,him,0.790280
mining,mines,0.857926,mined,0.829289,mine,0.794448,drill,0.686071,energy,0.679828
mail,mails,0.929685,mailing,0.901974,email,0.894046,pm,0.732231,addresses,0.719140
corta,cortazar,0.683103,andrea,0.671293,cor,0.656588,org,0.655043,canonical,0.642908
house,building,0.689525,ha,0.688987,architecture,0.688841,party,0.687247,handle,0.683628
disease,epidemiology,0.757858,conditions,0.699521,treatment,0.695875,cause,0.691853,risk,0.685122
translating,translation,0.950017,translates,0.916262,translator,0.904463,interpretation,0.732616,interpret,0.720699
focusing,focus,0.933166,focuses,0.926194,focused,0.891137,concentration,0.844406,attention,0.748462
cervig,cervigo,0.733538,ccervigon,0.685133,previ,0.625046,vugt,0.624003,ljung,0.607584
detectable,detected,0.881928,detect,0.865299,detects,0.863514,detecting,0.858852,detection,0.848358
fill,add,0.723922,input,0.717694,composition,0.717212,create,0.716109,creat,0.711168
simple,simply,0.925082,simplified,0.898761,easy,0.846488,trivial,0.808019,basic,0.777631
commercial,business,0.744674,corporate,0.742694,industrial,0.733566,industry,0.728035,professional,0.726589
assess,assessing,0.905504,evaluate,0.847498,examine,0.812396,analyze,0.803211,evaluated,0.802163
things,items,0.833193,objects,0.807611,everything,0.772100,parts,0.764965,what,0.756712
ghtorrent,travistorrent,0.762292,gh,0.698376,ghtorent,0.692331,repos,0.644046,repository,0.632210
ag,ar,0.711610,agit,0.674675,ac,0.672254,ger,0.668504,ad,0.667832
range,ranges,0.906918,ranging,0.890127,ranged,0.815297,reaches,0.710084,area,0.702108
usa,us,0.847730,australia,0.769225,country,0.767094,ny,0.752312,states,0.751520
sethumadhavan,murugesan,0.677725,nagappan,0.649463,meiyappan,0.640463,thummalapenta,0.581062,sentmani,0.556995
submitting,submission,0.910849,submitted,0.897481,uploading,0.826856,applying,0.779834,entered,0.767451
lessons,classes,0.795191,learning,0.770228,practice,0.762209,learn,0.752256,learner,0.737627
conversely,similarly,0.853420,comparatively,0.838090,furthermore,0.800287,likewise,0.779564,moreover,0.776456
correlation,correlations,0.953346,correlated,0.895069,correlates,0.852034,correlate,0.846421,statistical,0.739042
final,none,0.759220,result,0.737776,last,0.737569,end,0.727640,matches,0.718509
importantly,important,0.762364,notably,0.762362,significantly,0.760795,importance,0.756076,moreover,0.753847
mul,mu,0.769369,ual,0.742687,ful,0.735493,nal,0.735175,msli,0.728750
appropriate,suitable,0.900278,sufficiently,0.834695,correctly,0.828828,proper,0.825065,applicable,0.821711
manager,managers,0.900728,management,0.872413,managing,0.814331,manage,0.782618,managed,0.779538
yoon,lin,0.728769,nu,0.728600,yu,0.700115,kim,0.697186,mon,0.684309
selection,selecting,0.866880,selected,0.821520,select,0.777488,choice,0.764376,chosen,0.754681
inktank,font,0.666259,drawingentry,0.658684,graphic,0.653147,gimp,0.647159,signature,0.646679
libresoft,libreoffice,0.781987,libre,0.766723,foss,0.736865,software,0.712711,sigsoft,0.699773
rates,rate,0.897187,costs,0.776892,cost,0.760877,fee,0.754778,offers,0.725832
expertise,expert,0.853015,experts,0.845499,specialization,0.767457,skills,0.743084,knowledge,0.740211
glott,ghtorent,0.682266,cort,0.666083,tant,0.660037,gittesthelper,0.646501,agit,0.645328
columns,column,0.915925,sections,0.726949,format,0.697928,margins,0.694486,brackets,0.687939
aggregation,aggregate,0.873579,aggregated,0.873489,sum,0.747760,averaging,0.739042,combine,0.724505
detecting,detection,0.967609,detects,0.942842,detect,0.937749,detected,0.877346,detectable,0.858852
cervigo,cervig,0.733538,vein,0.644671,ccervigon,0.621717,spot,0.600997,cvsanaly,0.597844
leveling,level,0.822629,levels,0.786862,progression,0.720221,increasing,0.696120,stratification,0.670080
appearing,appear,0.883016,appears,0.878718,appearance,0.842164,appeared,0.835142,coming,0.800150
en,international,0.720785,ence,0.713372,fn,0.710407,eng,0.710199,et,0.702512
tracking,tracked,0.931502,tracker,0.898797,tracing,0.824692,track,0.756358,traced,0.751234
paradigm,paradigms,0.917515,conceptual,0.724167,abstraction,0.689237,theory,0.679235,notion,0.678404
returns,return,0.918796,returned,0.827525,back,0.695382,order,0.692691,guarantee,0.688617
then,subsequently,0.807976,after,0.804161,afterwards,0.786380,later,0.771636,thus,0.770658
kelvin,entropy,0.695497,science,0.680709,metric,0.673969,latitude,0.666975,heat,0.666460
clone,clones,0.929298,cloned,0.906080,clonesubid,0.846463,cloning,0.821161,copy,0.813715
tant,tation,0.811691,ta,0.795863,tan,0.782841,ment,0.760160,tt,0.745503
stratification,stratified,0.929570,classification,0.735670,categorization,0.734263,classifications,0.733947,layered,0.725673
il,ia,0.755199,chicago,0.740306,ie,0.736130,al,0.722778,el,0.718184
worked,works,0.842679,successful,0.805542,successfully,0.796459,fixed,0.771130,tried,0.766454
think,thought,0.896661,consider,0.815966,imagine,0.809491,hypothesize,0.802090,pensated,0.800804
soap,soapmessageutil,0.784776,wrapper,0.695270,clean,0.683858,smells,0.659356,wsdl,0.658538
cyclomatic,cyclic,0.734332,periodic,0.665620,periodicity,0.656571,cy,0.643301,loop,0.640762
filename,file,0.782227,files,0.772632,projectname,0.714468,folder,0.696517,name,0.664591
assigned,assigns,0.913790,assign,0.905147,assignments,0.873291,allocated,0.837562,given,0.793666
tn,ne,0.669448,il,0.665205,ny,0.657716,ct,0.657238,usa,0.655633
doubt,conflicting,0.747771,mistaken,0.742395,unknown,0.730491,wrong,0.730120,wrongly,0.727046
he,him,0.880515,she,0.830995,his,0.824021,they,0.818694,her,0.755448
libre,freely,0.811784,free,0.807071,libresoft,0.766723,libreoffice,0.735027,lib,0.710340
remaining,remained,0.806410,keeping,0.761369,remainder,0.760381,last,0.749449,remains,0.743473
dtft,dt,0.831923,tdd,0.714056,tt,0.704681,htt,0.701510,jdt,0.697393
either,any,0.841599,both,0.828529,else,0.762118,option,0.760657,whether,0.750760
indeed,yes,0.869551,certainly,0.858344,precisely,0.839860,likewise,0.836380,exactly,0.829690
htt,tt,0.729986,ment,0.721736,tect,0.717572,tant,0.716796,ast,0.705551
obviously,clearly,0.896342,evidently,0.877383,certainly,0.806879,necessarily,0.797741,exactly,0.793133
hyndman,htt,0.616965,mb,0.595341,kingston,0.594062,bergman,0.588433,uk,0.582391
ufp,fp,0.756944,pp,0.701581,ultimate,0.699649,fis,0.685962,united,0.673036
perspectives,perspective,0.874713,views,0.854532,insights,0.752709,overviews,0.748661,focuses,0.729765
official,professional,0.727596,standard,0.712156,actual,0.710334,established,0.707466,formally,0.706695
even,ever,0.761904,alike,0.744084,equally,0.743703,equal,0.737290,valid,0.723782
flow,overflow,0.745989,drag,0.721497,velopment,0.716994,smooth,0.708479,convolve,0.708340
believed,assumed,0.793485,predicted,0.779105,said,0.766128,validated,0.757628,stated,0.755443
status,situation,0.752752,currently,0.723665,conditions,0.720103,update,0.713837,updates,0.711990
metric,metricsgrimoire,0.836735,metrics,0.807760,measurement,0.775925,measured,0.765521,measuring,0.756759
checks,check,0.886146,checked,0.804411,measures,0.724009,amounts,0.708705,forms,0.702045
revealed,revealing,0.871827,shown,0.763757,expose,0.758763,exposing,0.758611,released,0.757825
whitney,thomson,0.634868,lin,0.626358,chi,0.623939,anna,0.616486,anne,0.613665
logically,linearly,0.782158,heuristically,0.771102,practically,0.760840,mathematically,0.758823,ditionally,0.758083
oopl,oopsla,0.818343,ecl,0.709822,pl,0.701616,vl,0.699288,lo,0.694081
fields,lands,0.764725,ground,0.722983,areas,0.714982,outside,0.695526,area,0.687450
utility,useful,0.778555,tool,0.744490,util,0.741652,plug,0.735562,use,0.733262
proxy,proxies,0.857776,intercept,0.716410,wrapper,0.705912,mirrored,0.700607,https,0.684484
improve,improving,0.915656,improved,0.843564,improvements,0.813052,achieve,0.792089,optimize,0.786259
symp,syst,0.737024,suppl,0.698535,swy,0.693202,prog,0.688149,pro,0.688067
however,though,0.851827,although,0.846887,nonetheless,0.806821,otherwise,0.792542,thus,0.772964
formats,format,0.942142,files,0.771231,templates,0.743312,forms,0.740374,form,0.739979
clas,cl,0.753993,lsa,0.701920,cluded,0.669364,nels,0.664501,locs,0.658343
function,functions,0.936847,functional,0.832856,functionality,0.830555,functionalities,0.818569,purpose,0.775438
comment,comments,0.886310,commented,0.880020,feedback,0.768829,statement,0.766773,response,0.763293
kingston,ontario,0.695607,toronto,0.667036,chan,0.663851,harrison,0.655039,ny,0.652579
fixes,fix,0.884953,fixing,0.841715,repair,0.829373,fixed,0.822844,improvements,0.780838
generates,generating,0.908237,generator,0.807392,reproduce,0.727228,produces,0.725132,create,0.698526
php,perl,0.730241,html,0.723071,java,0.708219,javascript,0.699468,symfony,0.680713
wrapper,package,0.717345,handle,0.707689,proxy,0.705912,utility,0.695496,soap,0.695270
expect,expected,0.855987,anticipate,0.827435,predict,0.787275,prepare,0.775366,assume,0.770713
mature,maturation,0.780275,sophisticated,0.751818,age,0.745282,senior,0.736194,younger,0.725342
matching,matched,0.894086,match,0.890890,matchers,0.863336,corresponding,0.794321,matches,0.787124
written,authored,0.863183,write,0.831729,writing,0.819973,stated,0.782381,composed,0.769716
should,must,0.801637,need,0.756509,needed,0.750917,would,0.747256,required,0.742483
tdd,dt,0.760201,testing,0.729687,dit,0.726838,tested,0.714448,dtft,0.714056
distinct,unique,0.836349,diverse,0.806265,uniquely,0.796702,different,0.791657,distinguish,0.790076
jgit,jdt,0.683183,jst,0.681414,gist,0.679533,jedit,0.669258,jgb,0.663608
positives,positive,0.833408,benefits,0.790672,advantages,0.785709,good,0.758778,promising,0.754025
ball,solid,0.717317,object,0.713425,game,0.712734,goal,0.699478,play,0.697762
token,tokens,0.909328,valuable,0.684785,account,0.678400,artifact,0.676783,nexus,0.675034
new,newer,0.820488,recent,0.737046,daily,0.733825,creating,0.725018,introducing,0.718247
grown,growing,0.847112,grows,0.843656,grow,0.831079,growth,0.777876,propagated,0.757406
decentralized,distributed,0.795489,centralized,0.760584,networked,0.721358,scalable,0.714434,aggregated,0.693733
story,history,0.719925,content,0.715177,series,0.694061,document,0.687399,author,0.686608
library,libraries,0.834180,literature,0.755378,resources,0.743622,database,0.741516,lib,0.723663
will,wills,0.835001,might,0.758450,wish,0.754475,william,0.749854,promise,0.745461
meng,ming,0.711914,mei,0.696615,ing,0.677763,shang,0.671726,mu,0.666683
actually,although,0.790766,correctly,0.783157,practically,0.781862,indeed,0.776075,actual,0.775600
variable,variables,0.920889,variate,0.807916,var,0.781137,variation,0.735562,variability,0.733965
via,through,0.768475,across,0.687845,tive,0.685413,vide,0.685198,way,0.685187
heuristically,logically,0.771102,computationally,0.766932,iteratively,0.758360,plausible,0.728472,hypothesize,0.724453
link,linked,0.784849,www,0.769727,web,0.742166,show,0.721461,follow,0.713122
helps,provides,0.838352,facilitates,0.812238,supportive,0.759673,encourages,0.757008,works,0.748023
february,feb,0.761475,august,0.742854,october,0.730845,january,0.724202,july,0.719657
stored,storing,0.897183,contained,0.772055,keep,0.740605,keeping,0.731781,remained,0.723648
edits,edit,0.887259,editing,0.872488,edited,0.869687,revisions,0.842954,editor,0.778567
margaret,abigail,0.730575,ann,0.718969,anne,0.712204,miss,0.686504,elizabeth,0.678854
ones,one,0.900419,those,0.752245,once,0.744731,two,0.728494,them,0.725972
hale,kay,0.693729,ha,0.655259,ith,0.654409,hassan,0.654362,addison,0.644580
nomenclature,terminology,0.872285,renaming,0.762887,classifications,0.755682,identifiers,0.750788,classification,0.744491
semantic,semantics,0.920689,lexical,0.806917,literal,0.783950,notion,0.768226,meaningful,0.762297
curating,curated,0.757090,exhibits,0.718339,artifacts,0.712845,collection,0.708679,objects,0.677079
spain,madrid,0.761880,spanish,0.757201,countries,0.715434,germany,0.707470,france,0.703077
jazz,dj,0.689860,instrumental,0.685436,prog,0.678730,rhythms,0.672737,smooth,0.671256
nuxeo,nu,0.670645,io,0.636594,xphere,0.633251,num,0.625365,grex,0.620655
majority,percentage,0.721149,percentages,0.713966,most,0.691435,representativeness,0.691421,primarily,0.685112
pairs,pair,0.932675,two,0.763791,combination,0.752749,sets,0.745017,humans,0.734938
missing,absent,0.870625,missed,0.855389,absence,0.799185,omission,0.774994,unknown,0.729537
failures,failure,0.908336,problems,0.790292,attempts,0.763180,errors,0.754946,negatives,0.725263
strikingly,notably,0.806393,noticeable,0.772211,significantly,0.763258,surprisingly,0.757138,eloquently,0.731900
few,rarely,0.842810,seldom,0.832199,fewer,0.821780,less,0.776951,some,0.767857
called,calling,0.827590,calls,0.777408,call,0.756336,named,0.728762,conducted,0.715617
starts,starting,0.862707,beginning,0.845823,started,0.842495,beginnings,0.841202,begin,0.809299
heavier,heavy,0.898133,weight,0.837679,weights,0.791869,bigger,0.781301,heavily,0.778899
conduct,behaviour,0.800128,behavior,0.789691,behaving,0.746636,manner,0.726704,respect,0.717657
paper,documents,0.744813,pdf,0.730521,graphic,0.717483,journal,0.705026,document,0.701696
sloc,mloc,0.787091,loc,0.753754,locs,0.714871,noc,0.666484,cc,0.664209
sound,noise,0.828497,instrumental,0.748588,recording,0.745143,volume,0.737991,sonality,0.733181
ahmed,ibrahim,0.707057,mohammad,0.672111,al,0.655575,hassan,0.654705,user,0.645648
curious,interested,0.819381,asking,0.807472,interesting,0.806299,asked,0.763683,investigates,0.755878
martinfowler,bird,0.637351,graham,0.620812,galler,0.614842,hunt,0.604912,wermelinger,0.601217
hypothetical,scenario,0.813736,would,0.792762,suppose,0.789558,possible,0.783100,imagine,0.773471
customer,customers,0.921876,account,0.772661,service,0.760823,users,0.746119,guarantee,0.737823
asm,acm,0.794196,scm,0.735330,lm,0.716522,ast,0.714433,bma,0.701786
libraries,library,0.834180,lib,0.710766,databases,0.702525,facilities,0.696661,literature,0.685606
wonder,wish,0.753948,goodness,0.742272,might,0.731033,super,0.721278,unique,0.695180
forum,forums,0.821283,reddit,0.694536,sites,0.692303,top,0.691562,event,0.677733
maintainability,maintainable,0.875781,maintenance,0.763241,maintaining,0.761628,maintainers,0.754405,maintain,0.733630
nicbet,nity,0.651260,nities,0.630575,regular,0.616964,sim,0.613834,natalie,0.610856
back,return,0.792154,backspace,0.742086,returned,0.734111,backward,0.733627,behind,0.728933
perceived,perceive,0.887262,noticeable,0.791321,seen,0.771018,unseen,0.750621,seem,0.742838
sharing,share,0.907268,shared,0.888422,codeshare,0.772955,providing,0.767278,giving,0.750860
swy,ly,0.795591,young,0.721033,nity,0.693460,symp,0.693202,ually,0.685596
emerging,emergence,0.878072,emerged,0.833983,emerge,0.832465,evolving,0.771742,becoming,0.766305
dj,party,0.708611,sound,0.697257,jazz,0.689860,smooth,0.689480,host,0.689367
management,managing,0.896819,manager,0.872413,managers,0.871953,managed,0.820182,manage,0.809733
naturally,natural,0.781067,obviously,0.753028,practically,0.742618,normal,0.740800,generally,0.732489
sophisticated,complex,0.776238,intelligent,0.756019,mature,0.751818,formal,0.751676,substantial,0.726360
accidental,accidentally,0.945857,mistakenly,0.848615,accident,0.787942,unexpected,0.779195,occurred,0.772542
seam,spread,0.711164,creased,0.700928,fits,0.685197,seamlessly,0.681867,cohesion,0.676722
pensated,thought,0.852644,think,0.800804,considered,0.760448,considers,0.750865,speculate,0.723549
lez,le,0.773902,zar,0.655352,zou,0.651792,ly,0.648639,yu,0.647128
encog,ence,0.685367,cc,0.667320,en,0.651929,cong,0.650063,cok,0.618319
much,many,0.847410,greatly,0.810557,considerably,0.800135,extensive,0.789173,extensively,0.785496
sociological,society,0.718828,social,0.702924,socially,0.698422,ethnographic,0.693339,qualitative,0.678911
initializing,initialize,0.922837,initializations,0.920341,initialization,0.910387,beginning,0.765337,starting,0.737522
approximation,estimation,0.774239,estimating,0.766750,estimate,0.749414,estimated,0.724293,estimations,0.722181
strategy,strategies,0.938955,approach,0.753868,practition,0.738979,goals,0.736727,plan,0.732299
produces,production,0.846076,produced,0.842729,makes,0.803038,output,0.790306,outputs,0.785658
little,small,0.856427,tiny,0.835650,minor,0.782517,lo,0.766728,smaller,0.757627
partitioning,partitions,0.923333,partitioned,0.907560,partition,0.896953,subdividing,0.719360,splitting,0.715988
imagine,think,0.809491,hypothetical,0.773471,exist,0.761156,consider,0.755325,thought,0.751577
again,repeated,0.819020,repeatedly,0.791941,repeat,0.790332,repeats,0.784182,another,0.779172
while,until,0.753641,during,0.736117,whereas,0.733812,um,0.730128,still,0.717786
hybrid,derived,0.691657,mixture,0.683718,combination,0.683493,nested,0.677022,combine,0.673574
threshold,thresholds,0.941629,limit,0.667001,boundary,0.665883,limits,0.665363,limiting,0.664970
exists,exist,0.906743,existance,0.892013,existing,0.876048,existence,0.861696,valid,0.742060
periodic,periodicity,0.905999,cyclic,0.776021,period,0.728402,occurrence,0.724772,monthly,0.720856
judicious,precise,0.754918,substantial,0.736669,reasonable,0.720659,proper,0.717430,strict,0.709126
tracked,tracking,0.931502,tracker,0.912462,traced,0.803485,tracing,0.797133,track,0.783601
university,universidad,0.834334,school,0.801572,college,0.801199,degree,0.788568,edu,0.782873
decomposition,decomposing,0.912628,decompose,0.840021,decay,0.775086,comprise,0.712965,disjoint,0.709975
their,theirs,0.870580,they,0.852940,themselves,0.842375,them,0.842353,each,0.804055
cause,caused,0.897345,reasons,0.826286,reason,0.800910,why,0.779134,explanation,0.756440
segments,sections,0.759376,fragments,0.732148,part,0.719991,subsections,0.718923,regions,0.705188
remained,remaining,0.806410,still,0.800380,continued,0.788004,staying,0.763651,stays,0.763004
locating,finding,0.803398,directions,0.782334,find,0.780316,locations,0.771804,coordinates,0.756657
src,tect,0.670322,gist,0.658395,clone,0.654017,demo,0.650282,image,0.649775
tions,tion,0.899118,tional,0.795386,cisions,0.769191,days,0.737968,itories,0.724224
software,tools,0.772978,packages,0.771961,programming,0.765822,technology,0.758333,sdks,0.756501
multitasking,productivity,0.772479,attention,0.714921,working,0.704789,tabbing,0.690898,prioritize,0.689318
capable,able,0.868718,capabilities,0.840898,viable,0.825623,ability,0.801975,enabled,0.799451
damian,daniel,0.700158,terry,0.694558,nicolas,0.687796,adrian,0.677145,shang,0.670691
revealing,revealed,0.871827,exposing,0.856711,expose,0.795747,knowing,0.768755,informing,0.754194
relevance,relevant,0.899417,importance,0.781977,meaningful,0.769283,applicable,0.766975,significance,0.762275
kaiser,raja,0.657559,kaufmann,0.656966,schwarz,0.642473,seattle,0.640225,koch,0.635483
decrease,decreases,0.884595,reduced,0.860129,reduction,0.841886,lower,0.806742,minimize,0.778349
feed,feeds,0.941446,follow,0.766120,forage,0.760298,share,0.737711,bring,0.736638
scala,val,0.717631,java,0.709252,lisp,0.708435,ruby,0.702619,variate,0.681438
perform,performs,0.915381,performing,0.862912,performed,0.826436,execute,0.818546,performance,0.798426
developed,develop,0.835224,developing,0.831329,development,0.812598,produced,0.765468,built,0.759525
topology,graphs,0.686021,nodes,0.684695,edges,0.684331,ontology,0.681681,graph,0.679397
park,outside,0.750288,place,0.745698,ground,0.689554,map,0.684587,spot,0.682277
refactor,refactoring,0.896711,refactorings,0.885470,redo,0.694120,modify,0.678089,generalize,0.675673
quantitative,quantifying,0.866035,quantify,0.850023,statistical,0.757101,calculated,0.743764,metrics,0.739790
reduction,reduced,0.911761,decrease,0.841886,eliminating,0.763329,decreases,0.757406,less,0.754473
velopment,veloped,0.790321,convolve,0.731845,dynamics,0.725895,movement,0.721756,veloper,0.721288
specific,particular,0.880556,specifically,0.865837,specially,0.764309,specify,0.762094,special,0.749073
moment,now,0.786485,present,0.778180,time,0.775696,occasion,0.748204,context,0.734706
association,associated,0.874173,cooperation,0.724259,involvement,0.716840,membership,0.715990,organizations,0.715888
eliminated,eliminating,0.810367,removed,0.806415,none,0.752560,out,0.749753,off,0.737622
argue,argument,0.910704,arguments,0.866621,discuss,0.812649,extend,0.753067,decide,0.734488
subsets,subset,0.940152,sets,0.808839,let,0.716992,set,0.709333,categories,0.694904
contributes,contributing,0.939431,contribute,0.913262,contribution,0.900465,contributions,0.898576,contributed,0.882566
partitioned,partitioning,0.907560,partition,0.893217,partitions,0.886948,distributed,0.755398,allocated,0.720499
hashes,hash,0.887100,ruby,0.709875,hashmap,0.690750,keys,0.687752,mined,0.669163
stratified,stratification,0.929570,layered,0.776649,nested,0.729219,depth,0.692063,categorized,0.682654
environment,environments,0.830036,nature,0.776528,science,0.744978,sciences,0.737040,earth,0.736932
surprising,unexpected,0.923163,surprisingly,0.918743,unusually,0.806993,different,0.752905,interesting,0.752537
derstanding,stand,0.720653,demonstrate,0.699850,esting,0.699319,appearing,0.697091,denote,0.693335
dell,computer,0.746301,computers,0.742967,amd,0.716606,intel,0.714398,hp,0.701131
delete,deletes,0.874623,remove,0.856997,deleting,0.854711,deleted,0.810239,ignore,0.773607
gittesthelper,prompter,0.711563,gist,0.686596,sourcerer,0.685505,wrapper,0.673501,user,0.667322
recorded,recording,0.901019,performed,0.770193,record,0.751845,produced,0.740914,sampled,0.740889
asundi,baldi,0.674501,dupli,0.621257,esti,0.610886,anansi,0.607144,plugi,0.598122
times,time,0.803797,hours,0.717934,tions,0.710726,days,0.706142,timespans,0.704908
tial,tal,0.740426,vl,0.729320,ta,0.725101,nal,0.717700,tt,0.688255
instrumental,instrumentation,0.753603,sound,0.748588,composed,0.718710,prog,0.698840,ocarina,0.698297
refer,referred,0.870013,referring,0.856308,contribute,0.798822,correspond,0.794959,suggest,0.774200
santa,jesus,0.717424,presents,0.697813,advent,0.668165,holiday,0.660604,bear,0.650625
devanbu,vanbu,0.704991,bu,0.641994,db,0.615736,commu,0.606991,dou,0.603400
jsp,jspsource,0.793563,html,0.759218,java,0.735164,asp,0.682979,http,0.681347
conjecture,hypothesis,0.741570,speculate,0.720295,assumption,0.696320,imply,0.695628,hypothesize,0.693747
studied,study,0.871911,studies,0.829380,studying,0.821659,examined,0.786444,learned,0.785557
gonzalez,nm,0.684745,lo,0.681155,lozano,0.678060,fernandez,0.677927,harrell,0.671857
bell,calling,0.770858,calls,0.755471,call,0.749000,ring,0.719990,number,0.714816
gonz,gonza,0.754486,schwarz,0.645539,von,0.627446,goues,0.617788,gousios,0.617244
still,remained,0.800380,steady,0.783838,yet,0.769887,unchanged,0.757123,remaining,0.735486
generated,source,0.713050,generating,0.702759,document,0.681369,generator,0.680056,resulted,0.679834
early,earlier,0.832453,late,0.729121,immediate,0.725623,later,0.714861,advanced,0.707660
plugi,plug,0.832563,plugin,0.821453,plugins,0.782084,dupli,0.720823,tool,0.702587
mfa,mens,0.696808,agement,0.686680,fit,0.677636,edition,0.673628,ma,0.673621
team,teams,0.807641,members,0.753579,company,0.744440,people,0.724246,group,0.723430
negatives,negative,0.825510,negatively,0.801176,drawbacks,0.763267,problems,0.731634,failures,0.725263
fixed,fix,0.875011,resolved,0.826256,fixes,0.822844,fixing,0.814991,edited,0.794228
expose,exposing,0.924964,revealing,0.795747,revealed,0.758763,spread,0.694343,introduce,0.689872
means,mean,0.824487,represents,0.756467,sense,0.746936,indicates,0.745459,denotes,0.743219
gratitude,honored,0.735173,gladly,0.698070,positives,0.693174,happily,0.693052,positive,0.692698
ference,fe,0.703947,fu,0.675311,occurrence,0.670169,match,0.662637,teresting,0.662216
appearance,appear,0.845279,appears,0.842893,appearing,0.842164,resemble,0.773430,face,0.771292
repositories,reposi,0.931184,repos,0.879644,repository,0.862208,databases,0.727785,sdks,0.714578
immediately,immediate,0.908541,quickly,0.834224,directly,0.740001,readily,0.738549,already,0.724430
comprehend,comprehension,0.896622,understand,0.859047,comprehen,0.852655,understanding,0.825033,perceive,0.795519
assume,suppose,0.897538,assumptions,0.893886,assumed,0.886716,assumption,0.860702,implies,0.822630
bar,bier,0.697136,bi,0.667370,bu,0.665681,party,0.665150,ba,0.663523
un,ngo,0.694236,world,0.689740,human,0.685877,unifying,0.683431,ultimate,0.683268
ocarina,instrumental,0.698297,strings,0.643390,object,0.640974,harmonic,0.637875,sound,0.636426
stack,stackforge,0.784824,combination,0.726877,layered,0.718264,shelf,0.714414,combine,0.710313
envisage,views,0.756206,perspective,0.753156,imagine,0.725512,visualize,0.724493,perceive,0.722740
chair,office,0.689383,class,0.675245,keyboard,0.666574,table,0.665876,row,0.656595
behaviour,behavior,0.961908,conduct,0.800128,behaving,0.799993,habits,0.731783,interaction,0.701802
unlike,contrary,0.788168,different,0.779037,differ,0.773674,opposite,0.768381,differently,0.754790
reality,realistic,0.798708,fact,0.744775,existance,0.735876,perspective,0.735197,real,0.732647
intentional,intends,0.789067,accidental,0.754194,explicit,0.741701,planned,0.740240,appropriate,0.731545
linearly,linear,0.873652,superlinearly,0.801512,mathematically,0.792686,logically,0.782158,iteratively,0.747567
investigations,investigation,0.949322,investigating,0.898677,investigates,0.880636,investigated,0.872605,investigate,0.831504
defined,defines,0.956347,define,0.951882,definition,0.930582,defining,0.907866,definitions,0.887195
proof,evidenced,0.770065,evidence,0.766203,evidences,0.754497,explanation,0.727208,demonstrated,0.718242
confirm,verify,0.821949,confirmed,0.819193,accept,0.809283,done,0.769537,approved,0.766803
gnome,gui,0.710760,linux,0.694633,foss,0.689820,ui,0.682056,stackforge,0.656148
carlos,juan,0.687925,nicolas,0.677919,francisco,0.673882,chan,0.673738,william,0.673063
ai,bot,0.747703,intelligence,0.745770,intelligent,0.740041,bots,0.719646,neural,0.715928
contribution,contributions,0.943436,contributes,0.900465,contributing,0.889984,contribute,0.857616,contributed,0.843786
motivate,motivation,0.871655,encourage,0.836792,promote,0.775875,attract,0.759439,perform,0.758289
libcyrussasl,lisp,0.741386,lib,0.696341,ssl,0.686767,perl,0.679127,rfc,0.678753
ability,able,0.832955,capabilities,0.830803,capable,0.801975,potential,0.769400,skills,0.744344
ann,anne,0.779236,margaret,0.718969,anna,0.718480,ma,0.678824,miss,0.665478
herraiz,lez,0.604784,spain,0.574867,es,0.555425,ues,0.550448,france,0.549687
person,persons,0.858259,human,0.831822,individual,0.817518,user,0.813805,individuals,0.769601
chart,graph,0.785254,graphs,0.758179,plotted,0.742892,dashboard,0.737269,figures,0.721510
controlled,control,0.905389,controling,0.858705,managed,0.785569,contained,0.776489,directed,0.743959
whereas,conversely,0.759514,therefore,0.750805,although,0.737649,while,0.733812,instead,0.731380
forms,form,0.893443,documents,0.759016,formats,0.740374,submitting,0.712924,notices,0.705068
evidence,evidences,0.948500,evidenced,0.823125,proof,0.766203,findings,0.744211,evident,0.740303
separate,separating,0.886745,apart,0.873178,separately,0.858069,isolate,0.813758,differ,0.791790
uneven,skewed,0.776863,inconsistent,0.759986,disparity,0.745479,disjoint,0.738014,scattered,0.737172
correlated,correlation,0.895069,correlations,0.866008,correlate,0.830624,correlates,0.797244,corresponds,0.752623
empirically,empirical,0.889723,statistically,0.768789,conceptually,0.701721,anecdotal,0.698731,actually,0.695510
causality,causal,0.918123,correlation,0.728384,phenomenon,0.726068,implication,0.716260,correlate,0.714225
highlighting,highlights,0.762126,coloring,0.748540,outlines,0.736455,indicating,0.731719,contrast,0.725617
grows,growing,0.925940,growth,0.853690,grow,0.853063,grown,0.843656,increasing,0.736821
cross,jesus,0.715908,across,0.713478,chi,0.686414,circle,0.659235,jesu,0.658248
friedman,wilcoxon,0.656621,pareto,0.620430,var,0.604438,variable,0.604182,squared,0.604087
next,follows,0.785239,another,0.782820,previous,0.780267,further,0.776334,follow,0.771034
categories,category,0.908587,categorized,0.868020,items,0.797462,classifications,0.787229,categorization,0.773960
gets,get,0.874423,brings,0.768836,takes,0.766965,goes,0.748757,obtaining,0.746000
significant,significance,0.870101,notable,0.860002,important,0.826441,meaningful,0.801356,considerable,0.792900
generally,typically,0.856439,usually,0.843774,commonly,0.800741,mostly,0.790032,primarily,0.787956
valid,validity,0.853416,validated,0.843838,suitable,0.830064,viable,0.809528,accurate,0.804822
ternational,teractive,0.733090,tt,0.697682,teresting,0.674193,sonality,0.665146,literal,0.662923
content,contents,0.878272,text,0.776033,topic,0.764038,data,0.754894,topics,0.749853
webkit,css,0.720780,html,0.706507,mozilla,0.687260,web,0.684182,ui,0.645645
implement,implementing,0.915745,implementation,0.883625,implemented,0.880443,implements,0.850512,facilitate,0.811087
virtue,respect,0.691624,conduct,0.690076,goodness,0.689912,values,0.688772,beneficial,0.684256
harman,barr,0.650842,ba,0.614691,xuan,0.596450,mon,0.593469,deursen,0.591843
press,pr,0.726761,publishers,0.722862,content,0.715140,releases,0.709199,times,0.703744
views,perspectives,0.854532,perspective,0.790345,envisage,0.756206,view,0.742947,see,0.730227
thirdly,third,0.882940,lastly,0.847461,iii,0.791519,three,0.747203,further,0.732540
sublinear,superlinearly,0.823848,linear,0.737000,fractional,0.725713,parametric,0.715219,linearly,0.713707
overview,overviews,0.905364,summary,0.771459,description,0.742812,introduction,0.731723,summarized,0.728935
easily,readily,0.878935,easy,0.854384,easier,0.819109,simply,0.769034,practically,0.764505
give,gives,0.924148,giving,0.901247,contribute,0.797232,provide,0.785293,serve,0.778300
granularity,granular,0.854760,grained,0.759667,aggregation,0.711103,uniformity,0.703717,cohesion,0.692903
august,july,0.811609,october,0.779305,june,0.756887,february,0.742854,sept,0.738059
repeats,repeated,0.932096,repeat,0.930590,repetitions,0.922383,repetition,0.916260,repetitiveness,0.840953
fea,fe,0.838423,engineer,0.711959,engineering,0.695176,engineers,0.691110,mea,0.686050
chi,ch,0.798575,chiu,0.788285,chan,0.745401,li,0.730841,ci,0.711944
predicting,prediction,0.956895,predict,0.931565,predicts,0.916461,predictions,0.872088,predicted,0.856742
inc,incorporated,0.793097,org,0.765449,incorporate,0.735656,incor,0.732005,ins,0.721976
jobs,job,0.748722,projects,0.730471,sites,0.723535,work,0.703828,employs,0.702793
bias,biased,0.884064,asymmetry,0.677608,stereotype,0.677352,skewed,0.673717,disparity,0.667500
taking,take,0.893320,takes,0.846954,taken,0.800495,picking,0.780741,obtaining,0.762411
bhatia,india,0.609212,cheri,0.580406,ghosh,0.579890,blincoe,0.575660,mani,0.562526
tested,testing,0.841174,test,0.827933,checked,0.812699,validated,0.806042,tests,0.799121
eliminating,removing,0.870429,removal,0.826479,removes,0.819342,eliminated,0.810367,remove,0.801825
tech,technology,0.891178,technical,0.796367,engineering,0.789182,science,0.755488,device,0.755132
approaches,approach,0.929935,strategies,0.785040,methods,0.773710,ways,0.765162,techniques,0.764826
thurs,fri,0.788395,tues,0.786569,weekend,0.769048,hours,0.760289,days,0.758482
misconception,misunderstood,0.802192,misinterpreted,0.791789,underestimation,0.747794,mistaken,0.729396,underestimating,0.704613
formed,formation,0.886578,constructed,0.772307,established,0.768551,joining,0.767726,made,0.754534
esec,ence,0.780920,es,0.776249,ase,0.755344,ele,0.732895,ues,0.718605
first,firstly,0.923268,second,0.824013,one,0.753861,third,0.746565,once,0.740675
placed,place,0.788911,assigned,0.785276,allocated,0.776396,put,0.776074,installed,0.745276
visual,visualizes,0.840945,graphic,0.807695,visualize,0.802551,visualization,0.802196,depicts,0.793246
reuse,reusing,0.963131,reused,0.882156,utilize,0.769577,utilized,0.763984,use,0.754761
phenomena,phenomenon,0.930438,occurrence,0.778820,occurrences,0.771906,occurs,0.758428,situations,0.728400
sent,accepted,0.769096,submitted,0.745639,done,0.735315,added,0.723992,ty,0.723638
funded,invested,0.776954,paid,0.772922,spent,0.730087,supported,0.726827,foundation,0.719929
evident,evidenced,0.850891,clearly,0.787573,noticeable,0.770436,aware,0.767458,imply,0.753941
resemble,resembles,0.917022,resemblance,0.901815,similarity,0.841105,similar,0.826772,alike,0.819697
mens,man,0.793108,fit,0.723054,fits,0.718934,size,0.711466,sizes,0.706434
combine,combined,0.901638,merge,0.829828,combination,0.822816,gather,0.819301,merging,0.803648
south,left,0.714153,geographically,0.706790,usa,0.705505,july,0.703393,region,0.698404
true,accurate,0.847135,correct,0.820060,false,0.794425,precisely,0.787495,indeed,0.785903
npm,foss,0.706705,sourceforge,0.702206,github,0.685636,modules,0.675366,node,0.666171
es,ues,0.808652,se,0.782436,esec,0.776249,el,0.740571,et,0.729644
ld,lda,0.816044,cl,0.756814,lo,0.754534,vl,0.751765,pl,0.735507
erroneous,incorrectly,0.833473,inaccuracies,0.795855,mistaken,0.789597,wrongly,0.789413,misinterpreted,0.758587
releases,release,0.849565,released,0.812280,versions,0.769879,records,0.766512,updates,0.757136
turn,transform,0.730052,direction,0.722837,reverse,0.713378,circle,0.701316,switching,0.700584
subliminal,subtle,0.756366,perceived,0.681268,revealing,0.668054,literal,0.666591,unseen,0.664078
andrea,christina,0.703298,tory,0.689240,elizabeth,0.675853,corta,0.671293,adrian,0.666959
ample,extensive,0.751213,substantial,0.751036,full,0.739021,large,0.730747,broad,0.708885
include,includes,0.895187,including,0.890677,included,0.888734,contain,0.789358,comprise,0.785033
incorrectly,wrongly,0.926676,mistakenly,0.867644,mistaken,0.862161,erroneous,0.833473,wrong,0.826587
resources,resource,0.796609,library,0.743622,websites,0.743122,information,0.741794,programs,0.728506
ccervigon,cervig,0.685133,cc,0.655568,ccfinder,0.622383,cervigo,0.621717,izquierdo,0.617288
dimensions,dimension,0.905991,dimensional,0.852185,measurements,0.819737,size,0.791381,lengths,0.762735
validity,valid,0.853416,validation,0.824174,validated,0.783783,accuracy,0.739250,credibility,0.718076
media,links,0.727902,press,0.696590,articles,0.685953,notes,0.684784,sites,0.680826
assumptions,assume,0.893886,assumption,0.882006,assumed,0.853994,assertions,0.782108,inference,0.781777
visualize,visualizes,0.955200,visualiza,0.888930,visualization,0.873297,visualizations,0.838836,visual,0.802551
regression,regressions,0.926548,regularization,0.756761,predicting,0.755750,predictors,0.746069,estimation,0.735763
underestimation,underestimating,0.933195,overestimation,0.847335,overestimate,0.818151,misconception,0.747794,misunderstood,0.729401
clonetracker,clone,0.784162,clonesubid,0.771994,clones,0.771140,cloned,0.764449,clonescape,0.753910
tackles,tackle,0.872171,players,0.729738,battle,0.678920,teams,0.669276,approaches,0.667075
actions,action,0.886056,activity,0.828335,activities,0.794571,efforts,0.752843,movement,0.739977
involving,involved,0.879928,involves,0.876044,involvement,0.842601,relating,0.800822,including,0.798148
region,regions,0.924672,areas,0.785725,area,0.778673,geographically,0.764698,south,0.698404
initiated,activated,0.819045,introduced,0.796387,initiation,0.796047,facilitated,0.792767,participated,0.781810
bot,bots,0.859561,ai,0.747703,automatic,0.739612,automated,0.739545,machine,0.716567
dependent,depend,0.827915,dependency,0.819883,relies,0.817534,depends,0.763180,rely,0.740135
colder,darker,0.732054,harder,0.699493,heavier,0.699069,heat,0.696068,slow,0.692434
linux,foss,0.773355,uclinux,0.756945,bsd,0.751676,oss,0.714890,computer,0.714147
keywords,words,0.789784,tags,0.740401,topics,0.729767,topic,0.728485,searching,0.725082
stakeholders,participants,0.720407,involved,0.718161,involvement,0.699823,participation,0.689105,committers,0.685271
tahmed,mohammad,0.642733,him,0.634327,tarek,0.628871,selim,0.625789,cyrus,0.612909
detection,detecting,0.967609,detects,0.932914,detect,0.927999,detected,0.868520,detectors,0.859389
session,sessions,0.934520,meeting,0.765108,conference,0.746905,workshop,0.734083,gathering,0.728686
profes,experts,0.791747,teachers,0.780534,practitioners,0.760055,professional,0.759351,professor,0.737887
knowledge,know,0.845405,knowing,0.814106,learned,0.767039,learn,0.759908,learning,0.755234
openfaces,face,0.730428,interface,0.720742,interfaces,0.706565,ui,0.673729,visualiza,0.653759
sentation,tation,0.755373,manner,0.701849,interaction,0.700132,mation,0.691723,statement,0.690940
both,either,0.828529,respectively,0.815801,two,0.768445,pair,0.737395,also,0.721164
den,bin,0.729959,von,0.723336,da,0.710219,db,0.705868,partition,0.698147
lot,vol,0.721599,allocation,0.718809,sum,0.717254,total,0.712076,portion,0.702816
denotes,denote,0.848112,indicates,0.847012,indicate,0.770694,specifies,0.758912,specify,0.754552
dataset,datasets,0.936489,data,0.805552,datapoints,0.758324,classification,0.713764,database,0.705918
elaborated,elaborate,0.802477,extended,0.778137,implied,0.777926,implemented,0.763468,outlined,0.755011
occurred,occurs,0.874871,happens,0.841235,happen,0.839975,occur,0.838240,incident,0.830437
sasloutputstream,libcyrussasl,0.677544,sasl,0.664521,travistorrent,0.647929,file,0.631979,feed,0.628234
definition,define,0.947687,defined,0.930582,defines,0.923494,definitions,0.907558,defining,0.865642
monden,fn,0.699090,poten,0.687232,deursen,0.683600,en,0.681080,kaufmann,0.680090
ghtorent,gh,0.722784,ghtorrent,0.692331,glott,0.682266,htt,0.680246,hension,0.639160
computes,compute,0.931065,calculates,0.807134,computationally,0.793857,computing,0.785043,computed,0.773503
pass,proceed,0.764558,try,0.761469,bring,0.757522,check,0.752080,access,0.748756
sail,sailhome,0.824434,sea,0.711687,seam,0.666795,row,0.662812,drag,0.660659
theory,hypothesis,0.812036,concept,0.760067,concepts,0.744732,hypothesize,0.738413,conceptually,0.737323
contained,containing,0.855636,contain,0.843637,confined,0.798062,contains,0.784929,controlled,0.776489
aspects,aspect,0.924051,oct,0.696466,attributes,0.692927,concepts,0.678065,overviews,0.677779
spot,pinpoint,0.778267,point,0.765547,placed,0.739953,marker,0.736677,place,0.732063
soapmessageutil,soap,0.784776,wsdl,0.660963,wrapper,0.649600,talk,0.631291,im,0.624383
workshops,workshop,0.930025,training,0.768077,sessions,0.743233,classes,0.723543,lessons,0.716100
xphere,exper,0.711345,xie,0.695617,reposi,0.683471,xdoc,0.683134,ex,0.678391
exper,ex,0.816499,exter,0.793553,implemen,0.739058,etc,0.714336,xphere,0.711345
sample,samples,0.927212,sampled,0.865614,sampling,0.845227,example,0.821291,examples,0.757612
raftery,bar,0.615069,shelf,0.595344,gineering,0.594849,bryson,0.594768,galler,0.592760
address,addresses,0.905320,addressed,0.776102,directions,0.762547,coordinates,0.751911,locations,0.742717
acts,act,0.876446,actions,0.721739,measures,0.686996,scripts,0.684535,conducts,0.680264
choice,choices,0.916512,choose,0.879238,chose,0.867859,option,0.813971,preference,0.804565
ner,ber,0.776487,ne,0.754338,ger,0.729924,cor,0.718556,zar,0.715975
details,document,0.707152,description,0.695634,location,0.693879,contents,0.693098,presentation,0.668731
goues,gousios,0.761117,ous,0.707093,goes,0.705498,ues,0.683361,tures,0.678425
bring,brings,0.886477,come,0.819749,provide,0.807766,get,0.784819,introduce,0.779016
nested,layered,0.746040,stratified,0.729219,contained,0.718022,within,0.717642,clustered,0.716491
nature,earth,0.815352,outside,0.787693,natural,0.785973,environment,0.776528,environments,0.760303
attains,achieve,0.842237,achieved,0.829371,obtained,0.787776,obtain,0.777273,gained,0.771550
copy,copying,0.932533,copied,0.895753,copies,0.892054,duplicate,0.815457,clone,0.813715
use,usage,0.953856,uses,0.913899,using,0.906825,utilize,0.880743,utilized,0.869514
tailor,tailored,0.855651,suited,0.820404,fitting,0.787883,suit,0.779271,fitted,0.770905
brief,short,0.858993,shorter,0.786895,immediate,0.786402,quickly,0.780559,small,0.757732
rarely,seldom,0.963645,occasionally,0.843789,few,0.842810,occasional,0.817475,sometimes,0.780665
cyrus,cyrussasl,0.877379,mohammad,0.715654,travis,0.657500,morgan,0.651918,harrison,0.649856
lifespan,duration,0.784858,age,0.768842,years,0.738146,lifecycle,0.720917,length,0.703362
picture,image,0.899314,images,0.814607,depicts,0.783402,figure,0.780113,shown,0.774476
complement,composition,0.707916,fill,0.685507,paste,0.683031,factor,0.680516,contrast,0.679346
rectly,ditionally,0.729910,quently,0.710523,nity,0.705973,ceived,0.694295,practically,0.693410
inactive,idle,0.811398,absent,0.809940,absence,0.788021,active,0.781908,actively,0.733382
restricted,confined,0.805459,limited,0.779543,limiting,0.752432,limitations,0.751836,contained,0.743599
publishers,authors,0.810094,editors,0.760526,author,0.744411,press,0.722862,editor,0.719806
make,making,0.918789,makes,0.880916,made,0.866341,create,0.833176,creat,0.787225
put,placed,0.776074,assign,0.767537,given,0.767154,bring,0.766653,commit,0.762115
simplified,simple,0.898761,simply,0.857734,easy,0.786106,explained,0.764250,trivial,0.760680
answer,answers,0.906757,answered,0.901422,response,0.862884,question,0.826456,responses,0.799225
minimize,minimal,0.795992,decrease,0.778349,optimize,0.771652,less,0.762667,sparse,0.752429
words,keywords,0.789784,diction,0.768715,writing,0.756644,lexical,0.755800,language,0.755743
underlying,basis,0.753796,containing,0.730454,involving,0.722743,inherent,0.712835,layered,0.709132
approach,approaches,0.929935,methodology,0.753922,strategy,0.753868,method,0.751118,strategies,0.744877
areas,area,0.904510,regions,0.837313,communities,0.824413,region,0.785725,locations,0.778902
category,categories,0.908587,categorized,0.877644,categorization,0.764693,categorize,0.764238,classifications,0.742730
conference,meeting,0.759039,session,0.746905,sessions,0.717724,keynote,0.713122,symposium,0.711936
done,completed,0.856619,accepted,0.830795,complete,0.805189,accept,0.792759,ready,0.791622
couplings,coupling,0.951527,integrations,0.736122,combination,0.734652,fitting,0.730925,relating,0.728522
claims,assertions,0.708744,compensation,0.684408,conditions,0.667163,calls,0.666437,cases,0.664194
metadata,meta,0.789080,documentation,0.729446,terminology,0.724977,data,0.715110,formats,0.704340
tional,tion,0.887473,tions,0.795386,tio,0.777100,ticular,0.737238,ditional,0.732757
similarities,similarity,0.951569,similar,0.928767,resembles,0.865067,alike,0.857560,resemblance,0.855285
ci,cc,0.796510,pii,0.727832,ic,0.725661,chi,0.711944,ch,0.711019
propose,proposes,0.923962,proposing,0.892587,proposed,0.853348,suggesting,0.841743,suggest,0.815801
hassan,shah,0.671954,fernandez,0.670828,ibrahim,0.663651,tarek,0.663244,kay,0.660784
report,reports,0.909977,reporting,0.906403,reported,0.839832,findings,0.720151,summary,0.710728
converging,convergence,0.857951,diverge,0.739121,toward,0.733208,advances,0.730600,expand,0.727244
conducts,performs,0.797944,conducted,0.769297,perform,0.753317,performed,0.749144,performing,0.743625
available,availability,0.883898,offered,0.811201,ready,0.807958,suitable,0.792081,capable,0.782529
lengths,length,0.949360,measurements,0.812993,sizes,0.780897,size,0.774955,longer,0.765142
inoue,kamei,0.644440,kamiya,0.637567,japan,0.637566,akaike,0.627861,matsumoto,0.615440
rather,prefer,0.756228,instead,0.745163,accordingly,0.732661,else,0.731576,proper,0.722691
app,android,0.808872,application,0.789257,mobile,0.774049,appli,0.755579,activity,0.750686
ten,nine,0.797444,hundred,0.778112,mon,0.749406,numbers,0.747476,number,0.729876
siderations,side,0.734435,defects,0.679248,effects,0.673987,behind,0.666946,cuts,0.665096
dimensional,dimension,0.952260,dimensions,0.852185,magnitude,0.741627,variate,0.739924,parametric,0.734809
extra,additional,0.831814,special,0.785762,more,0.761763,included,0.750345,else,0.746428
friday,fridays,0.909127,weekend,0.799118,weekly,0.788189,sunday,0.770293,saturday,0.755874
sonality,sound,0.733181,harmonic,0.696653,manner,0.690118,composition,0.680180,clarity,0.676833
learner,learning,0.835699,learn,0.777423,learned,0.769051,studying,0.762756,students,0.737756
counts,count,0.931983,numbers,0.750752,measures,0.727524,number,0.706531,outnumber,0.701759
secondly,second,0.943890,ii,0.906277,two,0.774818,firstly,0.771082,another,0.747053
python,programming,0.743308,java,0.727793,lisp,0.720657,coding,0.720014,software,0.708618
ous,ues,0.773841,oss,0.747326,ums,0.717098,es,0.709469,ods,0.707800
academic,university,0.753819,scientific,0.751551,professor,0.749928,study,0.748487,degree,0.735222
synchronizes,corresponds,0.675129,consistent,0.650375,seamlessly,0.646696,follows,0.646068,coupling,0.645219
end,ending,0.876035,last,0.807791,conclude,0.790810,concludes,0.788209,concluded,0.759051
identically,identical,0.951683,similarly,0.869476,alike,0.851733,same,0.836808,equally,0.819431
creating,create,0.904090,making,0.861859,creation,0.844488,becoming,0.807108,creat,0.796655
waina,wide,0.605007,ha,0.598062,jna,0.595853,anna,0.595312,fn,0.589589
thus,therefore,0.891144,hence,0.876298,accordingly,0.863766,so,0.845337,such,0.830185
tried,try,0.867662,attempt,0.835651,trying,0.827164,attempts,0.821877,rejected,0.785559
values,value,0.832647,settings,0.731420,attributes,0.730015,respect,0.727134,characteristics,0.726160
ad,ed,0.754462,classified,0.726039,od,0.725856,add,0.716091,da,0.699370
deleting,deletes,0.886417,delete,0.854711,removing,0.822633,deleted,0.822432,removes,0.767429
shortcut,click,0.723289,quickly,0.721616,short,0.711915,shorter,0.707357,tool,0.704367
skills,capabilities,0.788256,tools,0.778155,techniques,0.755232,ability,0.744344,tool,0.743103
comparable,compared,0.890957,comparison,0.889038,compare,0.873919,comparing,0.865681,equivalent,0.855306
economical,economic,0.823737,efficient,0.745940,profitable,0.741733,economics,0.740435,reasonable,0.734577
diameter,size,0.764600,dimensions,0.718209,shape,0.715560,circle,0.708126,dimensional,0.701576
models,modeling,0.897264,model,0.895554,modelling,0.869927,figures,0.785768,submodel,0.731592
avenues,edges,0.704021,lines,0.683654,way,0.683435,ways,0.674923,via,0.672529
members,membership,0.756774,team,0.753579,contributors,0.750619,users,0.732160,top,0.710793
delved,explored,0.805994,deeper,0.778093,depth,0.748144,exploratory,0.737329,found,0.728647
transparency,revealing,0.745809,clarity,0.743419,clear,0.732536,anonymized,0.729829,clearer,0.719835
independently,independent,0.876182,standalone,0.770508,separately,0.751743,locally,0.720574,own,0.706281
occasionally,sometimes,0.926876,occasional,0.895385,rarely,0.843789,frequently,0.835686,often,0.830981
ethnographic,ethno,0.804140,qualitative,0.726845,sociological,0.693339,exploratory,0.666990,et,0.649915
definitions,defines,0.911736,definition,0.907558,defined,0.887195,defining,0.867927,define,0.866622
concept,concepts,0.920026,idea,0.854907,conceptual,0.845033,conceptually,0.817523,notion,0.791264
repetitive,repetitiveness,0.927877,repetition,0.855799,repeated,0.840385,repetitions,0.827926,repeats,0.822517
tokens,token,0.909328,valuable,0.682208,transactions,0.670230,rings,0.670136,means,0.669348
deemed,determined,0.737803,determine,0.726510,evident,0.720966,marked,0.718448,evidenced,0.714136
counter,count,0.721545,against,0.710516,counts,0.698639,compare,0.692696,check,0.687907
developers,developer,0.943956,programmers,0.802021,developing,0.788797,development,0.783200,develop,0.761159
nagappan,meiyappan,0.802040,sethumadhavan,0.649463,murugesan,0.635338,rajan,0.610991,nexus,0.596853
column,columns,0.915925,row,0.682100,table,0.680416,side,0.665601,format,0.665333
whole,entire,0.834762,full,0.801660,fully,0.783921,complete,0.761377,completely,0.747820
sourcerer,contributor,0.769230,source,0.733247,sourcing,0.722958,gener,0.722743,sources,0.712571
class,classes,0.849753,classification,0.761758,classroom,0.747150,classifications,0.745740,school,0.741397
ultimate,universal,0.801658,united,0.801612,su,0.725222,nu,0.725090,fu,0.720378
altruistic,selfish,0.729372,opportunistic,0.725919,beneficial,0.702957,opportunistically,0.701772,kind,0.696384
clearer,clear,0.902951,clarity,0.881182,clean,0.780498,clearly,0.756134,better,0.752150
influence,influenced,0.849644,influences,0.815554,effect,0.720769,impact,0.719334,affect,0.717596
republish,repro,0.781987,re,0.765700,repre,0.763074,redo,0.752918,submitted,0.744711
repeated,repeats,0.932096,repeat,0.914790,repetition,0.909639,repetitions,0.894856,repeatedly,0.867489
factors,factor,0.917934,predictors,0.751259,variables,0.702513,correlates,0.698046,multivariate,0.690193
seem,seems,0.821857,appear,0.810097,resemble,0.790428,perceive,0.790311,appears,0.767438
timespan,timespans,0.952768,time,0.749178,timestamp,0.742753,duration,0.702436,temporal,0.699200
ie,il,0.736130,ip,0.715755,im,0.713681,ile,0.713172,ia,0.711340
improved,improvements,0.892296,better,0.866532,improve,0.843564,improving,0.841797,enhanced,0.770122
file,files,0.897986,filename,0.782227,folder,0.764696,format,0.739713,documents,0.726006
upstream,forward,0.688408,overflow,0.682467,flow,0.679532,towards,0.659499,beyond,0.658557
editors,editor,0.903410,editing,0.790775,authors,0.762620,publishers,0.760526,edits,0.758522
its,ith,0.764628,ited,0.752978,itive,0.751325,itted,0.725819,itself,0.715331
putting,put,0.748277,puts,0.730090,puter,0.703396,spot,0.692773,placed,0.674587
literal,semantic,0.783950,semantics,0.742579,simple,0.738236,actual,0.737984,directly,0.737646
under,below,0.872298,bottom,0.769441,sub,0.747624,over,0.737602,low,0.737086
which,what,0.790543,who,0.778723,whose,0.774686,where,0.721168,whether,0.698443
shang,ming,0.707110,meng,0.671726,damian,0.670691,sage,0.659376,qu,0.653952
obsolete,old,0.725489,eliminated,0.699518,inactive,0.678550,decline,0.667041,weak,0.666693
control,controling,0.929274,controlled,0.905389,handling,0.719923,command,0.712061,operate,0.707178
treat,treatment,0.791663,treated,0.782316,try,0.758595,serves,0.746797,serve,0.742127
prop,object,0.704462,mod,0.694042,prototype,0.691767,component,0.685959,utility,0.685780
subsections,subsection,0.957866,sections,0.880386,section,0.804858,subdividing,0.733657,segments,0.718923
jenkins,engineer,0.665229,tool,0.647884,linux,0.644057,builds,0.642709,build,0.636452
nity,nities,0.862420,ually,0.727273,ly,0.707748,rectly,0.705973,normal,0.704211
efferent,vein,0.640030,soft,0.634448,functional,0.624349,neural,0.620689,plexus,0.618003
tree,trees,0.856804,forrest,0.730990,forestry,0.726404,leaves,0.698881,nature,0.698809
requires,required,0.917500,require,0.916004,requirement,0.914127,must,0.834612,needs,0.818289
pull,pullkrequest,0.759609,get,0.740169,extract,0.735723,extracted,0.728422,take,0.728365
strategies,strategy,0.938955,approaches,0.785040,techniques,0.756903,practition,0.748073,approach,0.744877
exceeding,surpasses,0.781350,beyond,0.773141,increasing,0.738285,extent,0.734520,including,0.727527
seniority,senior,0.787043,rank,0.736673,priority,0.678285,formally,0.664903,tenure,0.662911
stay,stays,0.911980,staying,0.908768,keep,0.815492,continue,0.746155,keeping,0.740177
missed,missing,0.855389,absent,0.809240,late,0.792732,omission,0.759832,absence,0.741817
illustrates,illustrate,0.916507,illustrated,0.866753,depicts,0.853358,illustrative,0.807186,visualizes,0.797284
sub,under,0.747624,subsection,0.726106,below,0.714568,subdivide,0.704435,subsections,0.701914
weighted,weights,0.842520,weight,0.820632,heavier,0.773195,heavy,0.744965,lightweight,0.699066
committer,committers,0.905911,commit,0.834608,committed,0.826287,commitment,0.797422,commits,0.784200
compensation,compensated,0.907297,compensate,0.809599,paid,0.696020,providing,0.685291,claims,0.684408
poten,monden,0.687232,tin,0.678253,fn,0.673117,en,0.670683,incen,0.663691
almost,nearly,0.964071,mostly,0.739490,slightly,0.739418,practically,0.735595,potentially,0.734700
kay,kim,0.737873,ko,0.728252,koch,0.710968,hale,0.693729,morgan,0.679637
depth,deeper,0.829559,below,0.755444,bottom,0.753422,delved,0.748144,level,0.736706
storing,stored,0.897183,keeping,0.809741,maintaining,0.771098,keep,0.767659,containing,0.750720
japan,korea,0.776492,china,0.718555,jst,0.702625,jgb,0.691300,india,0.690298
followed,follow,0.914188,following,0.910598,follows,0.903404,tracked,0.772565,traced,0.760863
communities,community,0.834801,areas,0.824413,regions,0.761067,clusters,0.749352,locations,0.746943
anne,ann,0.779236,anna,0.761654,elizabeth,0.720046,margaret,0.712204,eight,0.694504
cooperate,collaborate,0.908401,cooperation,0.879402,collaboration,0.822815,collaborating,0.822322,participate,0.812606
loc,locs,0.863860,sloc,0.753754,mloc,0.742570,lo,0.717433,lcom,0.698639
established,incorporated,0.813363,formed,0.768551,built,0.751953,introduced,0.751366,constructed,0.743515
length,lengths,0.949360,longer,0.802526,size,0.790878,measurements,0.787525,short,0.770061
onion,produce,0.688512,prunes,0.666938,io,0.658021,ie,0.654470,extract,0.647126
classifier,classifying,0.827844,classify,0.815658,classification,0.790098,categorization,0.781029,svm,0.753423
place,placed,0.788911,somewhere,0.786040,where,0.772823,locations,0.766071,location,0.752899
stackforge,sourceforge,0.824147,stack,0.784824,foss,0.708817,stackexchange,0.680576,stackoverflow,0.675834
torres,lopes,0.659272,robles,0.641846,rey,0.638801,graham,0.636311,ci,0.636249
metrics,metricsgrimoire,0.850489,metric,0.807760,quantifying,0.766117,measurement,0.757859,measures,0.756408
mainly,primarily,0.948323,mostly,0.939895,generally,0.782801,most,0.757472,particularly,0.744001
smaller,small,0.905794,tiny,0.836452,shorter,0.826843,fewer,0.815531,less,0.802212
useful,uses,0.805905,beneficial,0.797243,practical,0.790202,use,0.786822,meaningful,0.783805
original,traditional,0.762743,originate,0.736260,initial,0.727242,cloned,0.726047,clone,0.722681
dou,do,0.771593,chiu,0.728132,su,0.715755,zou,0.709288,commu,0.707895
iterate,iterating,0.910149,iteration,0.878345,iteratively,0.862483,repeat,0.746720,recursively,0.737838
france,germany,0.733430,countries,0.704184,spain,0.703077,switzerland,0.698894,korea,0.695641
fully,completely,0.834850,full,0.826009,sufficiently,0.788922,complete,0.786109,whole,0.783921
readme,read,0.700998,reader,0.695187,ide,0.689343,suse,0.687518,file,0.686054
mixture,combination,0.810773,combine,0.782307,combined,0.755291,composition,0.736707,variety,0.724013
anonymized,privacy,0.766400,transparency,0.729829,freely,0.686314,exposing,0.668902,expose,0.663926
jesus,jesu,0.776604,john,0.748785,mark,0.729231,daniel,0.724435,santa,0.717424
randomly,random,0.930770,stochastic,0.751653,sporadic,0.733281,happen,0.731295,randomized,0.730432
appended,add,0.780848,pasted,0.764322,additions,0.755172,contributed,0.748082,edited,0.736352
graph,graphs,0.942530,chart,0.785254,diagrams,0.759056,graphic,0.752627,plotted,0.744642
steps,step,0.922808,ways,0.733046,progression,0.729812,proceed,0.729113,approaches,0.729047
databases,database,0.848787,datasets,0.751710,nosql,0.743745,data,0.735152,db,0.729547
ending,end,0.876035,concludes,0.811086,closing,0.791861,concluded,0.780477,conclude,0.780137
gimp,visualiza,0.728294,illustrate,0.714876,scratch,0.714198,graphic,0.709622,illustrates,0.694206
cheng,chan,0.744447,wang,0.714172,chiu,0.685258,ch,0.677332,zhang,0.668477
evolution,evolving,0.840138,evolves,0.812746,evolve,0.812684,science,0.760460,creation,0.747304
unseen,seen,0.816401,noticeable,0.760892,perceived,0.750621,noticed,0.748888,subtle,0.746148
five,six,0.800605,four,0.798510,three,0.750108,eight,0.726846,multiple,0.720521
differs,differences,0.904129,differ,0.898124,different,0.887197,difference,0.858462,differently,0.846178
bin,container,0.738590,den,0.729959,dump,0.728464,binary,0.710131,partition,0.702886
io,tio,0.749306,lo,0.707503,tional,0.707377,ia,0.699250,node,0.698514
notes,source,0.696203,note,0.690826,results,0.689776,members,0.686994,media,0.684784
recall,undo,0.703568,activation,0.702900,accidentally,0.702404,activate,0.699140,reject,0.698938
curves,curve,0.942152,shape,0.801130,splines,0.793392,edges,0.726809,plotted,0.705846
exclude,excluded,0.865298,ignore,0.777260,remove,0.763371,separate,0.752136,omission,0.747121
heat,energy,0.696221,colder,0.696068,raw,0.688508,sun,0.686634,entropy,0.682345
offer,offers,0.951279,offered,0.887076,deal,0.812503,available,0.757051,option,0.754826
functionalities,functionality,0.913486,functions,0.857704,functional,0.857322,function,0.818569,capabilities,0.775229
dis,di,0.796161,dit,0.783106,disjoint,0.772157,ditional,0.763219,dif,0.762790
evaluated,evaluating,0.899059,evaluation,0.897556,evaluate,0.891662,assessing,0.830935,assess,0.802163
bayesian,likelihood,0.775964,inference,0.755693,stochastic,0.739834,inferring,0.715041,statistical,0.710115
backgrounds,background,0.833541,influences,0.705261,colors,0.697397,behind,0.691871,images,0.691836
sect,sant,0.690917,mod,0.683164,aspect,0.674967,cong,0.663056,groups,0.661031
absolute,utterly,0.816637,completely,0.753997,actual,0.750926,exact,0.726708,extremely,0.722933
quartile,percentile,0.798286,qu,0.710282,quantitative,0.693089,level,0.676915,qualitative,0.669355
node,nodes,0.907105,io,0.698514,network,0.696757,axis,0.691764,edge,0.685031
activates,activate,0.923336,activated,0.908869,activating,0.905828,activation,0.902655,enabled,0.751424
realm,nether,0.675637,mod,0.651707,entities,0.647933,macro,0.646822,meta,0.639390
wagner,germany,0.670032,weiss,0.666056,schwarz,0.637981,ring,0.637730,kaufmann,0.635009
hypothesize,speculate,0.872348,hypothesis,0.803448,think,0.802090,consider,0.795733,investigate,0.792397
yields,interest,0.698447,gain,0.696115,increases,0.692900,resulting,0.682301,produces,0.681284
shows,programs,0.790410,show,0.772126,series,0.758585,performances,0.756329,releases,0.721110
seattle,washington,0.769209,chicago,0.757523,toronto,0.733580,berlin,0.723599,dc,0.695270
rails,ruby,0.766529,platforms,0.672779,agile,0.662701,tools,0.660646,rs,0.659236
discussions,discussion,0.932616,discussed,0.893962,discusses,0.854342,discuss,0.832788,topics,0.777149
cc,ci,0.796510,ccfinder,0.784304,ch,0.736038,cs,0.732297,ic,0.730952
mysql,database,0.756084,databases,0.687679,oracle,0.676923,nosql,0.662826,queries,0.659213
selecting,select,0.899205,selection,0.866880,choose,0.815480,selected,0.812447,deciding,0.800140
weiyi,weimer,0.641759,li,0.623862,swy,0.617894,kamei,0.617245,yu,0.610110
contrast,contrasted,0.875103,opposite,0.751225,comparison,0.745279,visual,0.740869,distinguish,0.731586
middleware,middle,0.662509,hosting,0.655071,mid,0.647207,api,0.646332,software,0.645236
tostring,strings,0.719970,format,0.650046,code,0.646893,input,0.645361,xml,0.641461
sdp,sdk,0.720831,sdks,0.693845,fp,0.688937,epp,0.662061,slps,0.650798
suggests,suggest,0.928055,suggesting,0.924046,recommendations,0.824247,recommending,0.810501,recommended,0.801489
ghosh,forrest,0.632183,sinha,0.624778,gh,0.599158,green,0.593571,gharehyazie,0.580148
discussion,discussions,0.932616,discussed,0.924330,discuss,0.912376,discusses,0.872896,talk,0.831175
natural,nature,0.785973,naturally,0.781067,normal,0.768876,real,0.757997,regular,0.736234
box,blackbox,0.769357,container,0.733535,ring,0.693841,object,0.692280,package,0.687927
edited,edit,0.899625,edits,0.869687,editing,0.830786,fixed,0.794228,changed,0.787457
development,developing,0.912047,develop,0.859495,developed,0.812598,developer,0.795088,developers,0.783200
builds,build,0.865153,built,0.791717,builders,0.777863,building,0.759942,constructing,0.721249
pp,tp,0.809281,fp,0.765031,ap,0.741127,epp,0.736045,pro,0.734962
detail,media,0.657683,notes,0.654187,event,0.653056,start,0.645741,events,0.632669
qu,quartile,0.710282,commu,0.702197,rq,0.701090,ptq,0.700023,quently,0.699860
directions,direction,0.822189,map,0.795354,locating,0.782334,address,0.762547,location,0.753923
survey,surveys,0.924130,questionnaire,0.852331,surveyed,0.840045,respondents,0.802757,ask,0.726349
performs,perform,0.915381,performing,0.892423,performed,0.873402,performance,0.844552,performances,0.821590
technique,techniques,0.942870,method,0.797547,methods,0.776431,methodology,0.765342,practice,0.739298
threat,threats,0.918103,threatened,0.857338,worrying,0.748685,challenge,0.747692,risk,0.736478
lh,gh,0.742334,ly,0.739498,ith,0.735726,ha,0.720540,lm,0.710592
disjoint,apart,0.773734,dis,0.772157,separate,0.744464,scattered,0.742309,cohesion,0.739008
suppose,assume,0.897538,let,0.869716,hypothetical,0.789558,implies,0.783483,assumptions,0.780608
lisp,libcyrussasl,0.741386,syntax,0.734857,python,0.720657,perl,0.712820,li,0.710023
shape,curve,0.806164,curves,0.801130,type,0.766542,size,0.736208,resemble,0.733382
archetypal,type,0.713346,types,0.704256,conceptual,0.691017,shape,0.688705,evolve,0.687172
lm,lcom,0.734154,model,0.732057,asm,0.716522,lu,0.713651,lo,0.713164
analytics,analysis,0.826299,analyzing,0.790996,analyzed,0.762293,analyzes,0.758780,insights,0.754487
existance,existence,0.954796,exist,0.899916,exists,0.892013,existing,0.875990,being,0.748329
ranged,ranging,0.845140,range,0.815297,ranges,0.761153,hunt,0.704242,scope,0.703394
papatheocharous,santa,0.648797,pp,0.642426,him,0.642029,unusually,0.636455,john,0.636351
mance,mands,0.660439,ment,0.647423,ence,0.637858,mens,0.629094,man,0.626432
classification,classifications,0.960330,classifying,0.937882,categorization,0.903407,classify,0.901543,categorize,0.824391
neighboring,near,0.772993,boundary,0.742203,closest,0.728196,related,0.724163,closer,0.721164
movement,move,0.871953,moving,0.799039,action,0.784152,moved,0.765853,push,0.754365
datapoints,datapoint,0.909870,data,0.776050,datasets,0.769388,dataset,0.758324,point,0.747801
adaptive,adapt,0.822819,adapted,0.788378,evolving,0.732860,evolve,0.703441,varying,0.698527
frequency,frequencies,0.922718,hz,0.807133,periodicity,0.786426,rhythms,0.750104,fourier,0.729101
npdr,npdu,0.751811,rd,0.721899,ner,0.674573,ods,0.664105,nd,0.655092
ase,esec,0.755344,se,0.732977,es,0.705087,ast,0.701768,ple,0.699464
respect,honored,0.788062,extend,0.756407,belong,0.753077,recognize,0.741467,represent,0.740429
asymmetry,symmetric,0.756991,disparity,0.737705,skew,0.725362,horizontal,0.720901,opposite,0.719803
opens,open,0.947461,opened,0.913836,opening,0.902386,entering,0.754604,starts,0.743709
honored,recognized,0.874711,recognition,0.847506,respect,0.788062,recognizes,0.747830,notable,0.742430
victoria,virginia,0.726663,elizabeth,0.717674,queen,0.682995,bc,0.676439,anne,0.672151
overestimation,overestimate,0.922964,underestimation,0.847335,underestimating,0.832714,inaccuracies,0.738491,overfitting,0.724134
prototype,demo,0.768259,concept,0.712681,feasibility,0.708737,demonstrated,0.705041,idea,0.704426
categorization,classifying,0.909112,categorize,0.905038,classification,0.903407,classifications,0.873766,classify,0.864554
deissenboeck,de,0.612400,dit,0.601973,foemmel,0.578448,dis,0.571732,gudenberg,0.570731
topic,topics,0.884629,subject,0.815835,content,0.764038,discussion,0.752824,discusses,0.742656
vugt,val,0.699230,ag,0.660517,giger,0.658763,gr,0.651783,vs,0.650897
virginia,victoria,0.726663,dc,0.724181,usa,0.716341,states,0.684040,california,0.677559
large,larger,0.884030,big,0.880286,largest,0.817553,bigger,0.796598,size,0.774280
controling,control,0.929274,controlled,0.858705,handling,0.743754,operating,0.729384,managing,0.725029
into,entering,0.806385,entered,0.771316,become,0.763982,becomes,0.756805,accepting,0.746031
longer,extended,0.820684,long,0.816682,length,0.802526,lengths,0.765142,shorter,0.762584
sciencedirect,scientific,0.754847,science,0.735466,sciences,0.700327,order,0.639590,lab,0.638145
branches,branch,0.933397,branching,0.881754,subsections,0.696441,sections,0.693930,borders,0.690781
considered,considers,0.912680,considering,0.896426,consider,0.867445,consideration,0.847502,proposed,0.806835
performed,performs,0.873402,conducted,0.833334,perform,0.826436,performing,0.807391,participated,0.805954
goes,gets,0.748757,goues,0.705498,does,0.704836,way,0.701891,ways,0.701031
peaks,peak,0.886815,spikes,0.711606,highest,0.691692,high,0.691411,stars,0.680732
functions,function,0.936847,functionalities,0.857704,functionality,0.837095,functional,0.801145,purposes,0.727504
freely,free,0.891822,libre,0.811784,easy,0.740489,permission,0.720859,readily,0.710146
yahoo,google,0.753549,mobile,0.730566,app,0.700199,facebook,0.698004,online,0.694012
detailed,precise,0.749474,comprehensive,0.743688,elaborate,0.740867,illustrative,0.727588,elaborated,0.727014
records,record,0.893130,releases,0.766512,data,0.759780,documents,0.748167,finds,0.725723
where,somewhere,0.816904,here,0.795866,there,0.779230,locations,0.775379,place,0.772823
jdnssec,dnsjava,0.746488,dns,0.705565,ssl,0.653503,jss,0.641867,jdk,0.636330
account,customer,0.772661,user,0.756448,accounted,0.733139,save,0.731082,buy,0.724836
quest,sought,0.729726,query,0.723468,seeking,0.722223,seek,0.709380,ask,0.708894
idle,inactive,0.811398,rest,0.720369,absent,0.718791,productivity,0.701832,slow,0.698342
extensively,extensive,0.872733,heavily,0.810474,significantly,0.799050,widely,0.794259,considerably,0.787635
penalty,consequence,0.719202,consequences,0.693046,fee,0.684511,blame,0.683423,accident,0.666441
outperforming,outperforms,0.870464,performance,0.809335,performing,0.755780,improving,0.726595,surpasses,0.703885
get,gets,0.874423,obtain,0.831283,want,0.821471,take,0.805596,obtaining,0.794500
mats,mation,0.734939,sets,0.680087,objects,0.670666,colors,0.663723,pastes,0.663537
distrotech,dist,0.728379,tech,0.684083,de,0.662770,technical,0.660660,dt,0.660315
train,moving,0.689669,move,0.681268,tracks,0.672552,faster,0.669861,cycle,0.668266
inclusion,enabling,0.767181,assistive,0.745786,diversity,0.744547,include,0.733855,including,0.732580
supported,supportive,0.841444,support,0.827834,supporting,0.797926,enabled,0.772046,validated,0.763568
relevant,relevance,0.899417,applicable,0.843414,important,0.783065,meaningful,0.771928,referenced,0.766222
proceed,continue,0.831306,begin,0.797179,come,0.776856,try,0.771297,move,0.765996
projects,project,0.875233,programs,0.792808,projectname,0.755115,work,0.751978,design,0.743311
natalie,miss,0.708193,ava,0.695026,elizabeth,0.686277,abigail,0.677005,christina,0.667708
romera,capra,0.640849,duala,0.610197,victoria,0.581473,moura,0.576483,waina,0.575816
taining,tainers,0.722045,ning,0.716952,isting,0.702578,teresting,0.682764,viding,0.680360
sought,seeking,0.906447,wanted,0.881564,seek,0.860763,want,0.818325,searching,0.803446
connected,connection,0.878552,linked,0.819468,networked,0.800800,network,0.757574,networking,0.734945
pair,pairs,0.932675,two,0.824522,combination,0.757735,together,0.747693,both,0.737395
api,apis,0.842803,http,0.736727,app,0.676016,code,0.672652,java,0.672142
rejected,reject,0.873752,tried,0.785559,returned,0.762515,failure,0.756400,negative,0.742609
ditionally,ditional,0.862005,logically,0.758083,differently,0.753111,temporally,0.747260,linearly,0.746513
her,she,0.921576,him,0.852515,his,0.779174,them,0.774528,he,0.755448
removing,removes,0.935142,removal,0.918666,remove,0.912568,eliminating,0.870429,removed,0.854707
specifi,certain,0.744623,determining,0.744247,determine,0.743153,characterizing,0.740529,depending,0.738588
kamiya,kamei,0.751685,matsumoto,0.654145,henshin,0.642920,inoue,0.637567,akaike,0.631643
starred,star,0.866737,stars,0.850741,promoted,0.679852,honored,0.671916,appeared,0.666890
fine,reasonable,0.813112,normal,0.808348,good,0.802749,sufficient,0.789342,suitable,0.784941
measured,measurement,0.930732,measuring,0.921254,measurements,0.886228,measure,0.875047,measures,0.814877
hyderabad,vienna,0.675549,madrid,0.672659,india,0.661755,toronto,0.657065,london,0.656125
spinellis,back,0.608078,ponzanelli,0.593984,tial,0.588605,tail,0.586193,gregorio,0.582942
release,released,0.935213,releases,0.849565,out,0.737902,version,0.726251,product,0.716023
utilize,utilized,0.893392,use,0.880743,using,0.846072,usage,0.835135,uses,0.785882
predict,prediction,0.934360,predicting,0.931565,predicts,0.922619,predicted,0.881836,predictions,0.865404
geocoding,mapping,0.772264,coordinates,0.741873,geographic,0.732726,locating,0.716497,localization,0.699990
marcus,daniel,0.697441,thomas,0.679996,si,0.670011,eric,0.667824,frank,0.661015
representativeness,representation,0.781697,representative,0.740228,representing,0.719847,characterizing,0.709398,statistically,0.705719
mis,im,0.752609,scm,0.733054,mcis,0.723947,sim,0.710063,its,0.708224
partitions,partitioning,0.923333,partition,0.912080,partitioned,0.886948,splits,0.710980,folder,0.698082
bigger,larger,0.920744,big,0.873509,large,0.796598,heavier,0.781301,size,0.776429
hz,frequency,0.807133,frequencies,0.782035,rhythms,0.734149,milliseconds,0.699541,harmonic,0.693292
statistically,statistical,0.846006,statistics,0.801773,empirically,0.768789,stats,0.754056,mathematically,0.743345
connection,connected,0.878552,relating,0.777181,relation,0.750356,linked,0.747355,interaction,0.745904
matter,matters,0.763766,science,0.741765,objects,0.741288,object,0.735986,body,0.727970
millions,thousands,0.907016,million,0.885865,multitude,0.754992,much,0.725256,many,0.712155
rings,ring,0.912606,sets,0.742151,brackets,0.735498,objects,0.700749,circle,0.698443
rationalization,eliminating,0.689230,elaborated,0.685641,reason,0.682043,normalization,0.680241,derives,0.671479
themselves,them,0.843445,their,0.842375,itself,0.842359,theirs,0.836996,self,0.796726
worlds,world,0.802115,global,0.757654,international,0.752950,globally,0.735757,countries,0.724314
mutantkcommit,corekcommit,0.846020,externalkcommit,0.801788,commit,0.783320,commits,0.736220,mutant,0.726000
regularization,regression,0.756761,normalization,0.755496,smoothing,0.713774,overfitting,0.704153,minimize,0.698060
harm,harmful,0.831323,affects,0.732157,affect,0.731263,effect,0.730490,bad,0.729883
codelink,codeshare,0.742514,linked,0.740929,coded,0.736675,code,0.727653,coder,0.717536
darrikmazey,gharehyazie,0.624386,ditional,0.614785,de,0.605571,kim,0.604233,model,0.575007
itor,itories,0.747024,ro,0.720049,ner,0.697647,rt,0.669613,tional,0.664399
editing,edit,0.884502,edits,0.872488,editor,0.848263,edited,0.830786,revisions,0.796544
casalnuovo,house,0.588155,capiluppi,0.559373,sillito,0.538260,tio,0.536944,ponzanelli,0.533088
softw,soft,0.779594,software,0.665533,windows,0.657123,fuzzy,0.656228,foss,0.648959
existence,existance,0.954796,exist,0.887782,existing,0.882279,exists,0.861696,being,0.753298
attribute,attributes,0.897506,inherent,0.707411,element,0.707070,fact,0.686639,identify,0.682667
sizes,size,0.899474,measurements,0.798690,fits,0.781215,lengths,0.780897,fit,0.743290
starting,beginning,0.911745,started,0.885423,starts,0.862707,beginnings,0.837867,begin,0.820005
edges,edge,0.898294,boundaries,0.765276,borders,0.757482,boundary,0.740658,curves,0.726809
siren,bell,0.675179,calling,0.639288,er,0.633117,drill,0.632778,noise,0.630545
wl,vl,0.756047,pl,0.728452,nal,0.720639,cl,0.720073,mul,0.714223
always,every,0.763876,consistent,0.762625,perfect,0.753477,reliable,0.752340,exclusively,0.747901
time,hour,0.826736,times,0.803797,moment,0.775696,hours,0.769689,timestamp,0.758538
ossher,elish,0.672437,osei,0.620693,butcher,0.601758,osate,0.599055,kaufmann,0.597152
several,multiple,0.857205,many,0.839965,various,0.814265,some,0.785462,others,0.770097
bution,sional,0.645375,sion,0.644087,hension,0.637350,mon,0.635120,complement,0.635038
hunt,chase,0.745751,searching,0.727836,seek,0.708340,seeking,0.705099,ranged,0.704242
better,improved,0.866532,improve,0.779185,best,0.762253,clearer,0.752150,improving,0.749141
lu,luaj,0.784475,lo,0.769245,li,0.763352,lau,0.763096,le,0.728915
canonical,gcc,0.694384,corpus,0.689709,novel,0.680791,kernel,0.680415,lib,0.676592
explored,exploring,0.873817,explore,0.857710,exploration,0.852658,exploratory,0.852531,delved,0.805994
edge,edges,0.898294,boundary,0.735538,curve,0.707283,boundaries,0.706123,interface,0.700281
million,millions,0.885865,thousands,0.753015,amount,0.712204,much,0.689043,rich,0.681792
cooperation,cooperate,0.879402,collaboration,0.870187,collaborating,0.845051,cooperative,0.816577,collaborations,0.809910
positive,positives,0.833408,great,0.785503,good,0.781347,negative,0.771211,supportive,0.766896
exhibits,exhibit,0.843830,showing,0.732286,demonstrates,0.728396,curating,0.718339,collection,0.710276
manifest,emerge,0.710466,inherent,0.709504,sant,0.706790,appear,0.703001,intentional,0.702136
enough,sufficient,0.790138,sufficiently,0.785831,done,0.778096,full,0.764790,complete,0.758616
notably,significantly,0.870778,strikingly,0.806393,considerably,0.796172,notable,0.777220,considerable,0.774494
latest,view,0.698377,start,0.685771,main,0.683608,currently,0.679049,site,0.674823
part,parts,0.837713,section,0.767339,portion,0.764684,consisting,0.752889,component,0.747878
sites,pages,0.748616,site,0.741811,links,0.728214,jobs,0.723535,projects,0.713392
ibm,hp,0.704037,machine,0.683393,machines,0.676984,microsoft,0.669293,mb,0.664410
average,avg,0.841893,averaging,0.809546,median,0.751014,normal,0.747164,approx,0.727574
multiple,multi,0.887645,several,0.857205,three,0.766419,two,0.765096,four,0.753758
repeat,repeats,0.930590,repeated,0.914790,repetition,0.892678,repetitions,0.861922,repeatedly,0.830807
meiyappan,nagappan,0.802040,sethumadhavan,0.640463,mei,0.614895,thummalapenta,0.597962,murugesan,0.597625
ranging,range,0.890127,ranges,0.850128,ranged,0.845140,reaches,0.712497,locating,0.681089
thousands,millions,0.907016,multitude,0.804455,many,0.778986,million,0.753015,much,0.727034
hired,employed,0.844165,job,0.812230,employs,0.811141,employ,0.787170,assigned,0.771331
ids,id,0.848576,identifiers,0.818879,identifier,0.761097,identification,0.759291,ides,0.744714
classifying,classification,0.937882,classify,0.922081,categorization,0.909112,classifications,0.900805,categorize,0.842810
finds,findings,0.828195,found,0.825060,find,0.825051,finding,0.824210,items,0.771059
prolific,frequent,0.717324,scalable,0.709364,prevalent,0.686502,ample,0.686497,bold,0.686440
statistical,statistics,0.882993,statistically,0.846006,stats,0.787424,quantitative,0.757101,econometrics,0.749111
solicited,wanted,0.791650,sought,0.789673,offered,0.783944,invited,0.770164,interested,0.764380
kind,type,0.793105,types,0.768057,unique,0.734700,means,0.733238,meaningful,0.728946
informa,inform,0.808893,informing,0.751118,informed,0.737690,information,0.712291,doi,0.666278
ask,asking,0.908100,asked,0.815779,suggest,0.801604,advise,0.791626,question,0.786906
xi,xie,0.800255,ix,0.773186,xii,0.741580,chi,0.699897,xuan,0.694533
power,energy,0.804419,utility,0.726499,force,0.711164,ability,0.709863,strong,0.700782
special,extra,0.785762,super,0.784883,particular,0.782703,unique,0.763668,regular,0.756388
combination,combine,0.822816,combined,0.817233,mixture,0.810773,sets,0.759558,pair,0.757735
guess,predict,0.844180,prediction,0.812480,predicts,0.800185,speculate,0.786195,predicted,0.784445
more,additional,0.822321,another,0.812615,further,0.801695,extra,0.761763,additionally,0.749396
minimum,min,0.856254,minimal,0.816164,least,0.803123,less,0.794726,minor,0.763071
recording,recorded,0.901019,sound,0.745143,performing,0.722243,record,0.718897,capturing,0.712337
output,outputs,0.939848,produces,0.790306,result,0.742012,resulted,0.734925,input,0.733806
axis,axes,0.852704,dx,0.705055,graph,0.697053,nodes,0.694716,node,0.691764
stereotype,characteristics,0.705170,gender,0.683864,bias,0.677352,appearance,0.675370,type,0.672956
latter,relatively,0.763183,later,0.758903,aforementioned,0.730390,indirectly,0.725464,however,0.723942
case,cases,0.889728,suit,0.721266,fits,0.713344,situation,0.711335,firm,0.703763
update,updates,0.902278,edited,0.739154,changes,0.730828,status,0.713837,fixed,0.709088
objects,object,0.907533,things,0.807611,items,0.799387,artifacts,0.772685,sets,0.766360
lang,language,0.754023,multilinguistic,0.708371,ng,0.703111,lu,0.690047,le,0.684530
explains,explained,0.936711,explanation,0.922634,explain,0.873105,understanding,0.800391,describes,0.796364
straight,smooth,0.774408,normal,0.744961,solid,0.739230,steady,0.726390,strictly,0.723785
sporadic,occasional,0.814327,seldom,0.754432,occasionally,0.750378,rarely,0.739364,randomly,0.733281
abstracting,abstract,0.840286,abstraction,0.743103,symposium,0.715733,proceedings,0.714175,submission,0.698528
cok,ko,0.759221,pk,0.717727,vouk,0.711376,cor,0.676866,cort,0.669503
frequently,often,0.918274,frequent,0.861258,occasionally,0.835686,repeatedly,0.824411,commonly,0.808818
participate,participating,0.882242,contribute,0.872540,participation,0.869408,volunteer,0.825449,contributing,0.814943
microsoft,windows,0.787424,software,0.739882,mozilla,0.719070,computer,0.712763,oracle,0.711049
creased,folds,0.770808,fold,0.755899,rolled,0.714032,edited,0.711095,fashioned,0.708985
localized,localization,0.845414,locally,0.775541,region,0.688828,localkbranch,0.686146,elsewhere,0.686100
appli,app,0.755579,medi,0.720104,application,0.718961,applications,0.702320,imple,0.700616
hp,amd,0.744489,computer,0.731329,computers,0.723675,tech,0.711104,ibm,0.704037
anlys,andlytics,0.657214,alwis,0.652209,ly,0.639739,marly,0.634279,nels,0.632837
tackle,tackles,0.872171,handle,0.726330,handling,0.721388,capture,0.696429,fielding,0.694915
guiding,guided,0.867337,guide,0.782311,exploring,0.767985,following,0.744606,direction,0.744585
behavior,behaviour,0.961908,behaving,0.797862,conduct,0.789691,habits,0.756825,interaction,0.724495
dx,ex,0.722096,grex,0.719461,axis,0.705055,dis,0.702571,de,0.699607
directly,direct,0.901074,indirectly,0.819805,simply,0.785972,readily,0.766441,quickly,0.740442
merlo,lo,0.731410,los,0.703031,el,0.648598,lu,0.634826,mul,0.629241
recommended,recommendations,0.888530,recommending,0.809023,suggest,0.802233,suggests,0.801489,guide,0.772379
plethora,multitude,0.783754,extensive,0.771302,variety,0.728152,comprehensive,0.717844,varied,0.712199
essary,ser,0.617373,tsay,0.588983,sarro,0.584994,es,0.581783,france,0.578991
interna,inter,0.765478,ins,0.742420,ic,0.740775,inner,0.687123,internal,0.682487
tosem,toomim,0.723912,se,0.669472,attoh,0.638230,lm,0.632156,asm,0.630038
predictive,predict,0.858109,predictor,0.854665,prediction,0.846500,predicting,0.846477,predicts,0.841816
harmful,harm,0.831323,bad,0.828772,negatively,0.743259,adverse,0.739898,avoid,0.737840
wanted,want,0.918288,sought,0.881564,seeking,0.797297,desirable,0.794722,solicited,0.791650
attempt,attempts,0.932716,try,0.836278,tried,0.835651,trying,0.831360,effort,0.800234
entropy,complexity,0.712044,evolution,0.709635,noise,0.708964,science,0.703583,gross,0.699676
repeatedly,repeated,0.867489,repeat,0.830807,repetition,0.826532,frequently,0.824411,repeats,0.823849
valleys,valley,0.862941,deltas,0.680052,peaks,0.678862,communities,0.637453,regions,0.629958
bosch,gonzalez,0.662062,tool,0.658837,de,0.649332,ring,0.647681,heidelberg,0.644493
notices,notice,0.937855,documents,0.734598,information,0.724176,proceedings,0.720795,informing,0.717841
emerge,emergence,0.905813,emerging,0.832465,arise,0.831255,emerged,0.825050,evolve,0.755961
figure,figures,0.906705,image,0.784811,picture,0.780113,graphic,0.764615,model,0.759226
arise,emerge,0.831255,emergence,0.770801,come,0.764971,become,0.752895,appear,0.741685
smooths,smoothens,0.940377,smooth,0.899104,smoothing,0.885680,soft,0.708342,roughness,0.708338
drag,drags,0.906240,flow,0.721497,pull,0.709897,smooth,0.697558,movement,0.693145
ranges,range,0.906918,ranging,0.850128,ranged,0.761153,sets,0.704067,locations,0.694925
barr,ba,0.700531,roy,0.658189,harman,0.650842,ball,0.649926,bu,0.649876
ibrahim,ahmed,0.707057,hassan,0.663651,lim,0.643745,mohammad,0.639481,thomas,0.637092
saas,software,0.697796,sigsoft,0.693184,vmware,0.689488,hosting,0.685902,sdks,0.673634
type,types,0.901763,kind,0.793105,shape,0.766542,sense,0.733570,font,0.727028
integrated,integration,0.876333,integrations,0.832474,continuousintegration,0.774449,combined,0.758666,included,0.751314
investigated,investigates,0.916270,investigating,0.907770,investigation,0.905492,examined,0.880652,investigate,0.879043
form,forms,0.893443,format,0.774316,create,0.769590,formed,0.752378,submitting,0.750595
introduces,introduce,0.920360,introducing,0.912362,introduced,0.893605,introduction,0.821636,appear,0.736504
changeability,change,0.801625,changes,0.771562,changed,0.745538,evolving,0.726885,maintainability,0.724150
typically,usually,0.935441,commonly,0.892032,generally,0.856439,often,0.787790,ideally,0.783544
austria,vienna,0.818965,germany,0.726624,switzerland,0.719609,france,0.686213,australia,0.684096
benefit,benefits,0.915621,beneficial,0.821050,advantage,0.807658,advantages,0.803825,provides,0.752298
commu,compa,0.783119,su,0.748866,compre,0.738755,dou,0.707895,com,0.703205
overall,entire,0.727968,average,0.717242,achieved,0.710364,best,0.708059,total,0.707377
mailing,mail,0.901974,mails,0.870000,email,0.795676,addresses,0.706266,submitting,0.690826
erik,eric,0.811029,adrian,0.716928,von,0.687800,amor,0.682022,vladimir,0.678429
stability,stable,0.894536,steady,0.786189,robustness,0.745087,stationarity,0.709085,reliable,0.701625
outperforms,outperforming,0.870464,performance,0.798376,surpasses,0.797733,performs,0.718906,successful,0.704575
mechanism,mechanisms,0.941636,structure,0.731625,handle,0.719907,machine,0.711354,function,0.706452
org,inc,0.765449,organizational,0.758714,incorporated,0.735075,organizations,0.730986,ngo,0.716664
required,requires,0.917500,requirement,0.912829,require,0.887041,must,0.869772,needed,0.842730
collaborations,collaboration,0.919890,collaborating,0.891437,collaborate,0.837724,collaborative,0.837641,collaboratively,0.810377
autoregressive,econometrics,0.748476,regression,0.721908,stationarity,0.717791,regressions,0.703898,arima,0.700429
plete,ple,0.804816,ence,0.710510,ture,0.696433,sive,0.690760,itive,0.683068
activate,activates,0.923336,activating,0.909806,activated,0.898873,activation,0.884129,enable,0.796100
core,center,0.711592,mains,0.706819,centric,0.701033,centrally,0.694439,solid,0.693662
nasacoc,nasa,0.711761,loc,0.637369,cc,0.632960,aic,0.621572,sloc,0.616926
comparing,comparison,0.945910,compare,0.931865,compared,0.917342,comparable,0.865681,evaluating,0.788809
economics,economic,0.851700,econometrics,0.756827,economical,0.740435,finance,0.738017,science,0.687815
pastebin,paste,0.864994,pasting,0.826517,pastes,0.824525,pasted,0.798397,clipboard,0.704658
tracing,traced,0.908257,traces,0.882127,tracking,0.824692,tracked,0.797133,tracker,0.759519
html,web,0.796573,css,0.766723,jsp,0.759218,www,0.752108,http,0.744923
vendor,vendors,0.925723,provider,0.730294,customer,0.714641,obtainers,0.692327,providers,0.691534
develop,developing,0.898005,development,0.859495,developed,0.835224,developer,0.782629,grow,0.762842
coupling,couplings,0.951527,relating,0.788137,connection,0.743380,together,0.741604,fitting,0.738702
modeling,modelling,0.953804,models,0.897264,model,0.872673,submodel,0.729114,figure,0.725076
ators,itor,0.660700,teers,0.652610,incor,0.649498,attoh,0.648396,cor,0.644536
wide,broad,0.843165,widely,0.810924,narrow,0.793783,across,0.771356,large,0.760913
requited,given,0.729514,tied,0.728488,matched,0.726664,bound,0.726638,assumed,0.724078
genetic,genetics,0.880383,mutant,0.712657,gen,0.712045,gener,0.689639,mutants,0.686698
identified,identification,0.901563,identify,0.899425,identifying,0.876706,distinguishing,0.809404,named,0.800282
icse,icsm,0.699883,ic,0.694631,se,0.687018,suse,0.670169,conse,0.663912
submodel,model,0.784577,modelling,0.767807,models,0.731592,modeling,0.729114,modelclusterer,0.723297
ruby,rails,0.766529,hash,0.735449,java,0.729079,perl,0.712739,hashes,0.709875
acm,asm,0.794196,scm,0.690975,cbm,0.686970,algorithms,0.685708,cs,0.684777
witten,els,0.687652,wilcoxon,0.661653,none,0.655463,bagert,0.653261,lin,0.647416
inner,innermost,0.845095,internal,0.832810,within,0.810722,outer,0.747973,nested,0.705195
mark,marked,0.810861,jesus,0.729231,john,0.719126,marker,0.714742,tagged,0.712539
votta,vouk,0.707377,penta,0.618639,sant,0.618134,andrea,0.612603,victoria,0.609995
beneficial,benefit,0.821050,useful,0.797243,effective,0.795086,advantage,0.794856,benefits,0.770093
ast,asp,0.715529,asm,0.714433,tant,0.707580,htt,0.705551,ase,0.701768
viability,viable,0.854771,feasible,0.773225,potential,0.768193,capable,0.767750,feasibility,0.747084
scripts,scripting,0.870391,files,0.738220,plots,0.731249,commands,0.720950,documents,0.711809
inspected,inspection,0.894144,examined,0.852058,checked,0.830781,examines,0.804120,examining,0.781166
newcomb,new,0.632777,harrell,0.617626,baker,0.612097,newer,0.603683,nique,0.588831
sampling,sampled,0.891101,samples,0.846343,sample,0.845227,surveys,0.728023,survey,0.725966
tan,tant,0.782841,orange,0.741646,ta,0.735561,sun,0.730094,cal,0.726733
explicit,implied,0.755141,intentional,0.741701,specify,0.734526,elaborated,0.724677,raw,0.716763
snippets,snippet,0.888870,content,0.726239,files,0.725848,section,0.703831,contents,0.702958
between,among,0.781865,across,0.746800,below,0.745564,during,0.738454,apart,0.720623
ordination,initiation,0.691951,curate,0.666701,promoted,0.664603,job,0.658211,roles,0.651371
andlytics,anlys,0.657214,analytics,0.650403,systems,0.634974,rately,0.631812,syst,0.631122
platform,platforms,0.944389,framework,0.693931,stand,0.680395,setup,0.680350,model,0.678001
aim,aims,0.801077,im,0.744983,seek,0.726160,goal,0.720597,focus,0.714184
clarity,clearer,0.881182,clear,0.850098,smooth,0.749711,transparency,0.743419,insight,0.742356
scripting,scripts,0.870391,programming,0.771096,coding,0.748933,javascript,0.725074,commands,0.693474
irrespective,perceived,0.703883,aware,0.694337,noticeable,0.693560,revealing,0.693252,unseen,0.692408
rigor,effort,0.730484,strengthens,0.724898,strong,0.715249,improve,0.714944,force,0.711619
matches,match,0.882401,matched,0.793462,matching,0.787124,teams,0.785596,game,0.766355
illustrated,illustrates,0.866753,illustrate,0.858390,depicts,0.811469,illustrative,0.797042,depicted,0.793614
translator,translating,0.904463,translates,0.893149,translation,0.879420,interpret,0.734650,language,0.710126
berardi,ber,0.635144,ponzanelli,0.631980,baldi,0.625297,scacchi,0.623470,robillard,0.613339
costly,expensive,0.925938,costs,0.796199,expense,0.787854,cost,0.765957,spent,0.745760
treated,treatment,0.878652,treat,0.782316,served,0.720321,procedure,0.718732,procedures,0.716107
convolve,velopment,0.731845,parametric,0.723739,flow,0.708340,sublinear,0.701611,fractional,0.698622
abs,ac,0.688814,body,0.685746,ap,0.674915,core,0.674639,solid,0.670320
relatively,comparatively,0.826748,reasonably,0.821411,relative,0.810335,practically,0.797575,roughly,0.781149
start,starts,0.765895,starting,0.739192,beginning,0.735242,begin,0.712828,main,0.712107
greater,greatest,0.844219,larger,0.804463,greatly,0.764876,bigger,0.757205,better,0.741629
basic,simple,0.777631,simplified,0.738191,base,0.737428,standard,0.712255,essential,0.710285
forrest,tree,0.730990,forestry,0.722204,trees,0.705700,leaves,0.649552,ghosh,0.632183
umbrella,umbrellas,0.895102,outside,0.703343,hat,0.682366,handle,0.672963,utility,0.670695
ericsson,eric,0.683088,mobile,0.657849,device,0.650115,bell,0.644211,cisco,0.638282
close,closer,0.828971,closes,0.799643,closed,0.784294,closest,0.782719,closing,0.762208
sional,sion,0.736549,tional,0.729648,si,0.660907,sified,0.657487,mon,0.654950
instrumentation,instrumental,0.753603,monitoring,0.718061,measurement,0.712747,sound,0.708518,components,0.705862
concerned,concerns,0.888572,worrying,0.886980,apprehensive,0.807131,threatened,0.738482,checked,0.707981
observation,observations,0.905233,observe,0.887014,observed,0.865766,monitoring,0.775282,noticed,0.763809
sion,sional,0.736549,si,0.668122,sive,0.667284,sified,0.667033,tion,0.653867
manual,automatic,0.779868,manually,0.772148,documentation,0.730313,instruct,0.720272,automated,0.717024
decided,decision,0.850874,decisions,0.817314,decide,0.813890,chose,0.804191,determined,0.789944
concludes,concluded,0.936628,conclusion,0.916884,conclude,0.916447,conclusions,0.840229,ending,0.811086
none,tried,0.770781,source,0.769808,unknown,0.768570,result,0.761354,final,0.759220
ours,our,0.907766,we,0.864617,theirs,0.780576,us,0.771658,collectively,0.727876
doi,di,0.745839,da,0.720413,id,0.701312,metadata,0.692719,inform,0.692582
automatically,automated,0.873120,automatic,0.870821,manually,0.868989,autogenrated,0.733968,easier,0.730155
ingimp,ing,0.779649,im,0.725332,isting,0.717748,ins,0.716522,implemen,0.716297
induced,induce,0.896046,initiated,0.774366,facilitated,0.772249,assumed,0.738570,activated,0.738402
alwis,anlys,0.652209,hassan,0.638407,nawaiseh,0.622662,ous,0.619171,apis,0.610231
considerations,consideration,0.871858,considers,0.823486,consider,0.816664,considering,0.809224,considered,0.773579
november,nov,0.908466,october,0.783003,july,0.749784,august,0.721856,thurs,0.715531
terms,copyright,0.689313,copyrights,0.678492,buy,0.631651,policies,0.625107,guarantee,0.623170
pro,professional,0.836414,prog,0.754585,professionally,0.752215,pp,0.734962,proc,0.726670
firm,firms,0.857535,company,0.724299,brand,0.709614,professional,0.703956,case,0.703763
activity,activities,0.883022,actions,0.828335,action,0.812849,active,0.802431,actively,0.756262
combined,combine,0.901638,combination,0.817233,merged,0.814742,together,0.793943,gathered,0.775576
protection,security,0.805422,preventing,0.739082,prevent,0.729359,ensuring,0.721234,coverity,0.716801
dicting,diction,0.817015,parsing,0.733756,lexical,0.716397,ditional,0.712826,classifying,0.704726
novel,literature,0.753141,plot,0.712440,pdf,0.708273,read,0.699882,authored,0.698925
contributors,authors,0.843885,contributor,0.794562,author,0.760459,members,0.750619,editors,0.743670
automatable,automated,0.754399,automatic,0.734677,autogenrated,0.730177,bot,0.690922,verbatim,0.683363
stride,step,0.754473,movement,0.718747,narrow,0.708517,steps,0.703224,run,0.702481
openstack,foss,0.679048,stackforge,0.674830,rackspace,0.661967,oss,0.661004,linux,0.656723
leveraged,leverage,0.839274,invested,0.740173,leveraging,0.722941,derived,0.692918,funded,0.692788
mahout,vouk,0.637722,maalej,0.625847,ma,0.586139,ghtorent,0.577190,lez,0.570426
act,acts,0.876446,perform,0.750285,actions,0.739170,performs,0.726331,action,0.721499
includes,included,0.924755,include,0.895187,including,0.889136,contains,0.836797,comprises,0.810147
authored,written,0.863183,author,0.791567,authorship,0.791184,contributed,0.784377,composed,0.764661
loess,ground,0.675257,lo,0.627776,earth,0.627463,loc,0.626890,remains,0.619521
william,will,0.749854,carlos,0.673063,elizabeth,0.671532,juan,0.660451,john,0.660198
actual,real,0.846063,realistic,0.786212,actually,0.775600,valid,0.772771,absolute,0.750926
contains,contain,0.883468,includes,0.836797,containing,0.833527,comprises,0.824650,contained,0.784929
ro,rd,0.829576,rt,0.761566,re,0.732532,repro,0.725332,mar,0.720116
prunes,produce,0.731633,gross,0.698038,raw,0.682240,forage,0.677551,treat,0.676010
current,currently,0.875561,present,0.806178,now,0.797140,nowadays,0.766475,recent,0.746704
symmetric,asymmetry,0.756991,horizontal,0.737138,mirrored,0.722013,represents,0.706221,whereas,0.687747
beginnings,beginning,0.925697,starts,0.841202,starting,0.837867,begin,0.799884,started,0.790104
cisco,networking,0.738704,lan,0.689567,network,0.684052,networks,0.668142,tech,0.658389
fri,thurs,0.788395,day,0.765772,hours,0.733702,wed,0.727627,weekend,0.724713
pasted,paste,0.891740,pasting,0.867303,pastes,0.837093,pastebin,0.798397,copied,0.783236
save,saves,0.853784,spend,0.828324,buy,0.812569,keep,0.779099,choose,0.771742
suse,su,0.747841,se,0.738994,bsd,0.701140,isese,0.697703,jss,0.691040
evaluation,evaluating,0.923165,evaluated,0.897556,evaluate,0.866361,assessing,0.821242,assess,0.766206
preparation,prepare,0.901769,planning,0.731183,ensuring,0.728262,ready,0.721135,setup,0.720250
about,members,0.698408,education,0.676553,pages,0.671427,top,0.658816,story,0.655464
collaborative,collaboratively,0.931568,collaboration,0.919517,collaborating,0.903921,collaborate,0.867562,collaborations,0.837641
uploading,submitting,0.826856,submission,0.786864,submitted,0.760197,file,0.715546,contributing,0.715185
capture,capturing,0.952905,captured,0.909023,captures,0.898286,hold,0.761113,taken,0.739129
milliseconds,seconds,0.781284,faster,0.733978,quickly,0.733745,time,0.707613,immediate,0.702043
hexbinplot,boxplot,0.700050,histogram,0.687572,plotted,0.656557,graphs,0.645385,graph,0.641056
transform,transformation,0.917118,transformations,0.898075,convert,0.773727,evolve,0.750369,becomes,0.742823
ence,esec,0.780920,en,0.713372,ele,0.712743,plete,0.710510,ce,0.697048
cheri,cher,0.747622,kim,0.637086,anne,0.631087,chi,0.623602,abigail,0.623296
deltas,valleys,0.680052,cisions,0.634651,da,0.633697,thresholds,0.619959,overflow,0.619453
started,starting,0.885423,starts,0.842495,beginning,0.821566,beginnings,0.790104,begin,0.786191
example,examples,0.930725,sample,0.821291,instance,0.774938,samples,0.774833,demonstrated,0.748083
avoided,avoiding,0.853452,avoid,0.789275,excluded,0.740334,missed,0.735667,opposed,0.711250
australia,usa,0.769225,canada,0.754369,brazil,0.754321,country,0.753186,india,0.742612
translation,translating,0.950017,translates,0.892383,translator,0.879420,language,0.761315,interpretation,0.736121
conflicting,contradictory,0.857014,contradicting,0.839872,inconsistent,0.754572,doubt,0.747771,conflict,0.742952
centrally,central,0.898469,centralized,0.837991,center,0.833251,middle,0.740396,centric,0.724173
stolee,taken,0.705534,repre,0.691049,take,0.681546,borrowed,0.674462,takes,0.668553
considerably,significantly,0.912390,greatly,0.909281,considerable,0.892104,extremely,0.800463,much,0.800135
promise,commitment,0.805387,guarantee,0.785000,promising,0.772962,intends,0.760886,will,0.745461
simply,simple,0.925082,simplified,0.857734,just,0.827070,easy,0.820020,directly,0.785972
observable,let,0.684110,object,0.680067,predictor,0.642641,variable,0.642516,vector,0.635893
family,relatives,0.834045,parents,0.747879,humans,0.735219,parent,0.728790,people,0.726693
hosting,hosted,0.837193,host,0.825358,servers,0.745177,setup,0.744329,serves,0.723829
illustrate,illustrates,0.916507,illustrated,0.858390,depicts,0.804926,illustrative,0.791023,visualizes,0.776487
game,play,0.836630,matches,0.766355,battle,0.762180,match,0.752088,goal,0.735530
luaj,lu,0.784475,li,0.651993,lau,0.651168,je,0.634658,fu,0.628750
narrow,wide,0.793783,broad,0.744819,weak,0.732088,smaller,0.729887,small,0.727789
gabel,wl,0.664208,brunel,0.658349,stl,0.651970,hummel,0.646821,vl,0.645766
many,much,0.847410,several,0.839965,multitude,0.780797,thousands,0.778986,often,0.774817
jgb,japan,0.691300,jst,0.672308,jgit,0.663608,jos,0.660396,ger,0.652921
according,accordingly,0.811498,accurately,0.790574,right,0.789336,corresponds,0.770596,precisely,0.767853
engineering,engineers,0.853051,engineer,0.851283,science,0.800981,sciences,0.798261,tech,0.789182
organizations,groups,0.820838,organizational,0.748427,communities,0.746525,companies,0.738772,ngo,0.733570
except,exceptions,0.719656,however,0.719281,although,0.710411,apparently,0.703847,otherwise,0.703571
employ,employs,0.908499,employed,0.884855,hired,0.787170,job,0.783691,working,0.757082
mentation,ment,0.734987,mentary,0.684597,matter,0.684521,phenomena,0.679833,sentation,0.677463
aware,awareness,0.885118,know,0.806179,knowing,0.798665,perceive,0.787475,recognize,0.787327
http,https,0.802955,html,0.744923,api,0.736727,rfc,0.713624,httpie,0.713125
akaike,cycle,0.643645,chase,0.638468,okine,0.632683,kamiya,0.631643,inoue,0.627861
recommendations,recommended,0.888530,recommending,0.849334,suggests,0.824247,suggest,0.814492,suggesting,0.738465
jos,jss,0.730537,je,0.708701,jst,0.697810,ous,0.677772,jgb,0.660396
lines,line,0.925684,borders,0.744795,outlines,0.734030,boundaries,0.716353,edges,0.715217
becoming,become,0.852159,becomes,0.823059,being,0.809977,creating,0.807108,emerging,0.766305
ne,nm,0.779031,nu,0.756424,ner,0.754338,nd,0.751484,ia,0.722261
foremost,importantly,0.737538,importance,0.732078,greatest,0.724498,important,0.716404,notably,0.715708
volunteer,volunteers,0.875573,participate,0.825449,contribute,0.796729,serve,0.786638,contributing,0.766026
cloned,clone,0.906080,clones,0.874180,duplicated,0.844541,copied,0.823242,cloning,0.813093
mathematically,linearly,0.792686,logically,0.758823,statistically,0.743345,computationally,0.736136,let,0.732901
types,type,0.901763,classifications,0.778480,categories,0.772007,kind,0.768057,variety,0.760226
senior,seniority,0.787043,old,0.758734,age,0.750365,mature,0.736194,regular,0.702305
creat,create,0.831992,creating,0.796655,make,0.787225,making,0.769950,build,0.763224
authorship,authored,0.791184,contributor,0.775714,author,0.747734,authors,0.745663,writing,0.718301
continues,continued,0.924632,continue,0.880324,continuous,0.742776,follows,0.736261,next,0.730135
proc,prog,0.730880,pro,0.726670,execute,0.682760,processes,0.677765,process,0.674696
adrian,erik,0.716928,vladimir,0.681183,rohan,0.678218,damian,0.677145,ac,0.673007
com,net,0.734148,buy,0.715509,org,0.710927,www,0.709429,domain,0.708009
see,shown,0.845400,seen,0.842042,show,0.820236,look,0.817492,showed,0.815838
mobile,android,0.786221,app,0.774049,yahoo,0.730566,device,0.716333,zoom,0.710285
graphs,graph,0.942530,diagrams,0.828983,visualizations,0.789393,chart,0.758179,visualization,0.755317
exhibit,exhibits,0.843830,demonstrates,0.783342,demonstrate,0.779082,show,0.764995,showing,0.750972
uist,gist,0.642337,ous,0.628652,io,0.610384,tant,0.609501,syst,0.601149
saturday,weekend,0.878696,sunday,0.778471,friday,0.755874,thurs,0.732129,monday,0.723463
blame,responsible,0.768817,caused,0.746204,compensate,0.701387,intentional,0.695032,cause,0.692098
bugginess,bugs,0.833695,bug,0.827698,buggy,0.776275,problems,0.744032,problem,0.705262
copied,copying,0.906477,copy,0.895753,copies,0.847468,duplicated,0.842654,cloned,0.823242
imperative,require,0.775963,indicative,0.751366,implies,0.740762,requires,0.729956,must,0.727644
call,calls,0.880069,calling,0.858784,called,0.756336,request,0.749306,bell,0.749000
intu,commu,0.697368,edu,0.690566,intl,0.687962,su,0.684558,ultimate,0.676926
asking,ask,0.908100,asked,0.840974,questions,0.821409,question,0.819148,curious,0.807472
limit,limits,0.910891,limiting,0.889410,limitations,0.746549,enough,0.730102,limited,0.725100
against,opposed,0.857583,con,0.798888,opposite,0.777329,contrary,0.775402,arguments,0.730593
goodness,good,0.819610,excellent,0.755257,wonder,0.742272,great,0.728584,desirable,0.724335
sufficiently,sufficient,0.905734,correctly,0.852919,suitable,0.852490,reasonably,0.842129,appropriate,0.834695
productivity,multitasking,0.772479,working,0.766876,efficiency,0.747769,work,0.728985,task,0.726516
dimension,dimensional,0.952260,dimensions,0.905991,size,0.747451,spatial,0.730675,magnitude,0.730401
showing,shown,0.894077,show,0.884348,showed,0.841196,see,0.815546,displayed,0.808376
removes,removing,0.935142,remove,0.914390,removal,0.868522,removed,0.824892,eliminating,0.819342
basis,base,0.827122,based,0.763250,underlying,0.753796,foundations,0.752920,foundation,0.750618
tell,tells,0.882998,describe,0.768843,explain,0.759248,share,0.752468,given,0.752231
relax,rest,0.830827,smooth,0.737156,stay,0.709500,smooths,0.707930,practice,0.697741
loops,loop,0.926813,iteration,0.761789,iteratively,0.726953,cyclic,0.724506,iterating,0.724261
rows,row,0.927469,pairs,0.705370,weights,0.703430,runs,0.703419,matches,0.692476
made,make,0.866341,produced,0.857105,makes,0.856599,making,0.847700,built,0.836722
images,image,0.859178,picture,0.814607,visual,0.765952,files,0.763182,samples,0.754286
during,occurred,0.747477,after,0.746667,between,0.738454,while,0.736117,when,0.731136
springer,cam,0.647246,wiley,0.643408,bosch,0.642284,subject,0.630100,vol,0.621565
iv,im,0.703452,ic,0.697471,viii,0.682987,initial,0.681566,four,0.679991
customers,customer,0.921876,users,0.763187,humans,0.723299,service,0.709673,people,0.697006
lie,lies,0.845977,tell,0.720993,false,0.710139,promise,0.705003,seem,0.693601
churn,pull,0.659962,customer,0.657910,depend,0.655776,spend,0.654442,scam,0.651713
difference,differences,0.927184,differs,0.858462,differ,0.839774,comparison,0.782362,different,0.776410
sources,source,0.899056,references,0.795928,documents,0.780767,data,0.742333,resources,0.727968
leviathan,siren,0.626433,nier,0.623245,bull,0.622712,dark,0.615604,deckard,0.608752
stable,stability,0.894536,steady,0.808351,reliable,0.735020,solid,0.734664,fixed,0.726582
no,non,0.817216,negative,0.755683,none,0.745198,never,0.734012,nor,0.730778
wrongly,incorrectly,0.926676,wrong,0.887601,mistaken,0.854675,mistakenly,0.822073,erroneous,0.789413
tsay,th,0.691847,ually,0.665634,padhye,0.665053,tive,0.661948,tp,0.661026
closest,closer,0.843840,closely,0.825114,near,0.817978,close,0.782719,similarity,0.739258
koch,kay,0.710968,bc,0.663197,ko,0.661231,bi,0.646944,bosch,0.641351
accurately,accurate,0.920528,precisely,0.871853,exact,0.863360,correctly,0.838627,exactly,0.818814
drill,tool,0.777192,tools,0.712166,mined,0.702419,execute,0.687409,mining,0.686071
fernandez,nicolas,0.692621,gonzalez,0.677927,hassan,0.670828,cheng,0.667129,carlos,0.666112
very,extremely,0.773484,much,0.770572,considerably,0.768578,highly,0.745722,significantly,0.732169
we,our,0.916261,ours,0.864617,us,0.811635,here,0.745166,they,0.743138
formal,formally,0.852619,sophisticated,0.751676,fashioned,0.745522,suited,0.744511,dress,0.743167
moved,moving,0.906729,move,0.885364,transferred,0.819063,migrate,0.800040,movement,0.765853
sat,time,0.709634,pearson,0.694269,act,0.688544,test,0.682880,ment,0.679206
slaves,humans,0.632885,poor,0.614973,master,0.599198,people,0.599116,human,0.595119
approved,accepted,0.844964,confirmed,0.817683,recognized,0.797094,done,0.785916,granted,0.784862
add,addition,0.865087,adds,0.860008,additions,0.821968,appended,0.780848,bring,0.777280
archive,articles,0.680058,search,0.670271,main,0.666392,annals,0.662229,media,0.661721
valley,valleys,0.862941,van,0.686786,country,0.651000,velopment,0.647300,region,0.640963
plotted,plots,0.862094,plot,0.823765,figure,0.745573,graph,0.744642,chart,0.742892
mu,mul,0.769369,mon,0.761215,su,0.739398,mb,0.737005,ma,0.733290
squares,squared,0.860764,shape,0.722830,edges,0.686509,types,0.678545,coordinates,0.678065
important,importance,0.894748,significant,0.826441,must,0.799768,significance,0.790410,required,0.788963
installed,setup,0.777518,implemented,0.756979,placed,0.745276,worked,0.728374,built,0.720858
synthesizing,making,0.793305,creating,0.756442,make,0.745566,produces,0.726988,composed,0.724684
having,providing,0.787859,being,0.781396,consisting,0.773021,including,0.765601,obtaining,0.763027
specifies,specify,0.912170,indicates,0.787103,described,0.780540,denote,0.776827,requires,0.770831
trivial,simple,0.808019,easy,0.767118,simplified,0.760680,random,0.754868,unrelated,0.743840
requests,request,0.922493,want,0.779496,wanted,0.767692,asking,0.757367,ask,0.748589
discovery,discover,0.822249,finding,0.761346,findings,0.757976,revealed,0.755591,exploration,0.753845
commands,command,0.919994,scripts,0.720950,operation,0.718753,actions,0.706293,operate,0.699334
reflect,insight,0.735713,think,0.731152,affect,0.725834,observe,0.721079,mirrored,0.720048
elementary,primary,0.746679,school,0.682135,basic,0.677095,edu,0.673839,classroom,0.670139
weekly,week,0.903983,fridays,0.831055,friday,0.788189,weekend,0.774379,quarterly,0.761193
let,suppose,0.869716,assume,0.783012,integral,0.742490,there,0.742113,if,0.740484
top,members,0.710793,article,0.696004,forum,0.691562,sites,0.680009,event,0.677495
ly,swy,0.795591,ually,0.760549,lo,0.749164,lh,0.739498,le,0.738657
classify,classifying,0.922081,classification,0.901543,categorize,0.895905,categorization,0.864554,classifications,0.849875
subsection,subsections,0.957866,sections,0.828083,section,0.816863,sub,0.726106,part,0.718111
sentmani,senthil,0.763010,mani,0.707553,sentation,0.611601,mu,0.610691,medi,0.599259
ignore,ignoring,0.909629,avoid,0.793990,exclude,0.777260,delete,0.773607,reject,0.752073
derives,derived,0.902677,deduce,0.788392,differentiate,0.768583,originate,0.733269,obtain,0.729413
exchanging,exchange,0.921636,transactions,0.736077,interchangeable,0.704384,offered,0.698191,deal,0.696831
component,components,0.907884,part,0.747878,parts,0.710151,element,0.708100,elements,0.696703
major,minor,0.721675,big,0.712694,significant,0.706310,master,0.690306,general,0.686858
brackets,rings,0.735498,framework,0.714687,denotes,0.714683,syntax,0.714038,sets,0.712196
entered,entering,0.856671,submitted,0.803631,entry,0.796700,participated,0.781593,into,0.771316
staying,stay,0.908768,stays,0.903364,keeping,0.835392,keep,0.795464,remained,0.763651
isolate,isolation,0.831234,separate,0.813758,separating,0.761401,extract,0.743202,apart,0.737752
revisions,edits,0.842954,editing,0.796544,edited,0.780724,modifications,0.780609,edit,0.773572
redistribute,allocation,0.749097,subdividing,0.727379,give,0.724236,allocated,0.722387,divide,0.715954
past,previous,0.856938,previously,0.792087,former,0.782616,been,0.762512,recent,0.758019
rely,relies,0.910239,depend,0.906853,dependency,0.778063,require,0.765530,utilize,0.752477
monthly,quarterly,0.841385,month,0.824780,annual,0.779444,months,0.773544,seasonal,0.750380
harder,hard,0.897179,difficult,0.812910,challenging,0.797399,heavier,0.763430,deeper,0.754003
harmonic,fourier,0.707272,fractional,0.698271,sonality,0.696653,hz,0.693292,smooth,0.680881
modelling,modeling,0.953804,model,0.874539,models,0.869927,submodel,0.767807,figures,0.714453
terminology,nomenclature,0.872285,term,0.771696,informally,0.746344,definitions,0.738996,formally,0.737558
suffers,relies,0.723928,poor,0.719418,overcome,0.708167,weak,0.703490,problems,0.698391
interference,overlap,0.700936,interaction,0.693114,noise,0.689475,overlapping,0.687722,intercept,0.685116
compared,comparison,0.932882,comparing,0.917342,compare,0.906362,comparable,0.890957,comparatively,0.837367
epp,pp,0.736045,fp,0.710688,tp,0.672877,european,0.671513,pro,0.662372
argument,arguments,0.943213,argue,0.910704,con,0.744220,discuss,0.737271,extend,0.732564
needs,need,0.932608,needed,0.888212,requires,0.818289,require,0.808836,requirement,0.782362
destination,destinations,0.828873,direction,0.795020,coming,0.735842,goal,0.735420,place,0.734682
formulate,prepare,0.770859,make,0.760342,form,0.747768,construct,0.742841,create,0.741155
identify,identifying,0.924752,identification,0.920937,identified,0.899425,distinguish,0.872897,distinguishing,0.868786
robillard,france,0.642609,robles,0.635419,br,0.621691,django,0.617533,andrea,0.613754
parameters,parameter,0.927515,parametric,0.737207,criteria,0.716885,variables,0.706795,limits,0.687270
maps,map,0.894831,mapping,0.831829,locations,0.751081,coordinates,0.748956,graphs,0.733642
cleary,clear,0.796460,clearer,0.719732,clarity,0.663874,out,0.627198,full,0.621135
steadily,steady,0.835964,slowly,0.805427,increasingly,0.788007,consistent,0.764773,constant,0.761593
sweden,russia,0.701816,country,0.695531,canada,0.689653,countries,0.683787,nordic,0.681434
ideally,optimal,0.794180,reasonably,0.791703,typically,0.783544,suitable,0.780616,appropriate,0.775709
itted,ited,0.860006,ized,0.799013,ith,0.752338,ment,0.739944,itive,0.728697
drastic,extreme,0.774164,immediate,0.771186,severe,0.766632,revolutionary,0.737787,quickly,0.706414
recommending,recommendations,0.849334,suggest,0.837079,suggests,0.810501,recommended,0.809023,suggesting,0.808898
construct,constructed,0.890352,constructing,0.882164,build,0.786833,construction,0.777317,creat,0.754850
some,others,0.844491,sometimes,0.825548,several,0.785462,various,0.774227,mostly,0.773812
attract,motivate,0.759439,interact,0.757472,appear,0.753309,become,0.750280,indicate,0.744292
generalized,generalize,0.804577,general,0.786929,generalizability,0.762098,great,0.735478,particular,0.725783
magnitude,metric,0.742554,dimensional,0.741627,scale,0.735459,dimension,0.730401,volume,0.720175
stubs,players,0.694813,stats,0.680251,matches,0.670956,points,0.668109,teams,0.663902
agile,git,0.695010,rigor,0.694898,develop,0.693459,evolving,0.689821,developing,0.684393
sive,tive,0.818944,se,0.734220,vide,0.714000,ture,0.707035,plete,0.690760
cl,pl,0.794827,vl,0.781185,ld,0.756814,clas,0.753993,lo,0.732535
feasibility,feasible,0.849631,plausibility,0.782686,proposed,0.749617,possible,0.748913,viability,0.747084
historic,historical,0.888691,traditional,0.734979,notable,0.697683,past,0.691785,architecture,0.690728
limits,limit,0.910891,limiting,0.866473,limitations,0.852692,boundaries,0.765856,extent,0.728583
performance,performing,0.864089,performances,0.857730,performs,0.844552,outperforming,0.809335,perform,0.798426
barbour,barahona,0.667595,barr,0.646140,harrell,0.641368,harvey,0.620614,bar,0.619384
ful,fu,0.781403,mul,0.735493,wl,0.712446,far,0.705975,pl,0.703065
value,values,0.832647,valuable,0.806754,offer,0.738893,quantities,0.730213,profit,0.729901
opers,oper,0.894173,opment,0.753323,offers,0.667672,office,0.660620,order,0.659611
jablonski,liwerski,0.612716,sliwerski,0.595902,juergens,0.545669,jos,0.536395,lincke,0.526892
invested,investments,0.835034,invest,0.831442,spent,0.776998,funded,0.776954,owned,0.766673
together,collectively,0.852422,collaboration,0.830596,collaboratively,0.815740,cooperate,0.809898,collaborating,0.803190
does,doesn,0.863386,did,0.824597,do,0.810088,contains,0.725688,yes,0.724005
baldi,dupli,0.697065,asundi,0.674501,di,0.672256,medi,0.648042,pii,0.637048
smells,gross,0.720439,things,0.676516,leaves,0.670291,environments,0.667488,clean,0.662757
prevalence,prevalent,0.888762,frequent,0.685985,proneness,0.683133,epidemiology,0.681608,majority,0.680576
devoted,devote,0.895274,devotes,0.858883,committed,0.817967,dedicate,0.760274,commitment,0.758370
digital,technology,0.746555,tech,0.708190,online,0.695271,data,0.694382,device,0.692921
dedicate,devote,0.815286,commitment,0.764682,devoted,0.760274,refer,0.753743,belong,0.752656
applicable,relevant,0.843414,effective,0.829370,appropriate,0.821711,suitable,0.790769,sufficient,0.782097
considering,considers,0.926533,considered,0.896426,consider,0.882903,consideration,0.853975,deciding,0.832020
predictable,predicted,0.726940,expected,0.724051,trivial,0.717867,predicts,0.701219,ypredicted,0.696463
functional,functionality,0.868512,functionalities,0.857322,function,0.832856,functions,0.801145,efficient,0.770959
multi,multiple,0.887645,several,0.748667,many,0.744848,multilinguistic,0.735054,various,0.730268
encounter,encountered,0.792439,interacting,0.791182,interaction,0.781204,interactions,0.750731,interact,0.745623
regres,repre,0.761116,re,0.716521,tures,0.710462,reiss,0.684435,erties,0.677323
when,where,0.765015,now,0.753179,then,0.734907,time,0.733386,upcoming,0.733338
composition,composed,0.869123,consisting,0.798102,consists,0.767368,comprise,0.757573,formation,0.738378
introduced,introduces,0.893605,introduce,0.873431,introducing,0.867393,appeared,0.797918,initiated,0.796387
reasons,reason,0.870669,why,0.858364,cause,0.826286,because,0.822637,explanation,0.752894
vanbu,van,0.726788,devanbu,0.704991,bu,0.701124,commu,0.689515,von,0.662887
tributions,tribution,0.949663,tributors,0.711584,distributions,0.705511,references,0.695649,sources,0.685633
sigplan,sigchi,0.685002,lan,0.674135,sigsoft,0.666169,perl,0.649450,libcyrussasl,0.644940
tabbing,tabs,0.857843,keyboard,0.731567,multitasking,0.690898,pasting,0.687446,gui,0.671115
outlines,outlined,0.892464,boundaries,0.744851,traces,0.738910,highlighting,0.736455,lines,0.734030
practitioners,practitioner,0.920056,practices,0.803511,experts,0.779548,profes,0.760055,providers,0.735778
group,groups,0.898680,groupe,0.856613,grouped,0.843056,together,0.754911,people,0.735762
extreme,severe,0.794619,extremely,0.786559,drastic,0.774164,maximum,0.741317,max,0.724674
implications,implication,0.893112,consequence,0.849547,consequences,0.840466,effects,0.784071,affects,0.758484
gui,ui,0.799584,interface,0.742641,java,0.721527,programming,0.720905,gnome,0.710760
sdks,sdk,0.949843,software,0.756501,frameworks,0.717677,repositories,0.714578,plugins,0.707812
zoom,zooming,0.902101,expand,0.763582,explore,0.746932,lens,0.741221,tool,0.733267
known,know,0.815205,understood,0.776487,seen,0.771256,recognized,0.753101,experienced,0.751904
policy,policies,0.914745,principles,0.723543,government,0.701908,decision,0.696309,required,0.683427
fitting,fits,0.880727,fitted,0.878639,fit,0.866400,suited,0.829827,tailored,0.813621
great,excellent,0.874432,good,0.864397,greatest,0.799428,positive,0.785503,perfect,0.781200
former,previously,0.786751,past,0.782616,previous,0.779861,ex,0.745435,last,0.736463
jst,jdt,0.786986,jss,0.727772,gist,0.706243,japan,0.702625,jos,0.697810
day,days,0.868186,daily,0.865399,today,0.837243,date,0.783282,fri,0.765772
define,defines,0.964683,defined,0.951882,definition,0.947687,defining,0.902527,definitions,0.866622
including,include,0.890677,includes,0.889136,included,0.882824,involving,0.798148,providing,0.773215
nasa,space,0.791546,science,0.723873,mars,0.717040,nasacoc,0.711761,earth,0.687196
decomposing,decomposition,0.912628,decompose,0.887565,decay,0.769364,separating,0.712532,eliminating,0.709839
unique,uniquely,0.918445,uniqueness,0.896498,uncommon,0.863203,different,0.841100,distinct,0.836349
addison,tory,0.645359,wesley,0.644740,hale,0.644580,pearson,0.641911,ed,0.640073
fox,google,0.677238,series,0.672528,bear,0.663877,game,0.662129,team,0.660564
along,following,0.786122,follows,0.785861,throughout,0.764643,through,0.764077,follow,0.754980
aforementioned,additionally,0.829547,furthermore,0.806300,also,0.797840,there,0.757303,indeed,0.756034
operationalize,implement,0.743920,characterize,0.742174,operate,0.736091,analyze,0.727656,effectively,0.717268
challenges,challenge,0.887788,challenging,0.882917,threats,0.778484,problems,0.765922,difficult,0.762145
inconclusive,doubt,0.712113,contradictory,0.687386,inconsistent,0.685384,conflicting,0.673472,none,0.670235
fundamen,foundation,0.723470,foundations,0.672339,funded,0.668057,fu,0.666978,fn,0.664974
ypredicted,predicted,0.868366,prediction,0.820498,predicts,0.813510,predict,0.809770,predictive,0.807085
action,actions,0.886056,activity,0.812849,movement,0.784152,active,0.772992,actionbassharlock,0.750210
jdk,java,0.764786,sdk,0.712989,compiler,0.699138,jdt,0.698718,netbeans,0.696289
extremely,considerably,0.800463,greatly,0.796315,extreme,0.786559,utterly,0.782470,very,0.773484
user,users,0.889492,person,0.813805,author,0.780998,usage,0.760454,use,0.759502
towards,toward,0.972743,forward,0.815206,direction,0.802936,rightwards,0.778811,along,0.748897
oopsla,oopl,0.818343,lo,0.672729,los,0.668130,pl,0.649564,accidental,0.647120
foundations,foundation,0.917907,basis,0.752920,frameworks,0.727416,framework,0.708803,structures,0.693571
input,interface,0.757017,keyboard,0.744475,interaction,0.740985,entered,0.735374,output,0.733806
months,month,0.891731,monthly,0.773544,periods,0.747069,days,0.746835,seasonality,0.731739
volume,vol,0.805935,quantities,0.746292,sound,0.737991,magnitude,0.720175,density,0.715150
continue,continues,0.880324,continued,0.879492,proceed,0.831306,repeat,0.793009,extend,0.785257
study,studying,0.897741,studies,0.890923,studied,0.871911,learn,0.760633,investigate,0.758477
surgery,procedures,0.804011,procedure,0.787806,treatment,0.725842,operation,0.715190,repair,0.694138
pms,periods,0.798970,period,0.786259,pm,0.738706,am,0.682109,periodigram,0.680366
practice,practices,0.849849,perform,0.782914,try,0.776760,lessons,0.762209,improve,0.759349
possible,potentially,0.938805,plausible,0.867830,likely,0.864949,perhaps,0.858126,plausibility,0.838727
candidate,candidates,0.896320,representative,0.719223,person,0.709007,applied,0.708969,applying,0.695566
since,been,0.779492,until,0.770649,previous,0.739200,recently,0.738787,previously,0.737712
elaborate,explain,0.809028,elaborated,0.802477,describe,0.775860,explanation,0.764220,comprehend,0.762950
willing,accepting,0.805714,gladly,0.794326,desirable,0.770996,accepted,0.762171,wanted,0.761211
sepa,lda,0.650426,mea,0.646740,suppl,0.646728,lsa,0.638158,su,0.637847
deal,offer,0.812503,offered,0.794318,pacted,0.788558,offers,0.774655,accept,0.757419
protocol,protocols,0.936061,rfc,0.758581,method,0.719922,invitation,0.708681,methodology,0.703129
anansi,human,0.627152,being,0.610828,alwis,0.609128,asundi,0.607144,bear,0.604729
agement,opment,0.725797,age,0.699936,agit,0.694988,mfa,0.686680,storey,0.685302
learning,learn,0.864212,learner,0.835699,learned,0.817683,knowing,0.776409,lessons,0.770228
slowly,slow,0.871885,steadily,0.805427,carefully,0.749561,decrease,0.732000,slightly,0.719551
enhancements,enhancement,0.937598,enhanced,0.840396,improvements,0.817062,additions,0.790583,strengthens,0.756911
may,june,0.761874,wed,0.757341,october,0.727006,spring,0.704496,month,0.699916
mentioned,noted,0.846028,referenced,0.821670,noticed,0.799050,discussed,0.797711,suggests,0.775692
representation,representing,0.903198,represents,0.817082,represent,0.805485,representative,0.805144,representativeness,0.781697
college,university,0.801199,school,0.744384,degree,0.728940,semesters,0.722344,semester,0.721348
compare,comparing,0.931865,comparison,0.910667,compared,0.906362,comparable,0.873919,similarity,0.770417
like,alike,0.832388,similar,0.827763,resembles,0.803072,resemble,0.801219,similarity,0.789700
convert,transform,0.773727,translates,0.746644,migrate,0.742388,normalize,0.730154,accept,0.719438
javascript,java,0.753933,html,0.732968,scripting,0.725074,programming,0.723330,css,0.721545
feb,february,0.761475,month,0.737665,march,0.700519,nov,0.698651,months,0.687233
achieve,attains,0.842237,achieved,0.831341,improve,0.792089,become,0.779657,overcome,0.774323
hill,ground,0.690388,high,0.670091,up,0.667618,higher,0.666697,low,0.657836
excluded,exclude,0.865298,omission,0.787029,removed,0.781953,absent,0.777366,unwanted,0.757291
spaeth,elizabeth,0.577038,esting,0.576045,sulting,0.573555,cess,0.573529,addison,0.571830
analyzing,analyzes,0.944642,analyze,0.925543,analysis,0.907639,analyzed,0.902606,examining,0.819622
write,writing,0.888367,written,0.831729,create,0.748258,read,0.742586,comment,0.726993
might,potentially,0.771973,possible,0.760882,will,0.758450,likely,0.756056,perhaps,0.749526
won,did,0.811352,gained,0.810801,achieved,0.796913,dominated,0.774660,resulted,0.762216
events,event,0.845274,calendar,0.712311,sites,0.679330,upcoming,0.665274,notes,0.661653
other,others,0.926290,additional,0.837826,another,0.801039,various,0.781768,additionally,0.776985
summary,summarized,0.860245,summarizes,0.812681,conclusion,0.779226,overview,0.771459,conclusions,0.760899
benkler,foemmel,0.676897,ber,0.657318,foser,0.649685,kapser,0.638586,pinzger,0.634777
improving,improve,0.915656,improvements,0.842125,improved,0.841797,enhancement,0.762964,increasing,0.751670
enabling,enabled,0.843039,enable,0.835184,enables,0.829574,facilitates,0.812853,able,0.803553
nine,ten,0.797444,ix,0.770991,eight,0.744240,numbers,0.709879,number,0.701006
settings,setting,0.877978,setup,0.767432,set,0.759513,configure,0.740229,sets,0.732175
sum,addition,0.803464,amount,0.792414,total,0.788019,amounts,0.786009,aggregation,0.747760
states,state,0.872925,countries,0.786173,usa,0.751520,regions,0.745100,locations,0.734607
mozilla,microsoft,0.719070,google,0.708580,webkit,0.687260,yahoo,0.684455,foss,0.683872
mostly,mainly,0.939895,primarily,0.902662,generally,0.790032,most,0.778125,some,0.773812
incremental,iteratively,0.781600,iteration,0.744768,progression,0.739315,increasing,0.723215,evolving,0.711872
ii,secondly,0.906277,second,0.872255,two,0.765136,another,0.747219,third,0.711215
frequent,frequently,0.861258,prevalent,0.781997,often,0.781033,commonly,0.780208,repeatedly,0.774702
vasilescu,vladimir,0.586951,si,0.580380,ser,0.541324,val,0.538643,amor,0.537444
containing,contain,0.881425,contained,0.855636,contains,0.833527,consisting,0.810735,keeping,0.773066
centage,hundred,0.711224,rate,0.700192,conse,0.671805,measure,0.670059,portion,0.669214
singhal,singh,0.703687,nal,0.656630,vl,0.633696,sazawal,0.613135,ramil,0.612809
log,logged,0.853429,journal,0.726509,file,0.693507,record,0.690117,test,0.689807
occasion,moment,0.748204,occur,0.747158,invitation,0.744468,presents,0.744423,occurred,0.740244
packages,package,0.936872,software,0.771961,bundle,0.753314,modules,0.732485,repos,0.716288
reiss,jss,0.723792,re,0.695471,regres,0.684435,repre,0.668778,rs,0.665227
percentages,percentage,0.941960,percentile,0.756003,half,0.748093,portion,0.735762,statistics,0.730840
primary,elementary,0.746679,pp,0.719729,mains,0.704966,dominant,0.700136,traditional,0.682347
record,records,0.893130,recorded,0.751845,recording,0.718897,data,0.710784,format,0.708700
non,no,0.817216,nor,0.790592,without,0.750171,unlike,0.748418,negative,0.738564
gen,genprog,0.825036,generating,0.738207,generator,0.729457,generalized,0.718691,genetic,0.712045
conservative,tory,0.797185,statist,0.701256,ideology,0.681105,left,0.674841,bc,0.666840
var,variable,0.781137,variate,0.766514,variance,0.759570,variables,0.738428,vs,0.730106
sillito,oliveto,0.698444,tio,0.668443,sional,0.651752,si,0.648556,io,0.641619
cleveland,toronto,0.731857,chicago,0.728471,seattle,0.687090,ny,0.667608,dc,0.667363
clique,group,0.709171,network,0.706029,groups,0.705847,association,0.701886,grouped,0.684821
xii,xi,0.741580,ix,0.672985,tion,0.658932,weiss,0.653542,tween,0.649978
er,ers,0.891635,ed,0.717595,erties,0.706409,ture,0.691886,eds,0.686941
pasting,paste,0.907141,pasted,0.867303,pastes,0.859383,pastebin,0.826517,clipboard,0.789585
observations,observation,0.905233,findings,0.817122,observed,0.814644,observe,0.789061,noticed,0.753342
device,tech,0.755132,technology,0.743265,mobile,0.716333,android,0.712542,app,0.709197
val,scala,0.717631,sant,0.711203,vol,0.703368,vugt,0.699230,par,0.692469
decay,decomposition,0.775086,decompose,0.773665,decomposing,0.769364,decline,0.741257,lifespan,0.698105
descriptions,describes,0.878693,describe,0.874755,described,0.866309,description,0.829280,descriptors,0.777327
uniformity,uniformly,0.859660,uniform,0.767881,repeatability,0.729974,consistent,0.724430,variability,0.711127
setup,configure,0.800051,installed,0.777518,settings,0.767432,hosting,0.744329,prepare,0.743229
validation,validate,0.854776,validated,0.849996,validates,0.849193,validity,0.824174,valid,0.774908
without,non,0.750171,absent,0.740979,omission,0.726451,missing,0.723328,unlike,0.722015
one,ones,0.900419,once,0.801402,first,0.753861,another,0.742404,only,0.734308
zar,ner,0.715975,ger,0.712481,ber,0.708103,cor,0.704706,ar,0.701630
questionnaire,survey,0.852331,questions,0.806464,respondents,0.805686,surveys,0.796362,question,0.790570
destinations,destination,0.828873,locations,0.798576,travels,0.792507,explore,0.758582,vacations,0.754338
favoring,preference,0.781794,prefer,0.758850,desirable,0.754631,encourages,0.740476,supporting,0.739858
lightweight,weight,0.728139,small,0.722440,smaller,0.713646,minimal,0.710570,weak,0.707689
potential,promising,0.795905,potentially,0.778276,opportunity,0.773486,ability,0.769400,prospective,0.768856
studying,study,0.897741,studied,0.821659,studies,0.795252,learning,0.768741,learner,0.762756
high,higher,0.873796,highest,0.819065,highly,0.809128,up,0.755684,peak,0.732315
windows,window,0.876797,computer,0.790744,microsoft,0.787424,computers,0.753459,software,0.717142
today,daily,0.899838,day,0.837243,nowadays,0.826607,now,0.820667,currently,0.802462
osx,computer,0.676219,linux,0.675996,dx,0.669880,windows,0.665582,software,0.658342
suite,suited,0.722267,suit,0.696620,office,0.691683,set,0.690204,plan,0.681025
abigail,elizabeth,0.773186,margaret,0.730575,amor,0.686428,miss,0.682468,natalie,0.677005
dupli,duplication,0.732424,plugi,0.720823,duplications,0.720073,baldi,0.697065,duplicate,0.693892
increase,increasing,0.939628,increases,0.938394,increased,0.911210,growth,0.793058,gain,0.780422
inevitably,necessarily,0.830520,ultimately,0.819547,evidently,0.765022,obviously,0.739910,likely,0.739635
plan,planning,0.871069,planned,0.852338,prepare,0.772778,proceed,0.752491,goals,0.751216
theirs,their,0.870580,themselves,0.836996,his,0.815156,own,0.797043,whose,0.789089
interpret,interpretation,0.902681,comprehen,0.778864,translates,0.776267,analyze,0.773947,comprehend,0.773044
netbeans,java,0.770397,jdk,0.696289,intellij,0.694142,jbosstools,0.680921,apache,0.676055
period,periods,0.916437,pms,0.786259,periodigram,0.749472,periodic,0.728402,moment,0.721980
right,correct,0.885935,correctly,0.831041,exactly,0.792963,according,0.789336,precisely,0.783042
transactions,transferred,0.763421,exchanging,0.736077,deal,0.729572,investments,0.727104,paid,0.720386
answered,answer,0.901422,answers,0.884378,asked,0.856044,response,0.849467,responses,0.833315
avoiding,avoided,0.853452,avoid,0.805152,preventing,0.794110,ignoring,0.789703,ignore,0.744431
slime,decompose,0.734987,gross,0.710871,decomposing,0.701998,floss,0.692165,decomposition,0.692140
defining,defines,0.919716,defined,0.907866,define,0.902527,definitions,0.867927,definition,0.865642
dirichlet,bayesian,0.681779,bit,0.675324,point,0.674464,diction,0.670400,ditional,0.668329
profiles,characteristics,0.753761,individuals,0.741848,persons,0.739198,names,0.734202,users,0.724492
madgag,idega,0.649575,wag,0.647031,tag,0.633940,ag,0.619885,tagged,0.613231
mutant,mutants,0.919001,mutantkcommit,0.726000,genetic,0.712657,defect,0.708453,bug,0.707703
ever,every,0.818238,even,0.761904,extremely,0.748031,any,0.744617,always,0.735661
wed,june,0.758873,may,0.757341,thurs,0.755788,date,0.749577,day,0.739815
red,colors,0.791095,coloured,0.785032,orange,0.772079,green,0.759435,blue,0.728265
spent,spend,0.833122,used,0.790009,accounted,0.780381,invested,0.776998,expense,0.774996
extraction,extract,0.905455,extracting,0.904184,extracted,0.881770,removal,0.767280,processing,0.758067
suitable,appropriate,0.900278,sufficiently,0.852490,reasonably,0.846436,sufficient,0.845394,valid,0.830064
mohammad,cyrus,0.715654,john,0.712493,jesus,0.683996,ahmed,0.672111,daniel,0.668102
repos,reposi,0.886831,repositories,0.879644,repository,0.814723,github,0.738069,repro,0.732029
frequencies,frequency,0.922718,hz,0.782035,rhythms,0.772089,spectrum,0.754246,numbers,0.723342
free,freely,0.891822,libre,0.807071,available,0.756088,easy,0.739249,out,0.736092
imply,implies,0.909016,implied,0.869334,implication,0.836112,denote,0.824169,assume,0.815042
later,earlier,0.857852,subsequently,0.817788,afterwards,0.812031,after,0.800059,late,0.775555
artifact,artifacts,0.908254,nexus,0.706173,fragment,0.696534,tool,0.695421,object,0.693421
prefer,preference,0.897013,desirable,0.826132,choose,0.805935,accept,0.804846,want,0.786288
engine,machine,0.750157,auto,0.711141,generator,0.698555,parts,0.692669,engineer,0.685763
alike,similar,0.892733,similarly,0.861587,similarity,0.860586,similarities,0.857560,identically,0.851733
parnin,par,0.684585,gatein,0.663008,yahin,0.639355,tin,0.617457,per,0.613097
facilitates,facilitate,0.887335,facilitated,0.877835,encourages,0.831867,enabling,0.812853,helps,0.812238
costs,cost,0.934472,costly,0.796199,rates,0.776892,expense,0.775618,fee,0.774626
only,solely,0.776376,exclusively,0.755888,one,0.734308,just,0.728978,mainly,0.725326
list,lists,0.921329,items,0.753075,categories,0.744181,ranking,0.731084,names,0.727684
strengthens,reinforce,0.806255,strong,0.788389,enhancements,0.756911,enhancement,0.754344,increasing,0.750246
travis,travistorrent,0.722168,wesley,0.720041,morgan,0.716676,harrell,0.682329,frank,0.679182
extract,extracting,0.911138,extraction,0.905455,extracted,0.900395,obtain,0.760170,take,0.759768
beyond,further,0.815508,exceeding,0.773141,more,0.738242,through,0.737547,elsewhere,0.731957
days,day,0.868186,daily,0.768820,dates,0.758586,thurs,0.758482,today,0.747156
relating,corresponding,0.833109,referring,0.819450,involving,0.800822,relation,0.795182,belonging,0.791578
goals,goal,0.931522,motivation,0.776400,efforts,0.769317,aims,0.762764,plan,0.751216
juan,john,0.793559,je,0.715005,carlos,0.687925,amor,0.684705,spanish,0.682005
harrell,travis,0.682329,gonzalez,0.671857,morgan,0.644018,barbour,0.641368,lo,0.635474
deleted,removed,0.874491,deletes,0.824389,deleting,0.822432,delete,0.810239,remove,0.747281
aic,cc,0.692917,bic,0.683915,ac,0.680492,ai,0.650322,ci,0.633502
apprehensive,worrying,0.827274,concerned,0.807131,concerns,0.756337,threat,0.709966,threatened,0.698286
wish,want,0.829722,intends,0.781164,wanted,0.758586,will,0.754475,wonder,0.753948
earth,nature,0.815352,science,0.755011,space,0.745316,environment,0.736932,world,0.734148
carry,carrying,0.938287,carried,0.886072,handle,0.772994,bring,0.744004,hold,0.720664
table,serves,0.703258,handle,0.692733,set,0.692100,shown,0.689485,party,0.681221
advantages,benefits,0.861960,advantage,0.853766,benefit,0.803825,positives,0.785709,beneficial,0.761807
localkbranch,locally,0.767050,branching,0.686557,localized,0.686146,branch,0.678266,branches,0.667768
gregating,teresting,0.729232,gathering,0.694301,viding,0.682723,picking,0.678151,ceedings,0.676923
techniques,technique,0.942870,methods,0.820821,method,0.765964,approaches,0.764826,methodology,0.761649
repeatability,reproducibility,0.839704,accuracy,0.808487,precision,0.789206,variability,0.782617,consistent,0.741300
pl,cl,0.794827,ple,0.759010,vl,0.746384,ld,0.735507,wl,0.728452
complex,complexity,0.825017,sophisticated,0.776238,extensive,0.727233,derived,0.709908,much,0.709120
otherwise,thus,0.806609,however,0.792542,accordingly,0.783960,though,0.783931,nonetheless,0.779260
index,main,0.702559,start,0.694501,links,0.689017,page,0.667997,media,0.666505
sept,august,0.738059,friday,0.710088,october,0.699987,month,0.697717,fall,0.692852
icsm,icse,0.699883,ic,0.673364,asm,0.670757,scm,0.670130,cbm,0.660070
usually,typically,0.935441,often,0.850077,commonly,0.848558,generally,0.843774,sometimes,0.814527
moddamage,mod,0.818764,modification,0.683943,exploit,0.658152,modify,0.656514,modified,0.655740
isese,es,0.716633,se,0.715280,nies,0.703998,suse,0.697703,ues,0.695003
lens,zoom,0.741221,focus,0.712525,tool,0.706709,focusing,0.703333,filter,0.693757
keys,key,0.812966,keyboard,0.809199,keywords,0.703421,ty,0.700915,items,0.695442
eight,viii,0.767538,six,0.753968,nine,0.744240,ten,0.728657,five,0.726846
cvs,cvsanaly,0.741669,floss,0.644373,medi,0.642573,generic,0.640145,orange,0.627995
cases,case,0.889728,series,0.708172,proceedings,0.707390,evidences,0.703862,situations,0.703010
feeds,feed,0.941446,follow,0.730532,updates,0.708430,forage,0.706239,follows,0.704924
critique,feedback,0.792365,review,0.748526,evaluating,0.713798,comment,0.712647,comprehen,0.711635
foemmel,benkler,0.676897,fp,0.610771,seipel,0.609953,monden,0.601348,wermelinger,0.601230
surveys,survey,0.924130,surveyed,0.845822,questionnaire,0.796362,respondents,0.781117,studies,0.748237
resulting,resulted,0.905275,outcome,0.836103,result,0.814589,outcomes,0.777558,consisting,0.760927
senthil,sentmani,0.763010,sentation,0.607343,murugesan,0.600667,ramil,0.584654,given,0.577052
comments,comment,0.886310,commented,0.881932,responses,0.787538,feedback,0.757845,discussion,0.738392
month,months,0.891731,monthly,0.824780,october,0.744320,feb,0.737665,quarterly,0.736533
investigate,investigates,0.912436,investigating,0.910641,examine,0.888395,investigated,0.879043,investigation,0.875976
roy,terry,0.701287,ray,0.693622,adrian,0.672313,ramil,0.671301,damian,0.670436
obtain,obtaining,0.922367,obtained,0.882622,obtainers,0.854516,get,0.831283,want,0.785074
anticipate,predict,0.834714,expect,0.827435,prediction,0.793401,predicting,0.788195,predictive,0.783989
probability,chance,0.819674,likelihood,0.789495,suppose,0.722962,random,0.711400,bayesian,0.705730
bull,bear,0.744003,ball,0.657287,bold,0.656191,db,0.646434,big,0.644241
upcoming,coming,0.798319,future,0.767345,currently,0.741419,when,0.733338,available,0.728555
compa,commu,0.783119,compre,0.760395,communi,0.711081,com,0.698594,cor,0.678706
tainers,teers,0.731622,taining,0.722045,humans,0.627458,tant,0.624125,gineering,0.622237
timespans,timespan,0.952768,time,0.734995,timestamp,0.718107,times,0.704908,interval,0.695737
gather,gathered,0.910509,gathering,0.897592,combine,0.819301,collaborate,0.783292,prepare,0.764599
pragmatic,practical,0.739738,manner,0.728954,practition,0.728855,indicative,0.714462,clarity,0.703056
policies,policy,0.914745,privacy,0.734433,principles,0.730434,settings,0.722816,guarantee,0.711583
www,web,0.820918,websites,0.790847,link,0.769727,html,0.752108,online,0.717537
product,company,0.795701,item,0.758070,releases,0.749111,package,0.747789,software,0.741063
minor,small,0.783701,little,0.782517,minimum,0.763071,min,0.756017,minimal,0.752050
reused,reusing,0.891100,reuse,0.882156,duplicated,0.783692,repeated,0.782816,copied,0.781404
access,accessed,0.835259,open,0.749707,pass,0.748756,opens,0.725453,use,0.723772
addresses,address,0.905320,mails,0.773097,addressed,0.766692,locations,0.763375,coordinates,0.744193
android,app,0.808872,mobile,0.786221,java,0.732945,software,0.713347,device,0.712542
saturates,increased,0.707061,full,0.703639,overflow,0.695097,ample,0.689097,surpasses,0.678216
ceedings,ceived,0.755484,teresting,0.732761,ce,0.730886,including,0.722339,accepting,0.719915
follow,following,0.927809,followed,0.914188,follows,0.905109,next,0.771034,feed,0.766120
affects,affect,0.933080,effects,0.931236,effect,0.879269,impacts,0.859620,impact,0.801936
observed,observation,0.865766,observe,0.842964,observations,0.814644,noticed,0.792785,conducted,0.775317
exploration,exploring,0.913855,exploratory,0.860939,explored,0.852658,explore,0.816430,discovery,0.753845
view,views,0.742947,see,0.717193,show,0.709814,showing,0.705340,latest,0.698377
pullkrequest,pull,0.759609,request,0.734028,requests,0.719675,api,0.660588,forkedkrepository,0.660020
directory,directories,0.887469,locations,0.735016,folder,0.724841,address,0.717975,list,0.716193
perhaps,potentially,0.901041,possible,0.858126,likely,0.842218,sometimes,0.787104,certainly,0.765920
handle,handles,0.909684,handling,0.852361,hand,0.793653,carry,0.772994,bring,0.758296
york,toronto,0.719678,ny,0.681305,cleveland,0.653889,seattle,0.651730,kingston,0.646390
technical,tech,0.796367,engineers,0.751121,engineering,0.746956,technology,0.745002,scientific,0.743547
gender,age,0.720362,human,0.718710,body,0.718061,society,0.699419,type,0.695782
rwiki,wikis,0.814801,references,0.649795,documentation,0.648987,re,0.647732,rd,0.647237
responses,response,0.907842,answers,0.852745,answered,0.833315,respondent,0.812871,answer,0.799225
defines,define,0.964683,defined,0.956347,definition,0.923494,defining,0.919716,definitions,0.911736
fee,rate,0.810877,cost,0.778369,costs,0.774626,expense,0.767392,rates,0.754778
schmid,krieger,0.635175,von,0.626816,stl,0.615631,od,0.612610,de,0.611985
level,levels,0.924630,leveling,0.822629,tier,0.738853,depth,0.736706,stages,0.732919
dabbish,dourish,0.678617,hash,0.669029,fuzzy,0.646380,dip,0.628282,slime,0.623041
capra,capiluppi,0.655179,romera,0.640849,amc,0.629512,ca,0.628661,val,0.621662
irregularities,inaccuracies,0.784005,erroneous,0.746089,uneven,0.734838,inconsistent,0.731899,deviation,0.723724
wang,cheng,0.714172,schwarz,0.705991,ming,0.701889,chan,0.679408,han,0.667335
arguments,argument,0.943213,argue,0.866621,against,0.730593,con,0.730253,discussion,0.729541
ratios,ratio,0.933233,proportion,0.766992,amounts,0.728437,quantities,0.727886,numbers,0.722283
amounts,amount,0.943904,quantities,0.894827,sum,0.786009,portion,0.783415,addition,0.745960
experiment,experiments,0.934168,experimental,0.866142,testing,0.739970,science,0.739196,test,0.731425
proceedings,documents,0.775324,abstract,0.739715,presentation,0.731230,symposium,0.726703,resolves,0.723661
broken,fix,0.760825,defective,0.753613,repair,0.750517,unable,0.749463,weak,0.744596
instruct,facilitate,0.789303,demonstrate,0.768479,learn,0.762083,implement,0.760996,understand,0.751928
clustering,clusters,0.846733,cluster,0.838912,clustered,0.773614,categorization,0.735707,modelclusterer,0.722454
search,archive,0.670271,media,0.625072,calendar,0.622360,start,0.621056,notes,0.619353
active,actively,0.926613,teractive,0.802635,activity,0.802431,inactive,0.781908,action,0.772992
tal,tial,0.740426,ta,0.737551,pl,0.716459,li,0.705178,al,0.702408
trends,trend,0.914505,insights,0.721570,recently,0.718050,nowadays,0.714025,recent,0.700956
presentation,presented,0.836592,show,0.788814,demonstrates,0.783334,showing,0.773366,demonstrate,0.757308
volunteers,volunteer,0.875573,participants,0.747642,participating,0.737827,contributing,0.727988,participation,0.717358
sazawal,nal,0.621895,singhal,0.613135,eral,0.589708,barzilay,0.572964,cyrussasl,0.570340
identical,identically,0.951683,alike,0.850673,same,0.809484,similar,0.807968,interchangeably,0.807041
memory,forgetting,0.782254,data,0.691599,learning,0.691345,matter,0.677801,knowledge,0.677386
decline,decrease,0.765967,decreases,0.754356,decay,0.741257,reject,0.724283,failure,0.722229
easysslsocketfactory,connectsocket,0.725560,fakesocketfactory,0.639089,setup,0.630676,socket,0.625492,softw,0.610190
toomim,too,0.736458,tosem,0.723912,im,0.700481,lm,0.678179,ment,0.669387
arrow,watson,0.683880,click,0.668223,ranged,0.667405,zoom,0.662529,tool,0.660942
calibrate,calculate,0.725450,determine,0.719224,quantify,0.715948,evaluate,0.713403,accuracy,0.707612
harrison,brant,0.679132,shah,0.658023,kingston,0.655039,cyrus,0.649856,wang,0.649752
lectures,proceedings,0.722749,course,0.703275,professor,0.702747,exhibits,0.696658,classes,0.694625
item,items,0.852592,object,0.759531,product,0.758070,objects,0.728166,topic,0.727088
randomized,random,0.758709,randomly,0.730432,tested,0.699051,normalized,0.696448,stochastic,0.686408
parts,part,0.837713,components,0.813630,things,0.764965,items,0.735245,objects,0.729996
maintain,maintaining,0.933357,keep,0.841294,maintenance,0.818786,manage,0.806969,keeping,0.805712
duplications,duplication,0.968571,duplicates,0.899829,duplicated,0.865649,duplicate,0.840180,copies,0.790192
threats,threat,0.918103,threatened,0.846301,concerns,0.784006,challenges,0.778484,worrying,0.737861
periodigram,period,0.749472,periods,0.689926,pms,0.680366,periodic,0.667115,medi,0.634002
never,no,0.734012,false,0.726750,wrong,0.714356,avoid,0.699104,impossible,0.695972
those,these,0.837540,they,0.801958,them,0.794569,there,0.792556,their,0.775782
extension,extensions,0.922947,extended,0.807537,extent,0.799621,longer,0.728772,extend,0.720780
exter,exper,0.793553,ex,0.739928,xphere,0.675165,wermelinger,0.655365,implemen,0.654021
ugly,bad,0.766615,worst,0.759665,gross,0.745950,unwanted,0.736268,appearance,0.734577
